count_read_event,count_write_event,count_sensitive_file_access_fails,count_socket_connect_event_successfully,count_socket_connect_event_fails,count_socket_create_event,count_file_modification_event_successfully,count_file_modification_event_fails,count_file_creation_event,count_link_event,count_symlink_event,count_dir_creation_event,count_dir_remove_event,count_mknod_create_event,count_rename_event,count_auth_event_successfully,count_auth_event_fails,count_passwd_change_event_successfully,count_passwd_change_event_fails,count_user_change_event_successfully,count_user_change_event_fails,count_do_not_update_atime,count_was_modified_time_changed,count_owner_changed,count_group_changed,count_suid_set,count_suid_cleared,count_sgid_set,count_sgid_cleared,count_sticky_set,count_sticky_cleared,count_user_write_added,count_user_write_removed,count_user_read_added,count_user_read_removed,count_user_exec_added,count_user_exec_removed,count_group_write_added,count_group_write_removed,count_group_exec_added,count_group_exec_removed,count_world_write_been_added,count_world_read_been_added,count_world_exec_been_added,count_external_ip,is_priviliged_port,count_sensitive_file,count_is_linked_to_sensitive_file,count_linked_file_SGID_or_SUID,count_atime_flag_been_set,count_modified_time_been_changed,is_current_dir_world_writable,is_target_dir_world_writable,is_in_memory_path,is_cross_user_link,is_dev_backdoor,is_fake_device,risk_score,argv_has_network,argv_is_ip,argv_has_encoding,argv_is_net_tool,argv_is_sudo,argv_entropy,label,chain_00,chain_0000,chain_apt,chain_architectures,chain_bash,chain_bin,chain_config,chain_devices,chain_dpkg,chain_foreign,chain_gpghome,chain_kernel,chain_key,chain_keyring,chain_pci0000,chain_print,chain_shell,chain_sys,chain_tmp,chain_usr
87,1,3,541,0,550,24,0,8,12,2,15,14,0,0,0,0,0,0,0,0,15,8,0,0,0,0,0,0,0,0,2,22,2,22,2,6,0,12,1,4,0,1,1,0,6,620,0,0,0,0,0,0,0,0,1,0,8.222819307282053,0.0,0.0,0.0,0.0,0.0,3.2789647192315785,benign,0.6317579128332094,0.1891464843059572,0.00831165202959892,0.0,0.25497458228379505,0.18145974950693736,0.008379786408950755,0.36953768039246376,0.0017004817274702288,0.0,0.0,0.15131718744476577,0.0,0.0,0.15131718744476577,0.0,0.0,0.5325676248560762,0.002321629325903489,0.03221999468932566
106,2,0,1,0,4,5,0,1,0,0,0,2,0,0,0,0,0,0,0,0,0,3,2,6,0,0,0,0,0,0,0,4,0,4,0,0,0,0,0,0,0,0,0,0,1,7,0,0,0,0,0,0,0,0,0,0,4.397776944765114,,,,,,,benign,0.0,0.0,0.0,0.0,0.0,0.0,0.0,0.0,0.0,0.0,0.0,0.0,0.0,0.0,0.0,0.0,0.0,0.0,0.0,0.0
4,0,0,0,0,0,0,0,0,0,0,0,0,0,0,0,0,0,0,0,0,0,0,0,0,0,0,0,0,0,0,0,0,0,0,0,0,0,0,0,0,0,0,0,0,0,0,0,0,0,0,0,0,0,0,0,0,0.0392207131532812,,,,,,,benign,0.0,0.0,0.0,0.0,0.0,0.0,0.0,0.0,0.0,0.0,0.0,0.0,0.0,0.0,0.0,0.0,0.0,0.0,0.0,0.0
2,0,0,0,0,0,0,0,0,0,0,0,0,0,0,0,0,0,0,0,0,0,0,0,0,0,0,0,0,0,0,0,0,0,0,0,0,0,0,0,0,0,0,0,0,0,0,0,0,0,0,0,0,0,0,0,0,0.0198026272961797,,,,,,,benign,0.0,0.0,0.0,0.0,0.0,0.0,0.0,0.0,0.0,0.0,0.0,0.0,0.0,0.0,0.0,0.0,0.0,0.0,0.0,0.0
51,1,0,0,0,0,0,0,0,0,0,0,0,0,0,0,0,0,0,0,0,0,0,0,0,0,0,0,0,0,0,0,0,0,0,0,0,0,0,0,0,0,0,0,0,0,0,0,0,0,0,0,0,0,0,0,0,0.4317824164255378,,,,,,,benign,0.0,0.0,0.0,0.0,0.0,0.0,0.0,0.0,0.0,0.0,0.0,0.0,0.0,0.0,0.0,0.0,0.0,0.0,0.0,0.0
0,0,0,0,0,2,0,0,0,0,0,0,0,0,0,0,0,0,0,0,0,0,0,0,0,0,0,0,0,0,0,0,0,0,0,0,0,0,0,0,0,0,0,0,0,0,1,0,0,0,0,0,0,0,0,0,0,2.1161510336594027,0.0,0.0,0.0,0.0,0.0,2.5982657036259327,benign,0.0,0.0,0.0,0.0,0.7984491479660817,0.6020622543493638,0.0,0.0,0.0,0.0,0.0,0.0,0.0,0.0,0.0,0.0,0.0,0.0,0.0,0.0
0,0,0,0,0,0,0,0,0,0,0,0,0,0,0,0,0,0,0,0,0,0,0,0,0,0,0,0,0,0,0,0,0,0,0,0,0,0,0,0,0,0,0,0,0,0,0,0,0,0,0,0,0,0,0,0,0,0.0,,,,,,,benign,0.0,0.0,0.0,0.0,1.0,0.0,0.0,0.0,0.0,0.0,0.0,0.0,0.0,0.0,0.0,0.0,0.0,0.0,0.0,0.0
0,0,0,2,0,2,0,0,0,0,0,0,0,0,0,0,0,0,0,0,0,0,0,0,0,0,0,0,0,0,0,0,0,0,0,0,0,0,0,0,0,0,0,0,0,2,2,0,0,0,0,0,0,0,0,0,0,3.2359635476370268,0.0,0.0,0.0,0.0,0.0,2.861727652146944,benign,0.0,0.0,0.0,0.0,0.7984491479660817,0.6020622543493638,0.0,0.0,0.0,0.0,0.0,0.0,0.0,0.0,0.0,0.0,0.0,0.0,0.0,0.0
0,0,0,2,0,2,0,0,0,0,0,0,0,0,0,0,0,0,0,0,0,0,0,0,0,0,0,0,0,0,0,0,0,0,0,0,0,0,0,0,0,0,0,0,0,2,2,0,0,0,0,0,0,0,0,0,0,3.2340571000396543,0.0,0.0,0.0,0.0,0.0,2.7648548045108248,benign,0.0,0.0,0.0,0.0,0.7984491479660817,0.6020622543493638,0.0,0.0,0.0,0.0,0.0,0.0,0.0,0.0,0.0,0.0,0.0,0.0,0.0,0.0
0,0,0,2,0,2,0,0,0,0,0,0,0,0,0,0,0,0,0,0,0,0,0,0,0,0,0,0,0,0,0,0,0,0,0,0,0,0,0,0,0,0,0,0,0,2,2,0,0,0,0,0,0,0,0,0,0,3.2379292933819928,0.0,0.0,0.0,0.0,0.0,2.9618072101164894,benign,0.0,0.0,0.0,0.0,0.7984491479660817,0.6020622543493638,0.0,0.0,0.0,0.0,0.0,0.0,0.0,0.0,0.0,0.0,0.0,0.0,0.0,0.0
0,0,0,2,0,2,0,0,0,0,0,0,0,0,0,0,0,0,0,0,0,0,0,0,0,0,0,0,0,0,0,0,0,0,0,0,0,0,0,0,0,0,0,0,0,2,1,0,0,0,0,0,0,0,0,0,0,3.055825119909083,0.0,0.0,0.0,0.0,0.0,2.4774055510121467,benign,0.0,0.0,0.0,0.0,0.7984491479660817,0.6020622543493638,0.0,0.0,0.0,0.0,0.0,0.0,0.0,0.0,0.0,0.0,0.0,0.0,0.0,0.0
0,0,0,0,0,0,0,0,0,0,0,0,1,0,0,0,0,0,0,0,0,0,0,0,0,0,0,0,0,0,0,0,0,0,0,0,0,0,0,0,0,0,0,0,0,0,0,0,0,0,0,0,0,0,0,0,0,0.048790164169432,,,,,,,benign,0.0,0.0,0.0,0.0,0.0,0.0,0.0,0.0,0.0,0.0,0.0,0.0,0.0,0.0,0.0,0.0,0.0,0.0,0.0,0.0
0,0,0,2,0,2,0,0,0,0,0,0,0,0,0,0,0,0,0,0,0,0,0,0,0,0,0,0,0,0,0,0,0,0,0,0,0,0,0,0,0,0,0,0,0,2,2,0,0,0,0,0,0,0,0,0,0,3.221254694053457,0.0,0.0,0.0,0.0,0.0,2.1190850469784714,benign,0.0,0.0,0.0,0.0,0.7984491479660817,0.6020622543493638,0.0,0.0,0.0,0.0,0.0,0.0,0.0,0.0,0.0,0.0,0.0,0.0,0.0,0.0
0,0,0,2,0,2,0,0,0,0,0,0,0,0,0,0,0,0,0,0,0,0,0,0,0,0,0,0,0,0,0,0,0,0,0,0,0,0,0,0,0,0,0,0,0,2,1,0,0,0,0,0,0,0,0,0,0,3.055505106786769,0.0,0.0,0.0,0.0,0.0,2.463814398623497,benign,0.0,0.0,0.0,0.0,0.7984491479660817,0.6020622543493638,0.0,0.0,0.0,0.0,0.0,0.0,0.0,0.0,0.0,0.0,0.0,0.0,0.0,0.0
0,0,0,2,0,3,0,0,0,0,0,0,0,0,0,0,0,0,0,0,0,0,0,0,0,0,0,0,0,0,0,0,0,0,0,0,0,0,0,0,0,0,0,0,0,2,2,0,0,0,0,0,0,0,0,0,0,3.2663700844185137,0.0,0.0,0.0,0.0,0.0,2.4320090718903087,benign,0.0,0.0,0.0,0.0,0.7984491479660817,0.6020622543493638,0.0,0.0,0.0,0.0,0.0,0.0,0.0,0.0,0.0,0.0,0.0,0.0,0.0,0.0
0,0,0,2,0,2,0,0,0,0,0,0,0,0,0,0,0,0,0,0,0,0,0,0,0,0,0,0,0,0,0,0,0,0,0,0,0,0,0,0,0,0,0,0,0,2,2,0,0,0,0,0,0,0,0,0,0,3.216304567244948,0.0,0.0,0.0,0.0,0.0,1.871602261409798,benign,0.0,0.0,0.0,0.0,0.7984491479660817,0.6020622543493638,0.0,0.0,0.0,0.0,0.0,0.0,0.0,0.0,0.0,0.0,0.0,0.0,0.0,0.0
2,0,0,4,0,4,0,0,0,0,0,0,0,0,0,0,0,0,0,0,0,0,0,0,0,0,0,0,0,0,0,0,0,0,0,0,0,0,0,0,0,0,0,0,0,4,1,0,0,0,0,0,0,0,0,0,0,3.375067831438304,0.0,0.0,0.0,0.0,0.0,2.412532347341446,benign,0.0,0.0,0.0,0.0,0.7984491479660817,0.6020622543493638,0.0,0.0,0.0,0.0,0.0,0.0,0.0,0.0,0.0,0.0,0.0,0.0,0.0,0.0
0,0,0,2,0,2,0,0,0,0,0,0,0,0,0,0,0,0,0,0,0,0,0,0,0,0,0,0,0,0,0,0,0,0,0,0,0,0,0,0,0,0,0,0,0,2,2,0,0,0,0,0,0,0,0,0,0,3.224541425352061,0.0,0.0,0.0,0.0,0.0,2.284084017565329,benign,0.0,0.0,0.0,0.0,0.7984491479660817,0.6020622543493638,0.0,0.0,0.0,0.0,0.0,0.0,0.0,0.0,0.0,0.0,0.0,0.0,0.0,0.0
0,0,0,2,0,2,0,0,0,0,0,0,0,0,0,0,0,0,0,0,0,0,0,0,0,0,0,0,0,0,0,0,0,0,0,0,0,0,0,0,0,0,0,0,0,2,2,0,0,0,0,0,0,0,0,0,0,3.233818440307301,0.0,0.0,0.0,0.0,0.0,2.7527407234793992,benign,0.0,0.0,0.0,0.0,0.7984491479660817,0.6020622543493638,0.0,0.0,0.0,0.0,0.0,0.0,0.0,0.0,0.0,0.0,0.0,0.0,0.0,0.0
1,0,0,2,0,2,1,0,0,0,0,0,0,0,0,0,0,0,0,0,0,0,0,0,0,0,0,0,0,0,0,0,1,0,1,0,0,0,1,0,0,0,0,0,0,2,2,0,0,0,0,0,0,0,0,1,0,3.6570972784778633,0.0,0.0,0.0,0.0,0.0,2.4774055510121467,benign,0.0,0.0,0.0,0.0,0.7984491479660817,0.6020622543493638,0.0,0.0,0.0,0.0,0.0,0.0,0.0,0.0,0.0,0.0,0.0,0.0,0.0,0.0
0,0,0,0,0,0,0,0,0,0,0,2,0,0,0,0,0,0,0,0,0,0,0,0,0,0,0,0,0,0,0,0,0,0,0,0,0,0,0,0,0,0,0,0,0,0,1,0,0,0,0,0,0,0,0,0,0,1.823343125420513,0.0,0.0,0.0,0.0,0.0,2.3450525501511783,benign,0.0,0.0,0.0,0.0,0.0,0.0,0.0,0.0,0.0,0.0,0.0,0.0,0.0,0.0,0.0,0.0,0.0,0.0,0.0,0.0
0,0,0,0,0,0,0,0,0,0,0,0,0,0,0,0,0,0,0,0,0,0,0,0,0,0,0,0,0,0,0,0,0,0,0,0,0,0,0,0,0,0,0,0,0,0,0,0,0,0,0,0,0,0,0,0,0,0.0,,,,,,,benign,0.0,0.0,0.0,0.0,0.0,0.0,0.0,0.0,0.0,0.0,0.0,0.0,0.0,0.0,0.0,0.0,0.0,0.0,0.0,0.0
1,0,0,0,0,0,0,0,0,0,0,0,0,0,0,0,0,0,0,0,0,0,0,0,0,0,0,0,0,0,0,0,0,0,0,0,0,0,0,0,0,0,0,0,0,0,0,0,0,0,0,0,0,0,0,0,0,0.009950330853168,,,,,,,benign,0.0,0.0,0.0,0.0,0.0,0.0,0.0,0.0,0.0,0.0,0.0,0.0,0.0,0.0,0.0,0.0,0.0,0.0,0.0,0.0
0,0,0,2,0,2,0,0,0,0,0,0,0,0,0,0,0,0,0,0,0,0,0,0,0,0,0,0,0,0,0,0,0,0,0,0,0,0,0,0,0,0,0,0,0,2,2,0,0,0,0,0,0,0,0,0,0,3.228163971481857,0.0,0.0,0.0,0.0,0.0,2.46657076528238,benign,0.0,0.0,0.0,0.0,0.7984491479660817,0.6020622543493638,0.0,0.0,0.0,0.0,0.0,0.0,0.0,0.0,0.0,0.0,0.0,0.0,0.0,0.0
0,0,0,2,0,2,0,0,0,0,0,0,0,0,0,0,0,0,0,0,0,0,0,0,0,0,0,0,0,0,0,0,0,0,0,0,0,0,0,0,0,0,0,0,0,2,2,0,0,0,0,0,0,0,0,0,0,3.227761156726606,0.0,0.0,0.0,0.0,0.0,2.4462461797274915,benign,0.0,0.0,0.0,0.0,0.5193502743602245,0.3916106589565302,0.7595501196850618,0.0,0.0,0.0,0.0,0.0,0.0,0.0,0.0,0.0,0.0,0.0,0.0,0.0
0,0,0,2,0,2,0,0,0,0,0,0,0,0,0,0,0,0,0,0,0,0,0,0,0,0,0,0,0,0,0,0,0,0,0,0,0,0,0,0,0,0,0,0,0,2,2,0,0,0,0,0,0,0,0,0,0,3.2373511486811286,0.0,0.0,0.0,0.0,0.0,2.932352426715399,benign,0.0,0.0,0.0,0.0,0.7984491479660817,0.6020622543493638,0.0,0.0,0.0,0.0,0.0,0.0,0.0,0.0,0.0,0.0,0.0,0.0,0.0,0.0
0,0,0,2,0,2,0,0,0,0,0,0,0,0,0,0,0,0,0,0,0,0,0,0,0,0,0,0,0,0,0,0,0,0,0,0,0,0,0,0,0,0,0,0,0,2,2,0,0,0,0,0,0,0,0,0,0,3.2215400225660225,0.0,0.0,0.0,0.0,0.0,2.133387491316597,benign,0.0,0.0,0.0,0.0,0.7984491479660817,0.6020622543493638,0.0,0.0,0.0,0.0,0.0,0.0,0.0,0.0,0.0,0.0,0.0,0.0,0.0,0.0
0,0,0,2,0,2,0,0,0,0,0,0,0,0,0,0,0,0,0,0,0,0,0,0,0,0,0,0,0,0,0,0,0,0,0,0,0,0,0,0,0,0,0,0,0,2,2,0,0,0,0,0,0,0,0,0,0,3.215851397655844,0.0,0.0,0.0,0.0,0.0,1.8490070880144411,benign,0.0,0.0,0.0,0.0,0.7984491479660817,0.6020622543493638,0.0,0.0,0.0,0.0,0.0,0.0,0.0,0.0,0.0,0.0,0.0,0.0,0.0,0.0
2,0,0,4,0,4,0,0,0,0,0,0,0,0,0,0,0,0,0,0,0,0,0,0,0,0,0,0,0,0,0,0,0,0,0,0,0,0,0,0,0,0,0,0,0,2,2,0,0,0,0,0,0,0,0,0,0,3.3804648883092554,0.0,0.0,0.0,0.0,0.0,2.728856831455938,benign,0.0,0.0,0.0,0.0,0.7984491479660817,0.6020622543493638,0.0,0.0,0.0,0.0,0.0,0.0,0.0,0.0,0.0,0.0,0.0,0.0,0.0,0.0
0,0,0,0,0,0,0,0,0,0,0,0,0,0,0,0,0,0,0,0,0,0,0,0,0,0,0,0,0,0,0,0,0,0,0,0,0,0,0,0,0,0,0,0,0,0,1,0,0,0,0,0,0,0,0,0,0,1.8001879351926722,0.0,0.0,0.0,0.0,0.0,2.1015690258342747,benign,0.0,0.0,0.0,0.0,0.0,0.0,0.0,0.0,0.0,0.0,0.0,0.0,0.0,0.0,0.0,0.0,0.0,0.0,0.0,0.0
2,0,0,2,0,2,0,0,0,0,0,0,0,0,0,0,0,0,0,0,0,0,0,0,0,0,0,0,0,0,0,0,0,0,0,0,0,0,0,0,0,0,0,0,0,2,0,0,0,0,0,0,0,0,0,0,0,2.773837941640213,,,,,,,benign,0.0,0.0,0.0,0.0,0.0,0.0,0.0,0.0,0.0,0.0,0.0,0.0,0.0,0.0,0.0,0.0,0.0,0.0,0.0,0.0
0,0,0,2,0,2,0,0,0,0,0,0,0,0,0,0,0,0,0,0,0,0,0,0,0,0,0,0,0,0,0,0,0,0,0,0,0,0,0,0,0,0,0,0,0,2,2,0,0,0,0,0,0,0,0,0,0,3.233616309128968,0.0,0.0,0.0,0.0,0.0,2.74248304892619,benign,0.0,0.0,0.0,0.0,0.7984491479660817,0.6020622543493638,0.0,0.0,0.0,0.0,0.0,0.0,0.0,0.0,0.0,0.0,0.0,0.0,0.0,0.0
0,0,0,2,0,2,0,0,0,0,0,0,0,0,0,0,0,0,0,0,0,0,0,0,0,0,0,0,0,0,0,0,0,0,0,0,0,0,0,0,0,0,0,0,0,2,2,0,0,0,0,0,0,0,0,0,0,3.230576373701744,0.0,0.0,0.0,0.0,0.0,2.588463400543831,benign,0.0,0.0,0.0,0.0,0.7984491479660817,0.6020622543493638,0.0,0.0,0.0,0.0,0.0,0.0,0.0,0.0,0.0,0.0,0.0,0.0,0.0,0.0
0,0,0,2,0,2,0,0,0,0,0,0,0,0,0,0,0,0,0,0,0,0,0,0,0,0,0,0,0,0,0,0,0,0,0,0,0,0,0,0,0,0,0,0,0,2,2,0,0,0,0,0,0,0,0,0,0,3.2246912861148727,0.0,0.0,0.0,0.0,0.0,2.291620193427939,benign,0.0,0.0,0.0,0.0,0.7984491479660817,0.6020622543493638,0.0,0.0,0.0,0.0,0.0,0.0,0.0,0.0,0.0,0.0,0.0,0.0,0.0,0.0
0,0,0,2,0,2,0,0,1,0,0,0,0,0,0,0,0,0,0,0,0,0,0,0,0,0,0,0,0,0,0,0,0,0,0,0,0,0,0,0,0,0,0,0,0,2,4,0,0,0,0,0,0,0,0,0,0,3.5082041512583264,0.0,0.0,0.0,0.0,0.0,2.6765073172176934,benign,0.0,0.0,0.0,0.0,0.5526377991125979,0.8334215397936292,0.0,0.0,0.0,0.0,0.0,0.0,0.0,0.0,0.0,0.0,0.0,0.0,0.0,0.0
0,0,0,0,0,0,0,0,1,0,0,0,0,0,0,0,0,0,0,0,0,0,0,0,0,0,0,0,0,0,0,0,0,0,0,0,0,0,0,0,0,0,0,0,0,0,2,0,0,0,0,0,0,0,0,0,0,2.3274687740268183,0.0,0.0,0.0,0.0,0.0,2.403917277291339,benign,0.0,0.0,0.0,0.0,0.0,1.0,0.0,0.0,0.0,0.0,0.0,0.0,0.0,0.0,0.0,0.0,0.0,0.0,0.0,0.0
0,0,0,0,0,0,0,0,0,0,0,0,0,0,0,0,0,0,0,0,0,0,0,0,0,0,0,0,0,0,0,0,0,0,0,0,0,0,0,0,0,0,0,0,0,0,1,0,0,0,0,0,0,0,0,0,0,1.7817061829263552,0.0,0.0,0.0,0.0,0.0,1.879964948727111,benign,0.0,0.0,0.0,0.0,0.0,0.0,0.0,0.0,0.0,0.0,0.0,0.0,0.0,0.0,0.0,0.0,0.0,0.0,0.0,0.0
0,0,0,2,0,2,0,0,0,0,0,0,0,0,0,0,0,0,0,0,0,0,0,0,0,0,0,0,0,0,0,0,0,0,0,0,0,0,0,0,0,0,0,0,0,2,1,0,0,0,0,0,0,0,0,0,0,3.0610906074986937,0.0,0.0,0.0,0.0,0.0,2.701659688341386,benign,0.0,0.0,0.0,0.0,0.7984491479660817,0.6020622543493638,0.0,0.0,0.0,0.0,0.0,0.0,0.0,0.0,0.0,0.0,0.0,0.0,0.0,0.0
0,1,0,0,0,0,3,0,1,0,0,0,2,0,0,0,0,0,0,0,0,0,1,0,4,0,0,0,0,0,0,0,2,0,2,0,0,0,0,0,0,0,0,0,0,0,0,0,0,0,0,0,0,0,0,0,0,2.4997952622817508,,,,,,,benign,0.0,0.0,0.0,0.0,0.0,0.0,0.0,0.0,0.0,0.0,0.0,0.0,0.0,0.0,0.0,0.0,0.0,0.0,0.0,0.0
0,0,0,2,0,2,0,0,0,0,0,0,0,0,0,0,0,0,0,0,0,0,0,0,0,0,0,0,0,0,0,0,0,0,0,0,0,0,0,0,0,0,0,0,0,2,1,0,0,0,0,0,0,0,0,0,0,3.0598684018224835,0.0,0.0,0.0,0.0,0.0,2.6495013580831617,benign,0.0,0.0,0.0,0.0,0.7984491479660817,0.6020622543493638,0.0,0.0,0.0,0.0,0.0,0.0,0.0,0.0,0.0,0.0,0.0,0.0,0.0,0.0
1,0,0,2,0,2,1,0,0,0,0,0,0,0,0,0,0,0,0,0,0,0,0,0,0,0,0,0,0,0,0,0,1,0,1,0,0,0,1,0,0,0,0,0,0,2,2,0,0,0,0,0,0,0,0,1,0,3.658929970720169,0.0,0.0,0.0,0.0,0.0,2.6195646721337056,benign,0.0,0.0,0.9181050870928623,0.0,0.31645497167202946,0.23861957161612463,0.0,0.0,0.0,0.0,0.0,0.0,0.0,0.0,0.0,0.0,0.0,0.0,0.0,0.0
1,0,0,0,0,0,1,0,0,0,0,0,0,0,0,0,0,0,0,0,0,0,0,0,0,0,0,0,0,0,0,0,1,0,1,0,0,0,1,0,0,0,0,0,0,0,1,0,0,0,0,0,0,0,0,1,0,2.9763039828850744,0.0,0.0,0.0,0.0,0.0,2.210368890194565,benign,0.0,0.0,1.0,0.0,0.0,0.0,0.0,0.0,0.0,0.0,0.0,0.0,0.0,0.0,0.0,0.0,0.0,0.0,0.0,0.0
5,0,4,58,0,28,56,0,57,0,0,8,8,0,0,0,0,0,0,0,0,5,8,44,16,0,0,0,0,0,0,0,28,0,28,0,4,0,0,0,2,0,8,0,24,26,114,0,0,0,0,1,0,0,0,0,0,6.817924973141169,0.0,0.0,0.0,0.0,0.0,3.41257442940132,benign,0.0,0.0,0.5825489010076002,0.014726849889162303,0.0,0.04634909239652984,0.08989657934971074,0.0,0.014593927156231788,0.014726849889162303,0.24993053017958822,0.0,0.3032261156964227,0.3638758943517581,0.0,0.014726849889162303,0.09203899792811057,0.0,0.557893262904706,0.2073895802028367
0,0,0,0,0,0,0,0,0,0,0,0,0,0,0,0,0,0,0,0,0,0,0,0,0,0,0,0,0,0,0,0,0,0,0,0,0,0,0,0,0,0,0,0,0,0,1,0,0,0,0,0,0,0,0,0,0,1.868058222419032,0.0,0.0,0.0,0.0,0.0,2.9514195898955555,benign,0.0,0.0,0.0,0.4360358749709731,0.0,0.27446286489419697,0.0,0.0,0.4321002688778097,0.4360358749709731,0.0,0.0,0.0,0.0,0.0,0.4360358749709731,0.0,0.0,0.0,0.409362480748649
0,0,0,0,0,0,0,0,0,0,0,0,0,0,0,0,0,0,0,0,0,0,0,0,0,0,0,0,0,0,0,0,0,0,0,0,0,0,0,0,0,0,0,0,0,0,1,0,0,0,0,0,0,0,0,0,0,1.854262555220856,0.0,0.0,0.0,0.0,0.0,2.773972927341982,benign,0.0,0.0,0.6519893681076924,0.0,0.0,0.0,0.0,0.0,0.0,0.0,0.0,0.0,0.0,0.0,0.0,0.0,0.0,0.0,0.0,0.7582281080746955
0,0,0,26,0,11,0,0,0,0,0,0,0,0,0,0,0,0,0,0,0,0,0,0,0,0,0,0,0,0,0,0,0,0,0,0,0,0,0,0,0,0,0,0,12,26,1,0,0,0,0,0,0,0,0,0,0,4.790711441183116,0.0,0.0,0.0,0.0,0.0,2.773972927341982,benign,0.0,0.0,0.6519893681076924,0.0,0.0,0.0,0.0,0.0,0.0,0.0,0.0,0.0,0.0,0.0,0.0,0.0,0.0,0.0,0.0,0.7582281080746955
0,0,0,26,0,11,0,0,0,0,0,0,0,0,0,0,0,0,0,0,0,0,0,0,0,0,0,0,0,0,0,0,0,0,0,0,0,0,0,0,0,0,0,0,12,26,1,0,0,0,0,0,0,0,0,0,0,4.790711441183116,0.0,0.0,0.0,0.0,0.0,2.773972927341982,benign,0.0,0.0,0.6519893681076924,0.0,0.0,0.0,0.0,0.0,0.0,0.0,0.0,0.0,0.0,0.0,0.0,0.0,0.0,0.0,0.0,0.7582281080746955
0,0,0,0,0,0,0,0,0,0,0,0,0,0,0,0,0,0,0,0,0,0,0,0,0,0,0,0,0,0,0,0,0,0,0,0,0,0,0,0,0,0,0,0,0,0,1,0,0,0,0,0,0,0,0,0,0,1.8634303062418824,0.0,0.0,0.0,0.0,0.0,2.891619986165511,benign,0.0,0.0,0.6519893681076924,0.0,0.0,0.0,0.0,0.0,0.0,0.0,0.0,0.0,0.0,0.0,0.0,0.0,0.0,0.0,0.0,0.7582281080746955
4,0,4,2,0,2,16,0,32,0,0,8,8,0,0,0,0,0,0,0,0,4,8,16,16,0,0,0,0,0,0,0,8,0,8,0,0,0,0,0,0,0,0,0,0,2,65,0,0,0,0,1,0,0,0,0,0,6.023026892408021,0.0,0.0,0.0,0.0,0.0,3.41257442940132,benign,0.0,0.0,0.5598612216302596,0.015076346440881294,0.0,0.047449045753140955,0.09202999856227281,0.0,0.014940269195128694,0.015076346440881294,0.25586186370471276,0.0,0.3104222562576865,0.37251137113645677,0.0,0.015076346440881294,0.09422326086564607,0.0,0.5711331460487543,0.19815724594006198
1,0,1,0,0,0,2,0,2,0,0,2,2,0,0,0,0,0,0,0,0,1,0,2,2,0,0,0,0,0,0,0,0,0,0,0,0,0,0,0,0,0,0,0,0,0,16,0,0,0,0,1,0,0,0,0,0,4.614408141381532,0.0,0.0,0.0,0.0,0.0,3.3961514003245497,benign,0.0,0.0,0.6677818795251821,0.0393902637015944,0.0,0.04958841804104854,0.24044856796308628,0.0,0.039034732033825945,0.0393902637015944,0.2056908522648246,0.0,0.40552313455989447,0.2433169269233408,0.0,0.0393902637015944,0.24617894705960092,0.0,0.373052670947156,0.1479226549173421
0,0,0,0,0,0,0,0,0,0,0,0,0,0,0,0,0,0,0,0,0,0,0,0,0,0,0,0,0,0,0,0,0,0,0,0,0,0,0,0,0,0,0,0,0,0,0,0,0,0,0,0,0,0,0,0,0,0.0,,,,,,,benign,0.0,0.0,0.6852892846163351,0.0,0.0,0.0,0.0,0.0,0.0,0.0,0.0,0.0,0.7282709635774528,0.0,0.0,0.0,0.0,0.0,0.0,0.0
0,0,0,0,0,0,0,0,0,0,0,0,0,0,0,0,0,0,0,0,0,0,0,0,0,0,0,0,0,0,0,0,0,0,0,0,0,0,0,0,0,0,0,0,0,0,2,0,0,0,0,0,0,0,0,0,0,2.3621914259952668,0.0,0.0,0.0,0.0,0.0,3.228372376129276,benign,0.0,0.0,0.4729268509901567,0.29291224635472674,0.0,0.1843736694886972,0.35760273507381457,0.0,0.2902684565023606,0.29291224635472674,0.0,0.0,0.25129452714635514,0.0,0.0,0.29291224635472674,0.36612513658064344,0.0,0.0,0.27499407891016436
0,0,0,0,0,0,0,0,0,0,0,0,0,0,0,0,0,0,0,0,0,0,0,0,0,0,0,0,0,0,0,0,0,0,0,0,0,0,0,0,0,0,0,0,0,0,1,0,0,0,0,0,0,0,0,0,0,1.868058222419032,0.0,0.0,0.0,0.0,0.0,2.9514195898955555,benign,0.0,0.0,0.0,0.4360358749709731,0.0,0.27446286489419697,0.0,0.0,0.4321002688778097,0.4360358749709731,0.0,0.0,0.0,0.0,0.0,0.4360358749709731,0.0,0.0,0.0,0.409362480748649
0,0,0,0,0,0,0,0,0,0,0,0,0,0,0,0,0,0,0,0,0,0,0,0,0,0,0,0,0,0,0,0,0,0,0,0,0,0,0,0,0,0,0,0,0,0,2,0,0,0,0,0,0,0,0,0,0,2.363799501265868,0.0,0.0,0.0,0.0,0.0,3.2625366587893625,benign,0.0,0.0,0.4729268509901567,0.29291224635472674,0.0,0.1843736694886972,0.35760273507381457,0.0,0.2902684565023606,0.29291224635472674,0.0,0.0,0.25129452714635514,0.0,0.0,0.29291224635472674,0.36612513658064344,0.0,0.0,0.27499407891016436
0,0,0,0,0,0,0,0,0,0,0,0,0,0,0,0,0,0,0,0,0,0,0,0,0,0,0,0,0,0,0,0,0,0,0,0,0,0,0,0,0,0,0,0,0,0,1,0,0,0,0,0,0,0,0,0,0,1.868058222419032,0.0,0.0,0.0,0.0,0.0,2.9514195898955555,benign,0.0,0.0,0.0,0.4360358749709731,0.0,0.27446286489419697,0.0,0.0,0.4321002688778097,0.4360358749709731,0.0,0.0,0.0,0.0,0.0,0.4360358749709731,0.0,0.0,0.0,0.409362480748649
0,0,0,0,0,0,0,0,0,0,0,0,0,0,0,0,0,0,0,0,0,0,0,0,0,0,0,0,0,0,0,0,0,0,0,0,0,0,0,0,0,0,0,0,0,0,2,0,0,0,0,0,0,0,0,0,0,2.3617765258995345,0.0,0.0,0.0,0.0,0.0,3.219566549293704,benign,0.0,0.0,0.4729268509901567,0.29291224635472674,0.0,0.1843736694886972,0.35760273507381457,0.0,0.2902684565023606,0.29291224635472674,0.0,0.0,0.25129452714635514,0.0,0.0,0.29291224635472674,0.36612513658064344,0.0,0.0,0.27499407891016436
0,0,0,0,0,0,0,0,0,0,0,0,0,0,0,0,0,0,0,0,0,0,0,0,0,0,0,0,0,0,0,0,0,0,0,0,0,0,0,0,0,0,0,0,0,0,1,0,0,0,0,0,0,0,0,0,0,1.868058222419032,0.0,0.0,0.0,0.0,0.0,2.9514195898955555,benign,0.0,0.0,0.0,0.4360358749709731,0.0,0.27446286489419697,0.0,0.0,0.4321002688778097,0.4360358749709731,0.0,0.0,0.0,0.0,0.0,0.4360358749709731,0.0,0.0,0.0,0.409362480748649
0,0,0,0,0,0,0,0,0,0,0,0,0,0,0,0,0,0,0,0,0,0,0,0,0,0,0,0,0,0,0,0,0,0,0,0,0,0,0,0,0,0,0,0,0,0,2,0,0,0,0,0,0,0,0,0,0,2.36502700653444,0.0,0.0,0.0,0.0,0.0,3.288652559985165,benign,0.0,0.0,0.4729268509901567,0.29291224635472674,0.0,0.1843736694886972,0.35760273507381457,0.0,0.2902684565023606,0.29291224635472674,0.0,0.0,0.25129452714635514,0.0,0.0,0.29291224635472674,0.36612513658064344,0.0,0.0,0.27499407891016436
0,0,0,0,0,0,0,0,0,0,0,0,0,0,0,0,0,0,0,0,0,0,0,0,0,0,0,0,0,0,0,0,0,0,0,0,0,0,0,0,0,0,0,0,0,0,1,0,0,0,0,0,0,0,0,0,0,1.868058222419032,0.0,0.0,0.0,0.0,0.0,2.9514195898955555,benign,0.0,0.0,0.0,0.4360358749709731,0.0,0.27446286489419697,0.0,0.0,0.4321002688778097,0.4360358749709731,0.0,0.0,0.0,0.0,0.0,0.4360358749709731,0.0,0.0,0.0,0.409362480748649
0,0,0,0,0,0,0,0,0,0,0,0,0,0,0,0,0,0,0,0,0,0,0,0,0,0,0,0,0,0,0,0,0,0,0,0,0,0,0,0,0,0,0,0,0,0,0,0,0,0,0,0,0,0,0,0,0,0.0,,,,,,,benign,0.0,0.0,0.6852892846163351,0.0,0.0,0.0,0.0,0.0,0.0,0.0,0.0,0.0,0.7282709635774528,0.0,0.0,0.0,0.0,0.0,0.0,0.0
1,0,1,0,0,0,0,0,0,0,0,0,0,0,0,0,0,0,0,0,0,1,0,0,0,0,0,0,0,0,0,0,0,0,0,0,0,0,0,0,0,0,0,0,0,0,3,0,0,0,0,0,0,0,0,0,0,3.283653869699834,0.0,0.0,0.0,0.0,0.0,3.326109460381478,benign,0.0,0.0,0.5852900540376956,0.24167038960087733,0.0,0.1521194729547634,0.2950439709610779,0.0,0.23948910243519697,0.24167038960087733,0.0,0.0,0.41466648824563823,0.0,0.0,0.24167038960087733,0.30207546970557275,0.0,0.0,0.22688681342353648
0,0,0,0,0,0,0,0,0,0,0,0,0,0,0,0,0,0,0,0,0,0,0,0,0,0,0,0,0,0,0,0,0,0,0,0,0,0,0,0,0,0,0,0,0,0,1,0,0,0,0,0,0,0,0,0,0,1.868058222419032,0.0,0.0,0.0,0.0,0.0,2.9514195898955555,benign,0.0,0.0,0.0,0.4360358749709731,0.0,0.27446286489419697,0.0,0.0,0.4321002688778097,0.4360358749709731,0.0,0.0,0.0,0.0,0.0,0.4360358749709731,0.0,0.0,0.0,0.409362480748649
0,0,0,0,0,0,0,0,0,0,0,0,0,0,0,0,0,0,0,0,0,0,0,0,0,0,0,0,0,0,0,0,0,0,0,0,0,0,0,0,0,0,0,0,0,0,1,0,0,0,0,0,0,0,0,0,0,1.852240816467405,0.0,0.0,0.0,0.0,0.0,2.7481733799993955,benign,0.0,0.0,0.0,0.0,0.0,0.0,0.0,0.0,0.0,0.0,0.0,0.0,0.0,0.0,0.0,0.0,0.0,0.0,0.0,0.0
0,0,0,0,0,0,0,0,0,0,0,0,0,0,0,0,0,0,0,0,0,0,0,0,0,0,0,0,0,0,0,0,0,0,0,0,0,0,0,0,0,0,0,0,0,0,0,0,0,0,0,0,0,0,0,0,0,0.0,,,,,,,benign,0.0,0.0,0.6852892846163351,0.0,0.0,0.0,0.0,0.0,0.0,0.0,0.0,0.0,0.7282709635774528,0.0,0.0,0.0,0.0,0.0,0.0,0.0
0,0,0,0,0,0,0,0,0,0,0,2,0,0,0,0,0,0,0,0,0,0,0,0,0,0,0,0,0,0,0,0,0,0,0,0,0,0,0,0,0,0,0,0,0,0,1,0,0,0,0,1,0,0,0,0,0,2.001260071631328,0.0,0.0,0.0,0.0,0.0,2.7567454149350623,benign,0.0,0.0,0.4591011770279272,0.0,0.0,0.0,0.0,0.0,0.0,0.0,0.7424172550780652,0.0,0.48789622730035814,0.0,0.0,0.0,0.0,0.0,0.0,0.0
0,0,0,0,0,0,2,0,0,0,0,0,0,0,0,0,0,0,0,0,0,0,0,2,2,0,0,0,0,0,0,0,0,0,0,0,0,0,0,0,0,0,0,0,0,0,1,0,0,0,0,0,0,0,0,0,0,3.023034974275593,0.0,0.0,0.0,0.0,0.0,3.1071533924469854,benign,0.0,0.0,0.3638607948619326,0.0,0.0,0.0,0.0,0.0,0.0,0.0,0.588403049412105,0.0,0.38668232180299444,0.0,0.0,0.0,0.0,0.0,0.6098064901343901,0.0
0,0,0,0,0,0,0,0,0,0,0,0,0,0,0,0,0,0,0,0,0,0,0,0,0,0,0,0,0,0,0,0,0,0,0,0,0,0,0,0,0,0,0,0,0,0,0,0,0,0,0,0,0,0,0,0,0,0.0,,,,,,,benign,0.0,0.0,0.6852892846163351,0.0,0.0,0.0,0.0,0.0,0.0,0.0,0.0,0.0,0.7282709635774528,0.0,0.0,0.0,0.0,0.0,0.0,0.0
0,0,0,0,0,0,0,0,0,0,0,0,0,0,0,0,0,0,0,0,0,0,0,0,0,0,0,0,0,0,0,0,0,0,0,0,0,0,0,0,0,0,0,0,0,0,0,0,0,0,0,0,0,0,0,0,0,0.0,,,,,,,benign,0.0,0.0,0.6852892846163351,0.0,0.0,0.0,0.0,0.0,0.0,0.0,0.0,0.0,0.7282709635774528,0.0,0.0,0.0,0.0,0.0,0.0,0.0
0,0,0,0,0,0,0,0,0,0,0,0,0,0,0,0,0,0,0,0,0,0,0,0,0,0,0,0,0,0,0,0,0,0,0,0,0,0,0,0,0,0,0,0,0,0,1,0,0,0,0,0,0,0,0,0,0,1.8090776073913948,0.0,0.0,0.0,0.0,0.0,2.209627598587938,benign,0.0,0.0,0.0,0.0,0.0,0.0,0.0,0.0,0.0,0.0,0.0,0.0,0.0,0.0,0.0,0.0,0.0,0.0,0.0,0.0
0,0,0,0,0,0,0,0,0,0,0,0,0,0,0,0,0,0,0,0,0,0,0,0,0,0,0,0,0,0,0,0,0,0,0,0,0,0,0,0,0,0,0,0,0,0,0,0,0,0,0,0,0,0,0,0,0,0.0,,,,,,,benign,0.0,0.0,0.6852892846163351,0.0,0.0,0.0,0.0,0.0,0.0,0.0,0.0,0.0,0.7282709635774528,0.0,0.0,0.0,0.0,0.0,0.0,0.0
0,0,0,0,0,0,0,0,0,0,0,0,0,0,0,0,0,0,0,0,0,0,0,0,0,0,0,0,0,0,0,0,0,0,0,0,0,0,0,0,0,0,0,0,0,0,0,0,0,0,0,0,0,0,0,0,0,0.0,,,,,,,benign,0.0,0.0,0.6852892846163351,0.0,0.0,0.0,0.0,0.0,0.0,0.0,0.0,0.0,0.7282709635774528,0.0,0.0,0.0,0.0,0.0,0.0,0.0
0,0,0,0,0,0,0,0,0,0,0,0,0,0,0,0,0,0,0,0,0,0,0,0,0,0,0,0,0,0,0,0,0,0,0,0,0,0,0,0,0,0,0,0,0,0,1,0,0,0,0,0,0,0,0,0,0,1.8090776073913948,0.0,0.0,0.0,0.0,0.0,2.209627598587938,benign,0.0,0.0,0.0,0.0,0.0,0.0,0.0,0.0,0.0,0.0,0.0,0.0,0.0,0.0,0.0,0.0,0.0,0.0,0.0,0.0
0,0,0,0,0,0,0,0,0,0,0,0,0,0,0,0,0,0,0,0,0,0,0,0,0,0,0,0,0,0,0,0,0,0,0,0,0,0,0,0,0,0,0,0,0,0,0,0,0,0,0,0,0,0,0,0,0,0.0,,,,,,,benign,0.0,0.0,0.6852892846163351,0.0,0.0,0.0,0.0,0.0,0.0,0.0,0.0,0.0,0.7282709635774528,0.0,0.0,0.0,0.0,0.0,0.0,0.0
0,0,0,0,0,0,0,0,0,0,0,0,0,0,0,0,0,0,0,0,0,0,0,0,0,0,0,0,0,0,0,0,0,0,0,0,0,0,0,0,0,0,0,0,0,0,0,0,0,0,0,0,0,0,0,0,0,0.0,,,,,,,benign,0.0,0.0,0.6852892846163351,0.0,0.0,0.0,0.0,0.0,0.0,0.0,0.0,0.0,0.7282709635774528,0.0,0.0,0.0,0.0,0.0,0.0,0.0
0,0,0,0,0,0,0,0,0,0,0,0,0,0,0,0,0,0,0,0,0,0,0,0,0,0,0,0,0,0,0,0,0,0,0,0,0,0,0,0,0,0,0,0,0,0,1,0,0,0,0,0,0,0,0,0,0,1.9018202762135328,0.0,0.0,0.0,0.0,0.0,3.3961514003245497,benign,0.0,0.0,0.4082002741031692,0.0,0.0,0.0,0.0,0.0,0.0,0.0,0.22003495974726708,0.0,0.14460093161976614,0.5205698710653032,0.0,0.0,0.0,0.0,0.6841165081201007,0.1582382252884094
0,0,0,0,0,0,0,0,0,0,0,0,2,0,0,0,0,0,0,0,0,0,0,0,0,0,0,0,0,0,0,0,0,0,0,0,0,0,0,0,0,0,0,0,0,0,1,0,0,0,0,0,0,0,0,0,0,1.8898828679074384,0.0,0.0,0.0,0.0,0.0,3.037186771889768,benign,0.0,0.0,0.3638607948619326,0.0,0.0,0.0,0.0,0.0,0.0,0.0,0.588403049412105,0.0,0.38668232180299444,0.0,0.0,0.0,0.0,0.0,0.6098064901343901,0.0
1,0,1,0,0,0,2,0,2,0,0,2,2,0,0,0,0,0,0,0,0,1,0,2,2,0,0,0,0,0,0,0,0,0,0,0,0,0,0,0,0,0,0,0,0,0,16,0,0,0,0,1,0,0,0,0,0,4.614294358029605,0.0,0.0,0.0,0.0,0.0,3.3731848374422,benign,0.0,0.0,0.6677818795251821,0.0393902637015944,0.0,0.04958841804104854,0.24044856796308628,0.0,0.039034732033825945,0.0393902637015944,0.2056908522648246,0.0,0.40552313455989447,0.2433169269233408,0.0,0.0393902637015944,0.24617894705960092,0.0,0.373052670947156,0.1479226549173421
0,0,0,0,0,0,0,0,0,0,0,0,0,0,0,0,0,0,0,0,0,0,0,0,0,0,0,0,0,0,0,0,0,0,0,0,0,0,0,0,0,0,0,0,0,0,0,0,0,0,0,0,0,0,0,0,0,0.0,,,,,,,benign,0.0,0.0,0.6852892846163351,0.0,0.0,0.0,0.0,0.0,0.0,0.0,0.0,0.0,0.7282709635774528,0.0,0.0,0.0,0.0,0.0,0.0,0.0
0,0,0,0,0,0,0,0,0,0,0,0,0,0,0,0,0,0,0,0,0,0,0,0,0,0,0,0,0,0,0,0,0,0,0,0,0,0,0,0,0,0,0,0,0,0,2,0,0,0,0,0,0,0,0,0,0,2.3621914259952668,0.0,0.0,0.0,0.0,0.0,3.228372376129276,benign,0.0,0.0,0.4729268509901567,0.29291224635472674,0.0,0.1843736694886972,0.35760273507381457,0.0,0.2902684565023606,0.29291224635472674,0.0,0.0,0.25129452714635514,0.0,0.0,0.29291224635472674,0.36612513658064344,0.0,0.0,0.27499407891016436
0,0,0,0,0,0,0,0,0,0,0,0,0,0,0,0,0,0,0,0,0,0,0,0,0,0,0,0,0,0,0,0,0,0,0,0,0,0,0,0,0,0,0,0,0,0,1,0,0,0,0,0,0,0,0,0,0,1.868058222419032,0.0,0.0,0.0,0.0,0.0,2.9514195898955555,benign,0.0,0.0,0.0,0.4360358749709731,0.0,0.27446286489419697,0.0,0.0,0.4321002688778097,0.4360358749709731,0.0,0.0,0.0,0.0,0.0,0.4360358749709731,0.0,0.0,0.0,0.409362480748649
0,0,0,0,0,0,0,0,0,0,0,0,0,0,0,0,0,0,0,0,0,0,0,0,0,0,0,0,0,0,0,0,0,0,0,0,0,0,0,0,0,0,0,0,0,0,2,0,0,0,0,0,0,0,0,0,0,2.363799501265868,0.0,0.0,0.0,0.0,0.0,3.2625366587893625,benign,0.0,0.0,0.4729268509901567,0.29291224635472674,0.0,0.1843736694886972,0.35760273507381457,0.0,0.2902684565023606,0.29291224635472674,0.0,0.0,0.25129452714635514,0.0,0.0,0.29291224635472674,0.36612513658064344,0.0,0.0,0.27499407891016436
0,0,0,0,0,0,0,0,0,0,0,0,0,0,0,0,0,0,0,0,0,0,0,0,0,0,0,0,0,0,0,0,0,0,0,0,0,0,0,0,0,0,0,0,0,0,1,0,0,0,0,0,0,0,0,0,0,1.868058222419032,0.0,0.0,0.0,0.0,0.0,2.9514195898955555,benign,0.0,0.0,0.0,0.4360358749709731,0.0,0.27446286489419697,0.0,0.0,0.4321002688778097,0.4360358749709731,0.0,0.0,0.0,0.0,0.0,0.4360358749709731,0.0,0.0,0.0,0.409362480748649
1,0,1,0,0,0,0,0,0,0,0,0,0,0,0,0,0,0,0,0,0,1,0,0,0,0,0,0,0,0,0,0,0,0,0,0,0,0,0,0,0,0,0,0,0,0,3,0,0,0,0,0,0,0,0,0,0,3.2816546714855463,0.0,0.0,0.0,0.0,0.0,3.219566549293704,benign,0.0,0.0,0.4729268509901567,0.29291224635472674,0.0,0.1843736694886972,0.35760273507381457,0.0,0.2902684565023606,0.29291224635472674,0.0,0.0,0.25129452714635514,0.0,0.0,0.29291224635472674,0.36612513658064344,0.0,0.0,0.27499407891016436
0,0,0,0,0,0,0,0,0,0,0,0,0,0,0,0,0,0,0,0,0,0,0,0,0,0,0,0,0,0,0,0,0,0,0,0,0,0,0,0,0,0,0,0,0,0,1,0,0,0,0,0,0,0,0,0,0,1.868058222419032,0.0,0.0,0.0,0.0,0.0,2.9514195898955555,benign,0.0,0.0,0.0,0.4360358749709731,0.0,0.27446286489419697,0.0,0.0,0.4321002688778097,0.4360358749709731,0.0,0.0,0.0,0.0,0.0,0.4360358749709731,0.0,0.0,0.0,0.409362480748649
0,0,0,0,0,0,0,0,0,0,0,0,0,0,0,0,0,0,0,0,0,0,0,0,0,0,0,0,0,0,0,0,0,0,0,0,0,0,0,0,0,0,0,0,0,0,2,0,0,0,0,0,0,0,0,0,0,2.36502700653444,0.0,0.0,0.0,0.0,0.0,3.288652559985165,benign,0.0,0.0,0.4729268509901567,0.29291224635472674,0.0,0.1843736694886972,0.35760273507381457,0.0,0.2902684565023606,0.29291224635472674,0.0,0.0,0.25129452714635514,0.0,0.0,0.29291224635472674,0.36612513658064344,0.0,0.0,0.27499407891016436
0,0,0,0,0,0,0,0,0,0,0,0,0,0,0,0,0,0,0,0,0,0,0,0,0,0,0,0,0,0,0,0,0,0,0,0,0,0,0,0,0,0,0,0,0,0,1,0,0,0,0,0,0,0,0,0,0,1.868058222419032,0.0,0.0,0.0,0.0,0.0,2.9514195898955555,benign,0.0,0.0,0.0,0.4360358749709731,0.0,0.27446286489419697,0.0,0.0,0.4321002688778097,0.4360358749709731,0.0,0.0,0.0,0.0,0.0,0.4360358749709731,0.0,0.0,0.0,0.409362480748649
0,0,0,0,0,0,0,0,0,0,0,0,0,0,0,0,0,0,0,0,0,0,0,0,0,0,0,0,0,0,0,0,0,0,0,0,0,0,0,0,0,0,0,0,0,0,0,0,0,0,0,0,0,0,0,0,0,0.0,,,,,,,benign,0.0,0.0,0.6852892846163351,0.0,0.0,0.0,0.0,0.0,0.0,0.0,0.0,0.0,0.7282709635774528,0.0,0.0,0.0,0.0,0.0,0.0,0.0
0,0,0,0,0,0,0,0,0,0,0,0,0,0,0,0,0,0,0,0,0,0,0,0,0,0,0,0,0,0,0,0,0,0,0,0,0,0,0,0,0,0,0,0,0,0,2,0,0,0,0,0,0,0,0,0,0,2.3667849377426244,0.0,0.0,0.0,0.0,0.0,3.326109460381478,benign,0.0,0.0,0.5852900540376956,0.24167038960087733,0.0,0.1521194729547634,0.2950439709610779,0.0,0.23948910243519697,0.24167038960087733,0.0,0.0,0.41466648824563823,0.0,0.0,0.24167038960087733,0.30207546970557275,0.0,0.0,0.22688681342353648
0,0,0,0,0,0,0,0,0,0,0,0,0,0,0,0,0,0,0,0,0,0,0,0,0,0,0,0,0,0,0,0,0,0,0,0,0,0,0,0,0,0,0,0,0,0,1,0,0,0,0,0,0,0,0,0,0,1.868058222419032,0.0,0.0,0.0,0.0,0.0,2.9514195898955555,benign,0.0,0.0,0.0,0.4360358749709731,0.0,0.27446286489419697,0.0,0.0,0.4321002688778097,0.4360358749709731,0.0,0.0,0.0,0.0,0.0,0.4360358749709731,0.0,0.0,0.0,0.409362480748649
0,0,0,0,0,0,0,0,0,0,0,0,0,0,0,0,0,0,0,0,0,0,0,0,0,0,0,0,0,0,0,0,0,0,0,0,0,0,0,0,0,0,0,0,0,0,1,0,0,0,0,0,0,0,0,0,0,1.852240816467405,0.0,0.0,0.0,0.0,0.0,2.7481733799993955,benign,0.0,0.0,0.0,0.0,0.0,0.0,0.0,0.0,0.0,0.0,0.0,0.0,0.0,0.0,0.0,0.0,0.0,0.0,0.0,0.0
0,0,0,0,0,0,0,0,0,0,0,0,0,0,0,0,0,0,0,0,0,0,0,0,0,0,0,0,0,0,0,0,0,0,0,0,0,0,0,0,0,0,0,0,0,0,0,0,0,0,0,0,0,0,0,0,0,0.0,,,,,,,benign,0.0,0.0,0.6852892846163351,0.0,0.0,0.0,0.0,0.0,0.0,0.0,0.0,0.0,0.7282709635774528,0.0,0.0,0.0,0.0,0.0,0.0,0.0
0,0,0,0,0,0,0,0,0,0,0,2,0,0,0,0,0,0,0,0,0,0,0,0,0,0,0,0,0,0,0,0,0,0,0,0,0,0,0,0,0,0,0,0,0,0,1,0,0,0,0,1,0,0,0,0,0,2.001260071631328,0.0,0.0,0.0,0.0,0.0,2.7567454149350623,benign,0.0,0.0,0.4591011770279272,0.0,0.0,0.0,0.0,0.0,0.0,0.0,0.7424172550780652,0.0,0.48789622730035814,0.0,0.0,0.0,0.0,0.0,0.0,0.0
0,0,0,0,0,0,2,0,0,0,0,0,0,0,0,0,0,0,0,0,0,0,0,2,2,0,0,0,0,0,0,0,0,0,0,0,0,0,0,0,0,0,0,0,0,0,1,0,0,0,0,0,0,0,0,0,0,3.0224486176738647,0.0,0.0,0.0,0.0,0.0,3.083057006904817,benign,0.0,0.0,0.3638607948619326,0.0,0.0,0.0,0.0,0.0,0.0,0.0,0.588403049412105,0.0,0.38668232180299444,0.0,0.0,0.0,0.0,0.0,0.6098064901343901,0.0
0,0,0,0,0,0,0,0,0,0,0,0,0,0,0,0,0,0,0,0,0,0,0,0,0,0,0,0,0,0,0,0,0,0,0,0,0,0,0,0,0,0,0,0,0,0,0,0,0,0,0,0,0,0,0,0,0,0.0,,,,,,,benign,0.0,0.0,0.6852892846163351,0.0,0.0,0.0,0.0,0.0,0.0,0.0,0.0,0.0,0.7282709635774528,0.0,0.0,0.0,0.0,0.0,0.0,0.0
0,0,0,0,0,0,0,0,0,0,0,0,0,0,0,0,0,0,0,0,0,0,0,0,0,0,0,0,0,0,0,0,0,0,0,0,0,0,0,0,0,0,0,0,0,0,0,0,0,0,0,0,0,0,0,0,0,0.0,,,,,,,benign,0.0,0.0,0.6852892846163351,0.0,0.0,0.0,0.0,0.0,0.0,0.0,0.0,0.0,0.7282709635774528,0.0,0.0,0.0,0.0,0.0,0.0,0.0
0,0,0,0,0,0,0,0,0,0,0,0,0,0,0,0,0,0,0,0,0,0,0,0,0,0,0,0,0,0,0,0,0,0,0,0,0,0,0,0,0,0,0,0,0,0,1,0,0,0,0,0,0,0,0,0,0,1.8090776073913948,0.0,0.0,0.0,0.0,0.0,2.209627598587938,benign,0.0,0.0,0.0,0.0,0.0,0.0,0.0,0.0,0.0,0.0,0.0,0.0,0.0,0.0,0.0,0.0,0.0,0.0,0.0,0.0
0,0,0,0,0,0,0,0,0,0,0,0,0,0,0,0,0,0,0,0,0,0,0,0,0,0,0,0,0,0,0,0,0,0,0,0,0,0,0,0,0,0,0,0,0,0,0,0,0,0,0,0,0,0,0,0,0,0.0,,,,,,,benign,0.0,0.0,0.6852892846163351,0.0,0.0,0.0,0.0,0.0,0.0,0.0,0.0,0.0,0.7282709635774528,0.0,0.0,0.0,0.0,0.0,0.0,0.0
0,0,0,0,0,0,0,0,0,0,0,0,0,0,0,0,0,0,0,0,0,0,0,0,0,0,0,0,0,0,0,0,0,0,0,0,0,0,0,0,0,0,0,0,0,0,0,0,0,0,0,0,0,0,0,0,0,0.0,,,,,,,benign,0.0,0.0,0.6852892846163351,0.0,0.0,0.0,0.0,0.0,0.0,0.0,0.0,0.0,0.7282709635774528,0.0,0.0,0.0,0.0,0.0,0.0,0.0
0,0,0,0,0,0,0,0,0,0,0,0,0,0,0,0,0,0,0,0,0,0,0,0,0,0,0,0,0,0,0,0,0,0,0,0,0,0,0,0,0,0,0,0,0,0,1,0,0,0,0,0,0,0,0,0,0,1.8090776073913948,0.0,0.0,0.0,0.0,0.0,2.209627598587938,benign,0.0,0.0,0.0,0.0,0.0,0.0,0.0,0.0,0.0,0.0,0.0,0.0,0.0,0.0,0.0,0.0,0.0,0.0,0.0,0.0
0,0,0,0,0,0,0,0,0,0,0,0,0,0,0,0,0,0,0,0,0,0,0,0,0,0,0,0,0,0,0,0,0,0,0,0,0,0,0,0,0,0,0,0,0,0,0,0,0,0,0,0,0,0,0,0,0,0.0,,,,,,,benign,0.0,0.0,0.6852892846163351,0.0,0.0,0.0,0.0,0.0,0.0,0.0,0.0,0.0,0.7282709635774528,0.0,0.0,0.0,0.0,0.0,0.0,0.0
0,0,0,0,0,0,0,0,0,0,0,0,0,0,0,0,0,0,0,0,0,0,0,0,0,0,0,0,0,0,0,0,0,0,0,0,0,0,0,0,0,0,0,0,0,0,0,0,0,0,0,0,0,0,0,0,0,0.0,,,,,,,benign,0.0,0.0,0.6852892846163351,0.0,0.0,0.0,0.0,0.0,0.0,0.0,0.0,0.0,0.7282709635774528,0.0,0.0,0.0,0.0,0.0,0.0,0.0
0,0,0,0,0,0,0,0,0,0,0,0,0,0,0,0,0,0,0,0,0,0,0,0,0,0,0,0,0,0,0,0,0,0,0,0,0,0,0,0,0,0,0,0,0,0,1,0,0,0,0,0,0,0,0,0,0,1.9001043899238368,0.0,0.0,0.0,0.0,0.0,3.3731848374422,benign,0.0,0.0,0.4082002741031692,0.0,0.0,0.0,0.0,0.0,0.0,0.0,0.22003495974726708,0.0,0.14460093161976614,0.5205698710653032,0.0,0.0,0.0,0.0,0.6841165081201007,0.1582382252884094
0,0,0,0,0,0,0,0,0,0,0,0,2,0,0,0,0,0,0,0,0,0,0,0,0,0,0,0,0,0,0,0,0,0,0,0,0,0,0,0,0,0,0,0,0,0,1,0,0,0,0,0,0,0,0,0,0,1.8891419728682837,0.0,0.0,0.0,0.0,0.0,3.027383038095437,benign,0.0,0.0,0.3638607948619326,0.0,0.0,0.0,0.0,0.0,0.0,0.0,0.588403049412105,0.0,0.38668232180299444,0.0,0.0,0.0,0.0,0.0,0.6098064901343901,0.0
2,0,2,0,0,0,2,0,2,0,0,2,2,0,0,0,0,0,0,0,0,2,0,2,2,0,0,0,0,0,0,0,0,0,0,0,0,0,0,0,0,0,0,0,0,0,17,0,0,0,0,1,0,0,0,0,0,4.709038539162538,0.0,0.0,0.0,0.0,0.0,3.410877830563703,benign,0.0,0.0,0.6677818795251821,0.0393902637015944,0.0,0.04958841804104854,0.24044856796308628,0.0,0.039034732033825945,0.0393902637015944,0.2056908522648246,0.0,0.40552313455989447,0.2433169269233408,0.0,0.0393902637015944,0.24617894705960092,0.0,0.373052670947156,0.1479226549173421
0,0,0,0,0,0,0,0,0,0,0,0,0,0,0,0,0,0,0,0,0,0,0,0,0,0,0,0,0,0,0,0,0,0,0,0,0,0,0,0,0,0,0,0,0,0,0,0,0,0,0,0,0,0,0,0,0,0.0,,,,,,,benign,0.0,0.0,0.6852892846163351,0.0,0.0,0.0,0.0,0.0,0.0,0.0,0.0,0.0,0.7282709635774528,0.0,0.0,0.0,0.0,0.0,0.0,0.0
1,0,1,0,0,0,0,0,0,0,0,0,0,0,0,0,0,0,0,0,0,1,0,0,0,0,0,0,0,0,0,0,0,0,0,0,0,0,0,0,0,0,0,0,0,0,3,0,0,0,0,0,0,0,0,0,0,3.281820057855956,0.0,0.0,0.0,0.0,0.0,3.228372376129276,benign,0.0,0.0,0.4729268509901567,0.29291224635472674,0.0,0.1843736694886972,0.35760273507381457,0.0,0.2902684565023606,0.29291224635472674,0.0,0.0,0.25129452714635514,0.0,0.0,0.29291224635472674,0.36612513658064344,0.0,0.0,0.27499407891016436
0,0,0,0,0,0,0,0,0,0,0,0,0,0,0,0,0,0,0,0,0,0,0,0,0,0,0,0,0,0,0,0,0,0,0,0,0,0,0,0,0,0,0,0,0,0,1,0,0,0,0,0,0,0,0,0,0,1.868058222419032,0.0,0.0,0.0,0.0,0.0,2.9514195898955555,benign,0.0,0.0,0.0,0.4360358749709731,0.0,0.27446286489419697,0.0,0.0,0.4321002688778097,0.4360358749709731,0.0,0.0,0.0,0.0,0.0,0.4360358749709731,0.0,0.0,0.0,0.409362480748649
0,0,0,0,0,0,0,0,0,0,0,0,0,0,0,0,0,0,0,0,0,0,0,0,0,0,0,0,0,0,0,0,0,0,0,0,0,0,0,0,0,0,0,0,0,0,2,0,0,0,0,0,0,0,0,0,0,2.363799501265868,0.0,0.0,0.0,0.0,0.0,3.2625366587893625,benign,0.0,0.0,0.4729268509901567,0.29291224635472674,0.0,0.1843736694886972,0.35760273507381457,0.0,0.2902684565023606,0.29291224635472674,0.0,0.0,0.25129452714635514,0.0,0.0,0.29291224635472674,0.36612513658064344,0.0,0.0,0.27499407891016436
0,0,0,0,0,0,0,0,0,0,0,0,0,0,0,0,0,0,0,0,0,0,0,0,0,0,0,0,0,0,0,0,0,0,0,0,0,0,0,0,0,0,0,0,0,0,1,0,0,0,0,0,0,0,0,0,0,1.868058222419032,0.0,0.0,0.0,0.0,0.0,2.9514195898955555,benign,0.0,0.0,0.0,0.4360358749709731,0.0,0.27446286489419697,0.0,0.0,0.4321002688778097,0.4360358749709731,0.0,0.0,0.0,0.0,0.0,0.4360358749709731,0.0,0.0,0.0,0.409362480748649
0,0,0,0,0,0,0,0,0,0,0,0,0,0,0,0,0,0,0,0,0,0,0,0,0,0,0,0,0,0,0,0,0,0,0,0,0,0,0,0,0,0,0,0,0,0,2,0,0,0,0,0,0,0,0,0,0,2.3617765258995345,0.0,0.0,0.0,0.0,0.0,3.219566549293704,benign,0.0,0.0,0.4729268509901567,0.29291224635472674,0.0,0.1843736694886972,0.35760273507381457,0.0,0.2902684565023606,0.29291224635472674,0.0,0.0,0.25129452714635514,0.0,0.0,0.29291224635472674,0.36612513658064344,0.0,0.0,0.27499407891016436
0,0,0,0,0,0,0,0,0,0,0,0,0,0,0,0,0,0,0,0,0,0,0,0,0,0,0,0,0,0,0,0,0,0,0,0,0,0,0,0,0,0,0,0,0,0,1,0,0,0,0,0,0,0,0,0,0,1.868058222419032,0.0,0.0,0.0,0.0,0.0,2.9514195898955555,benign,0.0,0.0,0.0,0.4360358749709731,0.0,0.27446286489419697,0.0,0.0,0.4321002688778097,0.4360358749709731,0.0,0.0,0.0,0.0,0.0,0.4360358749709731,0.0,0.0,0.0,0.409362480748649
0,0,0,0,0,0,0,0,0,0,0,0,0,0,0,0,0,0,0,0,0,0,0,0,0,0,0,0,0,0,0,0,0,0,0,0,0,0,0,0,0,0,0,0,0,0,2,0,0,0,0,0,0,0,0,0,0,2.36502700653444,0.0,0.0,0.0,0.0,0.0,3.288652559985165,benign,0.0,0.0,0.4729268509901567,0.29291224635472674,0.0,0.1843736694886972,0.35760273507381457,0.0,0.2902684565023606,0.29291224635472674,0.0,0.0,0.25129452714635514,0.0,0.0,0.29291224635472674,0.36612513658064344,0.0,0.0,0.27499407891016436
0,0,0,0,0,0,0,0,0,0,0,0,0,0,0,0,0,0,0,0,0,0,0,0,0,0,0,0,0,0,0,0,0,0,0,0,0,0,0,0,0,0,0,0,0,0,1,0,0,0,0,0,0,0,0,0,0,1.868058222419032,0.0,0.0,0.0,0.0,0.0,2.9514195898955555,benign,0.0,0.0,0.0,0.4360358749709731,0.0,0.27446286489419697,0.0,0.0,0.4321002688778097,0.4360358749709731,0.0,0.0,0.0,0.0,0.0,0.4360358749709731,0.0,0.0,0.0,0.409362480748649
0,0,0,0,0,0,0,0,0,0,0,0,0,0,0,0,0,0,0,0,0,0,0,0,0,0,0,0,0,0,0,0,0,0,0,0,0,0,0,0,0,0,0,0,0,0,0,0,0,0,0,0,0,0,0,0,0,0.0,,,,,,,benign,0.0,0.0,0.6852892846163351,0.0,0.0,0.0,0.0,0.0,0.0,0.0,0.0,0.0,0.7282709635774528,0.0,0.0,0.0,0.0,0.0,0.0,0.0
1,0,1,0,0,0,0,0,0,0,0,0,0,0,0,0,0,0,0,0,0,1,0,0,0,0,0,0,0,0,0,0,0,0,0,0,0,0,0,0,0,0,0,0,0,0,3,0,0,0,0,0,0,0,0,0,0,3.283653869699834,0.0,0.0,0.0,0.0,0.0,3.326109460381478,benign,0.0,0.0,0.5852900540376956,0.24167038960087733,0.0,0.1521194729547634,0.2950439709610779,0.0,0.23948910243519697,0.24167038960087733,0.0,0.0,0.41466648824563823,0.0,0.0,0.24167038960087733,0.30207546970557275,0.0,0.0,0.22688681342353648
0,0,0,0,0,0,0,0,0,0,0,0,0,0,0,0,0,0,0,0,0,0,0,0,0,0,0,0,0,0,0,0,0,0,0,0,0,0,0,0,0,0,0,0,0,0,1,0,0,0,0,0,0,0,0,0,0,1.868058222419032,0.0,0.0,0.0,0.0,0.0,2.9514195898955555,benign,0.0,0.0,0.0,0.4360358749709731,0.0,0.27446286489419697,0.0,0.0,0.4321002688778097,0.4360358749709731,0.0,0.0,0.0,0.0,0.0,0.4360358749709731,0.0,0.0,0.0,0.409362480748649
0,0,0,0,0,0,0,0,0,0,0,0,0,0,0,0,0,0,0,0,0,0,0,0,0,0,0,0,0,0,0,0,0,0,0,0,0,0,0,0,0,0,0,0,0,0,1,0,0,0,0,0,0,0,0,0,0,1.852240816467405,0.0,0.0,0.0,0.0,0.0,2.7481733799993955,benign,0.0,0.0,0.0,0.0,0.0,0.0,0.0,0.0,0.0,0.0,0.0,0.0,0.0,0.0,0.0,0.0,0.0,0.0,0.0,0.0
0,0,0,0,0,0,0,0,0,0,0,0,0,0,0,0,0,0,0,0,0,0,0,0,0,0,0,0,0,0,0,0,0,0,0,0,0,0,0,0,0,0,0,0,0,0,0,0,0,0,0,0,0,0,0,0,0,0.0,,,,,,,benign,0.0,0.0,0.6852892846163351,0.0,0.0,0.0,0.0,0.0,0.0,0.0,0.0,0.0,0.7282709635774528,0.0,0.0,0.0,0.0,0.0,0.0,0.0
0,0,0,0,0,0,0,0,0,0,0,2,0,0,0,0,0,0,0,0,0,0,0,0,0,0,0,0,0,0,0,0,0,0,0,0,0,0,0,0,0,0,0,0,0,0,1,0,0,0,0,1,0,0,0,0,0,2.001260071631328,0.0,0.0,0.0,0.0,0.0,2.7567454149350623,benign,0.0,0.0,0.4591011770279272,0.0,0.0,0.0,0.0,0.0,0.0,0.0,0.7424172550780652,0.0,0.48789622730035814,0.0,0.0,0.0,0.0,0.0,0.0,0.0
0,0,0,0,0,0,2,0,0,0,0,0,0,0,0,0,0,0,0,0,0,0,0,2,2,0,0,0,0,0,0,0,0,0,0,0,0,0,0,0,0,0,0,0,0,0,1,0,0,0,0,0,0,0,0,0,0,3.023112541826881,0.0,0.0,0.0,0.0,0.0,3.1103420973444607,benign,0.0,0.0,0.3638607948619326,0.0,0.0,0.0,0.0,0.0,0.0,0.0,0.588403049412105,0.0,0.38668232180299444,0.0,0.0,0.0,0.0,0.0,0.6098064901343901,0.0
0,0,0,0,0,0,0,0,0,0,0,0,0,0,0,0,0,0,0,0,0,0,0,0,0,0,0,0,0,0,0,0,0,0,0,0,0,0,0,0,0,0,0,0,0,0,0,0,0,0,0,0,0,0,0,0,0,0.0,,,,,,,benign,0.0,0.0,0.6852892846163351,0.0,0.0,0.0,0.0,0.0,0.0,0.0,0.0,0.0,0.7282709635774528,0.0,0.0,0.0,0.0,0.0,0.0,0.0
0,0,0,0,0,0,0,0,0,0,0,0,0,0,0,0,0,0,0,0,0,0,0,0,0,0,0,0,0,0,0,0,0,0,0,0,0,0,0,0,0,0,0,0,0,0,0,0,0,0,0,0,0,0,0,0,0,0.0,,,,,,,benign,0.0,0.0,0.6852892846163351,0.0,0.0,0.0,0.0,0.0,0.0,0.0,0.0,0.0,0.7282709635774528,0.0,0.0,0.0,0.0,0.0,0.0,0.0
0,0,0,0,0,0,0,0,0,0,0,0,0,0,0,0,0,0,0,0,0,0,0,0,0,0,0,0,0,0,0,0,0,0,0,0,0,0,0,0,0,0,0,0,0,0,1,0,0,0,0,0,0,0,0,0,0,1.8090776073913948,0.0,0.0,0.0,0.0,0.0,2.209627598587938,benign,0.0,0.0,0.0,0.0,0.0,0.0,0.0,0.0,0.0,0.0,0.0,0.0,0.0,0.0,0.0,0.0,0.0,0.0,0.0,0.0
0,0,0,0,0,0,0,0,0,0,0,0,0,0,0,0,0,0,0,0,0,0,0,0,0,0,0,0,0,0,0,0,0,0,0,0,0,0,0,0,0,0,0,0,0,0,0,0,0,0,0,0,0,0,0,0,0,0.0,,,,,,,benign,0.0,0.0,0.6852892846163351,0.0,0.0,0.0,0.0,0.0,0.0,0.0,0.0,0.0,0.7282709635774528,0.0,0.0,0.0,0.0,0.0,0.0,0.0
0,0,0,0,0,0,0,0,0,0,0,0,0,0,0,0,0,0,0,0,0,0,0,0,0,0,0,0,0,0,0,0,0,0,0,0,0,0,0,0,0,0,0,0,0,0,0,0,0,0,0,0,0,0,0,0,0,0.0,,,,,,,benign,0.0,0.0,0.6852892846163351,0.0,0.0,0.0,0.0,0.0,0.0,0.0,0.0,0.0,0.7282709635774528,0.0,0.0,0.0,0.0,0.0,0.0,0.0
0,0,0,0,0,0,0,0,0,0,0,0,0,0,0,0,0,0,0,0,0,0,0,0,0,0,0,0,0,0,0,0,0,0,0,0,0,0,0,0,0,0,0,0,0,0,1,0,0,0,0,0,0,0,0,0,0,1.8090776073913948,0.0,0.0,0.0,0.0,0.0,2.209627598587938,benign,0.0,0.0,0.0,0.0,0.0,0.0,0.0,0.0,0.0,0.0,0.0,0.0,0.0,0.0,0.0,0.0,0.0,0.0,0.0,0.0
0,0,0,0,0,0,0,0,0,0,0,0,0,0,0,0,0,0,0,0,0,0,0,0,0,0,0,0,0,0,0,0,0,0,0,0,0,0,0,0,0,0,0,0,0,0,0,0,0,0,0,0,0,0,0,0,0,0.0,,,,,,,benign,0.0,0.0,0.6852892846163351,0.0,0.0,0.0,0.0,0.0,0.0,0.0,0.0,0.0,0.7282709635774528,0.0,0.0,0.0,0.0,0.0,0.0,0.0
0,0,0,0,0,0,0,0,0,0,0,0,0,0,0,0,0,0,0,0,0,0,0,0,0,0,0,0,0,0,0,0,0,0,0,0,0,0,0,0,0,0,0,0,0,0,0,0,0,0,0,0,0,0,0,0,0,0.0,,,,,,,benign,0.0,0.0,0.6852892846163351,0.0,0.0,0.0,0.0,0.0,0.0,0.0,0.0,0.0,0.7282709635774528,0.0,0.0,0.0,0.0,0.0,0.0,0.0
0,0,0,0,0,0,0,0,0,0,0,0,0,0,0,0,0,0,0,0,0,0,0,0,0,0,0,0,0,0,0,0,0,0,0,0,0,0,0,0,0,0,0,0,0,0,1,0,0,0,0,0,0,0,0,0,0,1.902918975483319,0.0,0.0,0.0,0.0,0.0,3.410877830563703,benign,0.0,0.0,0.4082002741031692,0.0,0.0,0.0,0.0,0.0,0.0,0.0,0.22003495974726708,0.0,0.14460093161976614,0.5205698710653032,0.0,0.0,0.0,0.0,0.6841165081201007,0.1582382252884094
0,0,0,0,0,0,0,0,0,0,0,0,2,0,0,0,0,0,0,0,0,0,0,0,0,0,0,0,0,0,0,0,0,0,0,0,0,0,0,0,0,0,0,0,0,0,1,0,0,0,0,0,0,0,0,0,0,1.88940179213081,0.0,0.0,0.0,0.0,0.0,3.030820213504404,benign,0.0,0.0,0.3638607948619326,0.0,0.0,0.0,0.0,0.0,0.0,0.0,0.588403049412105,0.0,0.38668232180299444,0.0,0.0,0.0,0.0,0.0,0.6098064901343901,0.0
0,0,0,0,0,0,2,0,2,0,0,2,2,0,0,0,0,0,0,0,0,0,0,2,2,0,0,0,0,0,0,0,0,0,0,0,0,0,0,0,0,0,0,0,0,0,15,0,0,0,0,1,0,0,0,0,0,4.355763344152846,0.0,0.0,0.0,0.0,0.0,3.41257442940132,benign,0.0,0.0,0.6677818795251821,0.0393902637015944,0.0,0.04958841804104854,0.24044856796308628,0.0,0.039034732033825945,0.0393902637015944,0.2056908522648246,0.0,0.40552313455989447,0.2433169269233408,0.0,0.0393902637015944,0.24617894705960092,0.0,0.373052670947156,0.1479226549173421
0,0,0,0,0,0,0,0,0,0,0,0,0,0,0,0,0,0,0,0,0,0,0,0,0,0,0,0,0,0,0,0,0,0,0,0,0,0,0,0,0,0,0,0,0,0,0,0,0,0,0,0,0,0,0,0,0,0.0,,,,,,,benign,0.0,0.0,0.6852892846163351,0.0,0.0,0.0,0.0,0.0,0.0,0.0,0.0,0.0,0.7282709635774528,0.0,0.0,0.0,0.0,0.0,0.0,0.0
0,0,0,0,0,0,0,0,0,0,0,0,0,0,0,0,0,0,0,0,0,0,0,0,0,0,0,0,0,0,0,0,0,0,0,0,0,0,0,0,0,0,0,0,0,0,2,0,0,0,0,0,0,0,0,0,0,2.3621914259952668,0.0,0.0,0.0,0.0,0.0,3.228372376129276,benign,0.0,0.0,0.4729268509901567,0.29291224635472674,0.0,0.1843736694886972,0.35760273507381457,0.0,0.2902684565023606,0.29291224635472674,0.0,0.0,0.25129452714635514,0.0,0.0,0.29291224635472674,0.36612513658064344,0.0,0.0,0.27499407891016436
0,0,0,0,0,0,0,0,0,0,0,0,0,0,0,0,0,0,0,0,0,0,0,0,0,0,0,0,0,0,0,0,0,0,0,0,0,0,0,0,0,0,0,0,0,0,1,0,0,0,0,0,0,0,0,0,0,1.868058222419032,0.0,0.0,0.0,0.0,0.0,2.9514195898955555,benign,0.0,0.0,0.0,0.4360358749709731,0.0,0.27446286489419697,0.0,0.0,0.4321002688778097,0.4360358749709731,0.0,0.0,0.0,0.0,0.0,0.4360358749709731,0.0,0.0,0.0,0.409362480748649
0,0,0,0,0,0,0,0,0,0,0,0,0,0,0,0,0,0,0,0,0,0,0,0,0,0,0,0,0,0,0,0,0,0,0,0,0,0,0,0,0,0,0,0,0,0,2,0,0,0,0,0,0,0,0,0,0,2.363799501265868,0.0,0.0,0.0,0.0,0.0,3.2625366587893625,benign,0.0,0.0,0.4729268509901567,0.29291224635472674,0.0,0.1843736694886972,0.35760273507381457,0.0,0.2902684565023606,0.29291224635472674,0.0,0.0,0.25129452714635514,0.0,0.0,0.29291224635472674,0.36612513658064344,0.0,0.0,0.27499407891016436
0,0,0,0,0,0,0,0,0,0,0,0,0,0,0,0,0,0,0,0,0,0,0,0,0,0,0,0,0,0,0,0,0,0,0,0,0,0,0,0,0,0,0,0,0,0,1,0,0,0,0,0,0,0,0,0,0,1.868058222419032,0.0,0.0,0.0,0.0,0.0,2.9514195898955555,benign,0.0,0.0,0.0,0.4360358749709731,0.0,0.27446286489419697,0.0,0.0,0.4321002688778097,0.4360358749709731,0.0,0.0,0.0,0.0,0.0,0.4360358749709731,0.0,0.0,0.0,0.409362480748649
0,0,0,0,0,0,0,0,0,0,0,0,0,0,0,0,0,0,0,0,0,0,0,0,0,0,0,0,0,0,0,0,0,0,0,0,0,0,0,0,0,0,0,0,0,0,2,0,0,0,0,0,0,0,0,0,0,2.3617765258995345,0.0,0.0,0.0,0.0,0.0,3.219566549293704,benign,0.0,0.0,0.4729268509901567,0.29291224635472674,0.0,0.1843736694886972,0.35760273507381457,0.0,0.2902684565023606,0.29291224635472674,0.0,0.0,0.25129452714635514,0.0,0.0,0.29291224635472674,0.36612513658064344,0.0,0.0,0.27499407891016436
0,0,0,0,0,0,0,0,0,0,0,0,0,0,0,0,0,0,0,0,0,0,0,0,0,0,0,0,0,0,0,0,0,0,0,0,0,0,0,0,0,0,0,0,0,0,1,0,0,0,0,0,0,0,0,0,0,1.868058222419032,0.0,0.0,0.0,0.0,0.0,2.9514195898955555,benign,0.0,0.0,0.0,0.4360358749709731,0.0,0.27446286489419697,0.0,0.0,0.4321002688778097,0.4360358749709731,0.0,0.0,0.0,0.0,0.0,0.4360358749709731,0.0,0.0,0.0,0.409362480748649
0,0,0,0,0,0,0,0,0,0,0,0,0,0,0,0,0,0,0,0,0,0,0,0,0,0,0,0,0,0,0,0,0,0,0,0,0,0,0,0,0,0,0,0,0,0,2,0,0,0,0,0,0,0,0,0,0,2.36502700653444,0.0,0.0,0.0,0.0,0.0,3.288652559985165,benign,0.0,0.0,0.4729268509901567,0.29291224635472674,0.0,0.1843736694886972,0.35760273507381457,0.0,0.2902684565023606,0.29291224635472674,0.0,0.0,0.25129452714635514,0.0,0.0,0.29291224635472674,0.36612513658064344,0.0,0.0,0.27499407891016436
0,0,0,0,0,0,0,0,0,0,0,0,0,0,0,0,0,0,0,0,0,0,0,0,0,0,0,0,0,0,0,0,0,0,0,0,0,0,0,0,0,0,0,0,0,0,1,0,0,0,0,0,0,0,0,0,0,1.868058222419032,0.0,0.0,0.0,0.0,0.0,2.9514195898955555,benign,0.0,0.0,0.0,0.4360358749709731,0.0,0.27446286489419697,0.0,0.0,0.4321002688778097,0.4360358749709731,0.0,0.0,0.0,0.0,0.0,0.4360358749709731,0.0,0.0,0.0,0.409362480748649
0,0,0,0,0,0,0,0,0,0,0,0,0,0,0,0,0,0,0,0,0,0,0,0,0,0,0,0,0,0,0,0,0,0,0,0,0,0,0,0,0,0,0,0,0,0,0,0,0,0,0,0,0,0,0,0,0,0.0,,,,,,,benign,0.0,0.0,0.6852892846163351,0.0,0.0,0.0,0.0,0.0,0.0,0.0,0.0,0.0,0.7282709635774528,0.0,0.0,0.0,0.0,0.0,0.0,0.0
0,0,0,0,0,0,0,0,0,0,0,0,0,0,0,0,0,0,0,0,0,0,0,0,0,0,0,0,0,0,0,0,0,0,0,0,0,0,0,0,0,0,0,0,0,0,2,0,0,0,0,0,0,0,0,0,0,2.3667849377426244,0.0,0.0,0.0,0.0,0.0,3.326109460381478,benign,0.0,0.0,0.5852900540376956,0.24167038960087733,0.0,0.1521194729547634,0.2950439709610779,0.0,0.23948910243519697,0.24167038960087733,0.0,0.0,0.41466648824563823,0.0,0.0,0.24167038960087733,0.30207546970557275,0.0,0.0,0.22688681342353648
0,0,0,0,0,0,0,0,0,0,0,0,0,0,0,0,0,0,0,0,0,0,0,0,0,0,0,0,0,0,0,0,0,0,0,0,0,0,0,0,0,0,0,0,0,0,1,0,0,0,0,0,0,0,0,0,0,1.868058222419032,0.0,0.0,0.0,0.0,0.0,2.9514195898955555,benign,0.0,0.0,0.0,0.4360358749709731,0.0,0.27446286489419697,0.0,0.0,0.4321002688778097,0.4360358749709731,0.0,0.0,0.0,0.0,0.0,0.4360358749709731,0.0,0.0,0.0,0.409362480748649
0,0,0,0,0,0,0,0,0,0,0,0,0,0,0,0,0,0,0,0,0,0,0,0,0,0,0,0,0,0,0,0,0,0,0,0,0,0,0,0,0,0,0,0,0,0,1,0,0,0,0,0,0,0,0,0,0,1.852240816467405,0.0,0.0,0.0,0.0,0.0,2.7481733799993955,benign,0.0,0.0,0.0,0.0,0.0,0.0,0.0,0.0,0.0,0.0,0.0,0.0,0.0,0.0,0.0,0.0,0.0,0.0,0.0,0.0
0,0,0,0,0,0,0,0,0,0,0,0,0,0,0,0,0,0,0,0,0,0,0,0,0,0,0,0,0,0,0,0,0,0,0,0,0,0,0,0,0,0,0,0,0,0,0,0,0,0,0,0,0,0,0,0,0,0.0,,,,,,,benign,0.0,0.0,0.6852892846163351,0.0,0.0,0.0,0.0,0.0,0.0,0.0,0.0,0.0,0.7282709635774528,0.0,0.0,0.0,0.0,0.0,0.0,0.0
0,0,0,0,0,0,0,0,0,0,0,2,0,0,0,0,0,0,0,0,0,0,0,0,0,0,0,0,0,0,0,0,0,0,0,0,0,0,0,0,0,0,0,0,0,0,1,0,0,0,0,1,0,0,0,0,0,2.001260071631328,0.0,0.0,0.0,0.0,0.0,2.7567454149350623,benign,0.0,0.0,0.4591011770279272,0.0,0.0,0.0,0.0,0.0,0.0,0.0,0.7424172550780652,0.0,0.48789622730035814,0.0,0.0,0.0,0.0,0.0,0.0,0.0
0,0,0,0,0,0,2,0,0,0,0,0,0,0,0,0,0,0,0,0,0,0,0,2,2,0,0,0,0,0,0,0,0,0,0,0,0,0,0,0,0,0,0,0,0,0,1,0,0,0,0,0,0,0,0,0,0,3.0240631337920414,0.0,0.0,0.0,0.0,0.0,3.14943983828225,benign,0.0,0.0,0.3638607948619326,0.0,0.0,0.0,0.0,0.0,0.0,0.0,0.588403049412105,0.0,0.38668232180299444,0.0,0.0,0.0,0.0,0.0,0.6098064901343901,0.0
0,0,0,0,0,0,0,0,0,0,0,0,0,0,0,0,0,0,0,0,0,0,0,0,0,0,0,0,0,0,0,0,0,0,0,0,0,0,0,0,0,0,0,0,0,0,0,0,0,0,0,0,0,0,0,0,0,0.0,,,,,,,benign,0.0,0.0,0.6852892846163351,0.0,0.0,0.0,0.0,0.0,0.0,0.0,0.0,0.0,0.7282709635774528,0.0,0.0,0.0,0.0,0.0,0.0,0.0
0,0,0,0,0,0,0,0,0,0,0,0,0,0,0,0,0,0,0,0,0,0,0,0,0,0,0,0,0,0,0,0,0,0,0,0,0,0,0,0,0,0,0,0,0,0,0,0,0,0,0,0,0,0,0,0,0,0.0,,,,,,,benign,0.0,0.0,0.6852892846163351,0.0,0.0,0.0,0.0,0.0,0.0,0.0,0.0,0.0,0.7282709635774528,0.0,0.0,0.0,0.0,0.0,0.0,0.0
0,0,0,0,0,0,0,0,0,0,0,0,0,0,0,0,0,0,0,0,0,0,0,0,0,0,0,0,0,0,0,0,0,0,0,0,0,0,0,0,0,0,0,0,0,0,1,0,0,0,0,0,0,0,0,0,0,1.8090776073913948,0.0,0.0,0.0,0.0,0.0,2.209627598587938,benign,0.0,0.0,0.0,0.0,0.0,0.0,0.0,0.0,0.0,0.0,0.0,0.0,0.0,0.0,0.0,0.0,0.0,0.0,0.0,0.0
0,0,0,0,0,0,0,0,0,0,0,0,0,0,0,0,0,0,0,0,0,0,0,0,0,0,0,0,0,0,0,0,0,0,0,0,0,0,0,0,0,0,0,0,0,0,0,0,0,0,0,0,0,0,0,0,0,0.0,,,,,,,benign,0.0,0.0,0.6852892846163351,0.0,0.0,0.0,0.0,0.0,0.0,0.0,0.0,0.0,0.7282709635774528,0.0,0.0,0.0,0.0,0.0,0.0,0.0
0,0,0,0,0,0,0,0,0,0,0,0,0,0,0,0,0,0,0,0,0,0,0,0,0,0,0,0,0,0,0,0,0,0,0,0,0,0,0,0,0,0,0,0,0,0,0,0,0,0,0,0,0,0,0,0,0,0.0,,,,,,,benign,0.0,0.0,0.6852892846163351,0.0,0.0,0.0,0.0,0.0,0.0,0.0,0.0,0.0,0.7282709635774528,0.0,0.0,0.0,0.0,0.0,0.0,0.0
0,0,0,0,0,0,0,0,0,0,0,0,0,0,0,0,0,0,0,0,0,0,0,0,0,0,0,0,0,0,0,0,0,0,0,0,0,0,0,0,0,0,0,0,0,0,1,0,0,0,0,0,0,0,0,0,0,1.8090776073913948,0.0,0.0,0.0,0.0,0.0,2.209627598587938,benign,0.0,0.0,0.0,0.0,0.0,0.0,0.0,0.0,0.0,0.0,0.0,0.0,0.0,0.0,0.0,0.0,0.0,0.0,0.0,0.0
0,0,0,0,0,0,0,0,0,0,0,0,0,0,0,0,0,0,0,0,0,0,0,0,0,0,0,0,0,0,0,0,0,0,0,0,0,0,0,0,0,0,0,0,0,0,0,0,0,0,0,0,0,0,0,0,0,0.0,,,,,,,benign,0.0,0.0,0.6852892846163351,0.0,0.0,0.0,0.0,0.0,0.0,0.0,0.0,0.0,0.7282709635774528,0.0,0.0,0.0,0.0,0.0,0.0,0.0
0,0,0,0,0,0,0,0,0,0,0,0,0,0,0,0,0,0,0,0,0,0,0,0,0,0,0,0,0,0,0,0,0,0,0,0,0,0,0,0,0,0,0,0,0,0,0,0,0,0,0,0,0,0,0,0,0,0.0,,,,,,,benign,0.0,0.0,0.6852892846163351,0.0,0.0,0.0,0.0,0.0,0.0,0.0,0.0,0.0,0.7282709635774528,0.0,0.0,0.0,0.0,0.0,0.0,0.0
0,0,0,0,0,0,0,0,0,0,0,0,0,0,0,0,0,0,0,0,0,0,0,0,0,0,0,0,0,0,0,0,0,0,0,0,0,0,0,0,0,0,0,0,0,0,1,0,0,0,0,0,0,0,0,0,0,1.903045476637864,0.0,0.0,0.0,0.0,0.0,3.41257442940132,benign,0.0,0.0,0.4082002741031692,0.0,0.0,0.0,0.0,0.0,0.0,0.0,0.22003495974726708,0.0,0.14460093161976614,0.5205698710653032,0.0,0.0,0.0,0.0,0.6841165081201007,0.1582382252884094
0,0,0,0,0,0,0,0,0,0,0,0,2,0,0,0,0,0,0,0,0,0,0,0,0,0,0,0,0,0,0,0,0,0,0,0,0,0,0,0,0,0,0,0,0,0,1,0,0,0,0,0,0,0,0,0,0,1.892582043863125,0.0,0.0,0.0,0.0,0.0,3.0729645316581244,benign,0.0,0.0,0.3638607948619326,0.0,0.0,0.0,0.0,0.0,0.0,0.0,0.588403049412105,0.0,0.38668232180299444,0.0,0.0,0.0,0.0,0.0,0.6098064901343901,0.0
0,0,0,0,0,0,0,0,0,0,0,0,0,0,0,0,0,0,0,0,0,0,0,0,0,0,0,0,0,0,0,0,0,0,0,0,0,0,0,0,0,0,0,0,0,0,1,0,0,0,0,0,0,0,0,0,0,1.859707154844908,0.0,0.0,0.0,0.0,0.0,2.8437117733109467,benign,0.0,0.0,0.9815262992945841,0.0,0.0,0.19132726881727674,0.0,0.0,0.0,0.0,0.0,0.0,0.0,0.0,0.0,0.0,0.0,0.0,0.0,0.0
0,0,0,0,0,0,0,0,0,0,0,0,0,0,0,0,0,0,0,0,0,0,0,0,0,0,0,0,0,0,0,0,0,0,0,0,0,0,0,0,0,0,0,0,0,0,1,0,0,0,0,0,0,0,0,0,0,1.859707154844908,0.0,0.0,0.0,0.0,0.0,2.8437117733109467,benign,0.0,0.0,0.9678450313136161,0.0,0.0,0.2515472030485444,0.0,0.0,0.0,0.0,0.0,0.0,0.0,0.0,0.0,0.0,0.0,0.0,0.0,0.0
0,0,0,0,0,0,0,0,0,0,0,0,0,0,0,0,0,0,0,0,0,0,0,0,0,0,0,0,0,0,0,0,0,0,0,0,0,0,0,0,0,0,0,0,0,0,0,0,0,0,0,0,0,0,0,0,0,0.0,,,,,,,benign,0.0,0.0,1.0,0.0,0.0,0.0,0.0,0.0,0.0,0.0,0.0,0.0,0.0,0.0,0.0,0.0,0.0,0.0,0.0,0.0
0,0,0,0,0,0,0,0,0,0,0,0,0,0,0,0,0,0,0,0,0,0,0,0,0,0,0,0,0,0,0,0,0,0,0,0,0,0,0,0,0,0,0,0,0,0,1,0,0,0,0,0,0,0,0,0,0,1.868058222419032,0.0,0.0,0.0,0.0,0.0,2.9514195898955555,benign,0.0,0.0,0.0,0.4360358749709731,0.0,0.27446286489419697,0.0,0.0,0.4321002688778097,0.4360358749709731,0.0,0.0,0.0,0.0,0.0,0.4360358749709731,0.0,0.0,0.0,0.409362480748649
5,0,0,1,0,1,0,0,0,0,0,0,0,0,0,0,0,0,0,0,0,0,0,0,0,0,0,0,0,0,0,0,0,0,0,0,0,0,0,0,0,0,0,0,0,1,5,0,0,0,0,0,0,0,0,0,0,3.467297183366679,,,,,,,benign,0.0,0.0,0.0,0.0,0.0,0.0,0.0,0.0,0.0,0.0,0.0,0.0,0.0,0.0,0.0,0.0,0.0,0.0,0.0,0.0
0,0,0,0,0,0,0,0,0,0,0,0,0,0,0,0,0,0,0,0,0,0,0,0,0,0,0,0,0,0,0,0,0,0,0,0,0,0,0,0,0,0,0,0,0,0,1,0,0,0,0,0,0,0,0,0,0,1.868058222419032,0.0,0.0,0.0,0.0,0.0,2.9514195898955555,benign,0.0,0.0,0.0,0.4360358749709731,0.0,0.27446286489419697,0.0,0.0,0.4321002688778097,0.4360358749709731,0.0,0.0,0.0,0.0,0.0,0.4360358749709731,0.0,0.0,0.0,0.409362480748649
0,0,0,0,0,0,0,0,0,0,0,0,0,0,0,0,0,0,0,0,0,0,0,0,0,0,0,0,0,0,0,0,0,0,0,0,0,0,0,0,0,0,0,0,0,0,0,0,0,0,0,0,0,0,0,0,0,0.0,,,,,,,benign,0.0,0.0,0.0,0.0,0.0,0.0,0.0,0.0,0.0,0.0,0.0,0.0,0.0,0.0,0.0,0.0,0.0,0.0,0.0,0.0
0,0,0,2,0,2,0,0,0,0,0,0,0,0,0,0,0,0,0,0,0,0,0,0,0,0,0,0,0,0,0,0,0,0,0,0,0,0,0,0,0,0,0,0,0,2,2,0,0,0,0,0,0,0,0,0,0,3.232666117927617,0.0,0.0,0.0,0.0,0.0,2.694290887508205,benign,0.0,0.0,0.0,0.0,0.7984491479660817,0.6020622543493638,0.0,0.0,0.0,0.0,0.0,0.0,0.0,0.0,0.0,0.0,0.0,0.0,0.0,0.0
0,0,0,2,0,2,0,0,0,0,0,0,0,0,0,0,0,0,0,0,0,0,0,0,0,0,0,0,0,0,0,0,0,0,0,0,0,0,0,0,0,0,0,0,0,2,2,0,0,0,0,0,0,0,0,0,0,3.2359635476370268,0.0,0.0,0.0,0.0,0.0,2.861727652146944,benign,0.0,0.0,0.0,0.0,0.7984491479660817,0.6020622543493638,0.0,0.0,0.0,0.0,0.0,0.0,0.0,0.0,0.0,0.0,0.0,0.0,0.0,0.0
0,0,0,2,0,2,0,0,0,0,0,0,0,0,0,0,0,0,0,0,0,0,0,0,0,0,0,0,0,0,0,0,0,0,0,0,0,0,0,0,0,0,0,0,0,2,2,0,0,0,0,0,0,0,0,0,0,3.2340571000396543,0.0,0.0,0.0,0.0,0.0,2.7648548045108248,benign,0.0,0.0,0.0,0.0,0.7984491479660817,0.6020622543493638,0.0,0.0,0.0,0.0,0.0,0.0,0.0,0.0,0.0,0.0,0.0,0.0,0.0,0.0
0,0,0,2,0,2,0,0,0,0,0,0,0,0,0,0,0,0,0,0,0,0,0,0,0,0,0,0,0,0,0,0,0,0,0,0,0,0,0,0,0,0,0,0,0,2,2,0,0,0,0,0,0,0,0,0,0,3.2379292933819928,0.0,0.0,0.0,0.0,0.0,2.9618072101164894,benign,0.0,0.0,0.0,0.0,0.7984491479660817,0.6020622543493638,0.0,0.0,0.0,0.0,0.0,0.0,0.0,0.0,0.0,0.0,0.0,0.0,0.0,0.0
1,0,0,0,0,0,0,0,0,0,0,0,0,0,0,0,0,0,0,0,0,0,0,0,0,0,0,0,0,0,0,0,0,0,0,0,0,0,0,0,0,0,0,0,0,0,0,0,0,0,0,0,0,0,0,0,0,0.009950330853168,,,,,,,benign,0.0,0.0,0.0,0.0,0.0,0.0,0.0,0.0,0.0,0.0,0.0,0.0,0.0,0.0,0.0,0.0,0.0,0.0,0.0,0.0
0,0,0,2,0,2,0,0,0,0,0,0,0,0,0,0,0,0,0,0,0,0,0,0,0,0,0,0,0,0,0,0,0,0,0,0,0,0,0,0,0,0,0,0,0,2,1,0,0,0,0,0,0,0,0,0,0,3.055825119909083,0.0,0.0,0.0,0.0,0.0,2.4774055510121467,benign,0.0,0.0,0.0,0.0,0.7984491479660817,0.6020622543493638,0.0,0.0,0.0,0.0,0.0,0.0,0.0,0.0,0.0,0.0,0.0,0.0,0.0,0.0
0,0,0,2,0,2,0,0,0,0,0,0,0,0,0,0,0,0,0,0,0,0,0,0,0,0,0,0,0,0,0,0,0,0,0,0,0,0,0,0,0,0,0,0,0,2,2,0,0,0,0,0,0,0,0,0,0,3.221254694053457,0.0,0.0,0.0,0.0,0.0,2.1190850469784714,benign,0.0,0.0,0.0,0.0,0.7984491479660817,0.6020622543493638,0.0,0.0,0.0,0.0,0.0,0.0,0.0,0.0,0.0,0.0,0.0,0.0,0.0,0.0
0,0,0,2,0,2,0,0,0,0,0,0,0,0,0,0,0,0,0,0,0,0,0,0,0,0,0,0,0,0,0,0,0,0,0,0,0,0,0,0,0,0,0,0,0,2,1,0,0,0,0,0,0,0,0,0,0,3.055505106786769,0.0,0.0,0.0,0.0,0.0,2.463814398623497,benign,0.0,0.0,0.0,0.0,0.7984491479660817,0.6020622543493638,0.0,0.0,0.0,0.0,0.0,0.0,0.0,0.0,0.0,0.0,0.0,0.0,0.0,0.0
0,0,0,2,0,3,0,0,0,0,0,0,0,0,0,0,0,0,0,0,0,0,0,0,0,0,0,0,0,0,0,0,0,0,0,0,0,0,0,0,0,0,0,0,0,2,2,0,0,0,0,0,0,0,0,0,0,3.2663700844185137,0.0,0.0,0.0,0.0,0.0,2.4320090718903087,benign,0.0,0.0,0.0,0.0,0.7984491479660817,0.6020622543493638,0.0,0.0,0.0,0.0,0.0,0.0,0.0,0.0,0.0,0.0,0.0,0.0,0.0,0.0
0,0,0,2,0,2,0,0,0,0,0,0,0,0,0,0,0,0,0,0,0,0,0,0,0,0,0,0,0,0,0,0,0,0,0,0,0,0,0,0,0,0,0,0,0,2,2,0,0,0,0,0,0,0,0,0,0,3.216304567244948,0.0,0.0,0.0,0.0,0.0,1.871602261409798,benign,0.0,0.0,0.0,0.0,0.7984491479660817,0.6020622543493638,0.0,0.0,0.0,0.0,0.0,0.0,0.0,0.0,0.0,0.0,0.0,0.0,0.0,0.0
2,0,0,4,0,4,0,0,0,0,0,0,0,0,0,0,0,0,0,0,0,0,0,0,0,0,0,0,0,0,0,0,0,0,0,0,0,0,0,0,0,0,0,0,0,4,1,0,0,0,0,0,0,0,0,0,0,3.375067831438304,0.0,0.0,0.0,0.0,0.0,2.412532347341446,benign,0.0,0.0,0.0,0.0,0.7984491479660817,0.6020622543493638,0.0,0.0,0.0,0.0,0.0,0.0,0.0,0.0,0.0,0.0,0.0,0.0,0.0,0.0
0,0,0,2,0,2,0,0,0,0,0,0,0,0,0,0,0,0,0,0,0,0,0,0,0,0,0,0,0,0,0,0,0,0,0,0,0,0,0,0,0,0,0,0,0,2,2,0,0,0,0,0,0,0,0,0,0,3.224541425352061,0.0,0.0,0.0,0.0,0.0,2.284084017565329,benign,0.0,0.0,0.0,0.0,0.7984491479660817,0.6020622543493638,0.0,0.0,0.0,0.0,0.0,0.0,0.0,0.0,0.0,0.0,0.0,0.0,0.0,0.0
0,0,0,2,0,2,4,0,0,0,0,3,1,0,0,0,0,0,0,0,0,0,2,0,0,0,0,0,0,0,0,1,3,1,3,1,3,0,0,0,1,0,0,0,0,2,3,0,0,0,0,0,0,0,0,0,0,4.015257883670313,0.0,0.0,0.0,0.0,0.0,2.7151800168531723,benign,0.0,0.0,0.0,0.0,0.7984491479660817,0.6020622543493638,0.0,0.0,0.0,0.0,0.0,0.0,0.0,0.0,0.0,0.0,0.0,0.0,0.0,0.0
0,0,0,2,0,2,0,0,0,0,0,0,0,0,0,0,0,0,0,0,0,0,0,0,0,0,0,0,0,0,0,0,0,0,0,0,0,0,0,0,0,0,0,0,0,2,2,0,0,0,0,0,0,0,0,0,0,3.2346967295210765,0.0,0.0,0.0,0.0,0.0,2.797335889086144,benign,0.0,0.0,0.0,0.0,0.7984491479660817,0.6020622543493638,0.0,0.0,0.0,0.0,0.0,0.0,0.0,0.0,0.0,0.0,0.0,0.0,0.0,0.0
1,0,0,0,0,0,0,0,0,0,0,0,0,0,0,0,0,0,0,0,0,0,0,0,0,0,0,0,0,0,0,0,0,0,0,0,0,0,0,0,0,0,0,0,0,0,0,0,0,0,0,0,0,0,0,0,0,0.009950330853168,,,,,,,benign,0.0,0.0,0.0,0.0,0.0,0.0,0.0,0.0,0.0,0.0,0.0,0.0,0.0,0.0,0.0,0.0,0.0,0.0,0.0,0.0
0,0,0,2,0,2,0,0,0,0,0,0,0,0,0,0,0,0,0,0,0,0,0,0,0,0,0,0,0,0,0,0,0,0,0,0,0,0,0,0,0,0,0,0,0,2,2,0,0,0,0,0,0,0,0,0,0,3.2327318715494786,0.0,0.0,0.0,0.0,0.0,2.697624330333502,benign,0.0,0.0,0.0,0.0,0.7984491479660817,0.6020622543493638,0.0,0.0,0.0,0.0,0.0,0.0,0.0,0.0,0.0,0.0,0.0,0.0,0.0,0.0
0,0,0,2,0,2,0,0,0,0,0,0,0,0,0,0,0,0,0,0,0,0,0,0,0,0,0,0,0,0,0,0,0,0,0,0,0,0,0,0,0,0,0,0,0,2,2,0,0,0,0,0,0,0,0,0,0,3.23576645041657,0.0,0.0,0.0,0.0,0.0,2.8517039348549886,benign,0.0,0.0,0.0,0.0,0.7984491479660817,0.6020622543493638,0.0,0.0,0.0,0.0,0.0,0.0,0.0,0.0,0.0,0.0,0.0,0.0,0.0,0.0
0,0,0,2,0,2,0,0,0,0,0,0,0,0,0,0,0,0,0,0,0,0,0,0,0,0,0,0,0,0,0,0,0,0,0,0,0,0,0,0,0,0,0,0,0,2,2,0,0,0,0,0,0,0,0,0,0,3.208645974924326,0.0,0.0,0.0,0.0,0.0,1.4911148500551858,benign,0.0,0.0,0.0,0.0,0.7984491479660817,0.6020622543493638,0.0,0.0,0.0,0.0,0.0,0.0,0.0,0.0,0.0,0.0,0.0,0.0,0.0,0.0
0,0,0,2,0,2,0,0,0,0,0,0,0,0,0,0,0,0,0,0,0,0,0,0,0,0,0,0,0,0,0,0,0,0,0,0,0,0,0,0,0,0,0,0,0,2,2,0,0,0,0,0,0,0,0,0,0,3.2235920655734382,0.0,0.0,0.0,0.0,0.0,2.23636898364495,benign,0.0,0.0,0.0,0.0,0.7984491479660817,0.6020622543493638,0.0,0.0,0.0,0.0,0.0,0.0,0.0,0.0,0.0,0.0,0.0,0.0,0.0,0.0
0,0,0,2,0,2,0,0,0,0,0,0,0,0,0,0,0,0,0,0,0,0,0,0,0,0,0,0,0,0,0,0,0,0,0,0,0,0,0,0,0,0,0,0,0,2,2,0,0,0,0,0,0,0,0,0,0,3.2198643775447437,0.0,0.0,0.0,0.0,0.0,2.049452072789394,benign,0.0,0.0,0.0,0.0,0.7984491479660817,0.6020622543493638,0.0,0.0,0.0,0.0,0.0,0.0,0.0,0.0,0.0,0.0,0.0,0.0,0.0,0.0
0,0,0,2,0,2,0,0,0,0,0,0,0,0,0,0,0,0,0,0,0,0,0,0,0,0,0,0,0,0,0,0,0,0,0,0,0,0,0,0,0,0,0,0,0,2,2,0,0,0,0,0,0,0,0,0,0,3.2121431668887324,0.0,0.0,0.0,0.0,0.0,1.6644977792004616,benign,0.0,0.0,0.0,0.0,0.7984491479660817,0.6020622543493638,0.0,0.0,0.0,0.0,0.0,0.0,0.0,0.0,0.0,0.0,0.0,0.0,0.0,0.0
0,0,0,2,0,2,0,0,0,0,0,0,0,0,0,0,0,0,0,0,0,0,0,0,0,0,0,0,0,0,0,0,0,0,0,0,0,0,0,0,0,0,0,0,0,2,2,0,0,0,0,0,0,0,0,0,0,3.2306571099781727,0.0,0.0,0.0,0.0,0.0,2.59254788959006,benign,0.0,0.0,0.0,0.0,0.7984491479660817,0.6020622543493638,0.0,0.0,0.0,0.0,0.0,0.0,0.0,0.0,0.0,0.0,0.0,0.0,0.0,0.0
0,0,0,2,0,2,1,0,0,0,0,0,0,0,0,0,0,0,0,0,0,0,1,0,0,0,0,0,0,0,0,0,1,0,1,0,0,0,0,0,0,0,0,0,0,2,4,0,0,0,0,0,0,0,0,0,0,3.918765298175923,0.0,0.0,0.0,0.0,0.0,2.6765073172176934,benign,0.0,0.0,0.0,0.0,0.5526377991125979,0.8334215397936292,0.0,0.0,0.0,0.0,0.0,0.0,0.0,0.0,0.0,0.0,0.0,0.0,0.0,0.0
0,0,0,0,0,0,1,0,0,0,0,0,0,0,0,0,0,0,0,0,0,0,1,0,0,0,0,0,0,0,0,0,1,0,1,0,0,0,0,0,0,0,0,0,0,0,2,0,0,0,0,0,0,0,0,0,0,3.3032889794831823,0.0,0.0,0.0,0.0,0.0,2.403917277291339,benign,0.0,0.0,0.0,0.0,0.0,1.0,0.0,0.0,0.0,0.0,0.0,0.0,0.0,0.0,0.0,0.0,0.0,0.0,0.0,0.0
0,0,0,0,0,0,0,0,0,0,0,0,0,0,0,0,0,0,0,0,0,0,0,0,0,0,0,0,0,0,0,0,0,0,0,0,0,0,0,0,0,0,0,0,0,0,1,0,0,0,0,0,0,0,0,0,0,1.7817061829263552,0.0,0.0,0.0,0.0,0.0,1.879964948727111,benign,0.0,0.0,0.0,0.0,0.0,0.0,0.0,0.0,0.0,0.0,0.0,0.0,0.0,0.0,0.0,0.0,0.0,0.0,0.0,0.0
0,0,0,2,0,2,0,0,0,0,0,0,0,0,0,0,0,0,0,0,0,0,0,0,0,0,0,0,0,0,0,0,0,0,0,0,0,0,0,0,0,0,0,0,0,2,6,0,0,0,0,0,0,0,0,0,0,3.7218081032445394,0.0,0.0,0.0,0.0,0.0,2.6781437714062166,benign,0.0,0.0,0.0,0.0,0.7984491479660817,0.6020622543493638,0.0,0.0,0.0,0.0,0.0,0.0,0.0,0.0,0.0,0.0,0.0,0.0,0.0,0.0
0,0,0,0,0,0,0,0,0,0,0,0,0,0,0,0,0,0,0,0,0,0,0,0,0,0,0,0,0,0,0,0,0,0,0,0,0,0,0,0,0,0,0,0,0,0,4,0,0,0,0,0,0,0,0,0,0,2.8905088483528143,0.0,0.0,0.0,0.0,0.0,2.0049355947431318,benign,0.0,0.0,0.0,0.0,0.0,0.0,0.0,0.0,0.0,0.0,0.0,0.0,0.0,0.0,0.0,0.0,0.0,0.0,0.0,0.0
0,0,0,2,0,2,0,0,0,0,0,0,0,0,0,0,0,0,0,0,0,0,0,0,0,0,0,0,0,0,0,0,0,0,0,0,0,0,0,0,0,0,0,0,0,2,2,0,0,0,0,0,0,0,0,0,0,3.2215400225660225,0.0,0.0,0.0,0.0,0.0,2.133387491316597,benign,0.0,0.0,0.0,0.0,0.7984491479660817,0.6020622543493638,0.0,0.0,0.0,0.0,0.0,0.0,0.0,0.0,0.0,0.0,0.0,0.0,0.0,0.0
0,0,0,2,0,2,0,0,0,0,0,0,0,0,0,0,0,0,0,0,0,0,0,0,0,0,0,0,0,0,0,0,0,0,0,0,0,0,0,0,0,0,0,0,0,2,2,0,0,0,0,0,0,0,0,0,0,3.230970554692928,0.0,0.0,0.0,0.0,0.0,2.6084083418896538,benign,0.0,0.0,0.0,0.0,0.7984491479660817,0.6020622543493638,0.0,0.0,0.0,0.0,0.0,0.0,0.0,0.0,0.0,0.0,0.0,0.0,0.0,0.0
0,0,0,2,0,2,0,0,0,0,0,0,0,0,0,0,0,0,0,0,0,0,0,0,0,0,0,0,0,0,0,0,0,0,0,0,0,0,0,0,0,0,0,0,0,2,2,0,0,0,0,0,0,0,0,0,0,3.22730111426846,0.0,0.0,0.0,0.0,0.0,2.423044102010384,benign,0.0,0.0,0.0,0.0,0.7984491479660817,0.6020622543493638,0.0,0.0,0.0,0.0,0.0,0.0,0.0,0.0,0.0,0.0,0.0,0.0,0.0,0.0
0,0,0,2,0,2,0,0,0,0,0,0,0,0,0,0,0,0,0,0,0,0,0,0,0,0,0,0,0,0,0,0,0,0,0,0,0,0,0,0,0,0,0,0,0,2,2,0,0,0,0,0,0,0,0,0,0,3.228355445003116,0.0,0.0,0.0,0.0,0.0,2.476234702457177,benign,0.0,0.0,0.0,0.0,0.5193502743602245,0.3916106589565302,0.7595501196850618,0.0,0.0,0.0,0.0,0.0,0.0,0.0,0.0,0.0,0.0,0.0,0.0,0.0
0,0,0,2,0,2,0,0,0,0,0,0,0,0,0,0,0,0,0,0,0,0,0,0,0,0,0,0,0,0,0,0,0,0,0,0,0,0,0,0,0,0,0,0,0,2,2,0,0,0,0,0,0,0,0,0,0,3.216304567244948,0.0,0.0,0.0,0.0,0.0,1.871602261409798,benign,0.0,0.0,0.0,0.0,0.7984491479660817,0.6020622543493638,0.0,0.0,0.0,0.0,0.0,0.0,0.0,0.0,0.0,0.0,0.0,0.0,0.0,0.0
0,0,1,2,0,2,0,0,0,0,1,0,0,0,0,0,0,0,0,0,0,0,0,0,0,0,0,0,0,0,0,0,0,0,0,0,0,0,0,0,0,0,0,0,0,2,2,0,0,0,0,0,0,0,0,0,0,3.446435611756895,0.0,0.0,0.0,0.0,0.0,2.676625094609149,benign,0.0,0.0,0.0,0.0,0.7984491479660817,0.6020622543493638,0.0,0.0,0.0,0.0,0.0,0.0,0.0,0.0,0.0,0.0,0.0,0.0,0.0,0.0
0,0,0,2,0,2,0,0,0,0,0,0,0,0,0,0,0,0,0,0,0,0,0,0,0,0,0,0,0,0,0,0,0,0,0,0,0,0,0,0,0,0,0,0,0,2,1,0,0,0,0,0,0,0,0,0,0,3.0547019519902885,0.0,0.0,0.0,0.0,0.0,2.4297230745502008,benign,0.0,0.0,0.0,0.0,0.7984491479660817,0.6020622543493638,0.0,0.0,0.0,0.0,0.0,0.0,0.0,0.0,0.0,0.0,0.0,0.0,0.0,0.0
0,0,0,2,0,3,0,0,0,0,0,0,0,0,0,0,0,0,0,0,0,0,0,0,0,0,0,0,0,0,0,0,0,0,0,0,0,0,0,0,0,0,0,0,0,2,2,0,0,0,0,0,0,0,0,0,0,3.2663700844185137,0.0,0.0,0.0,0.0,0.0,2.4320090718903087,benign,0.0,0.0,0.0,0.0,0.7984491479660817,0.6020622543493638,0.0,0.0,0.0,0.0,0.0,0.0,0.0,0.0,0.0,0.0,0.0,0.0,0.0,0.0
0,0,0,2,0,2,0,0,0,0,0,0,0,0,0,0,0,0,0,0,0,0,0,0,0,0,0,0,0,0,0,0,0,0,0,0,0,0,0,0,0,0,0,0,0,2,2,0,0,0,0,0,0,0,0,0,0,3.222116466503842,0.0,0.0,0.0,0.0,0.0,2.162294909570876,benign,0.0,0.0,0.0,0.0,0.48821712916557214,0.3681350354573682,0.0,0.0,0.0,0.0,0.0,0.0,0.0,0.0,0.0,0.0,0.0,0.0,0.7912778465609469,0.0
0,0,0,2,0,2,0,0,0,0,0,0,0,0,0,0,0,0,0,0,0,0,0,0,0,0,0,0,0,0,0,0,0,0,0,0,0,0,0,0,0,0,0,0,0,2,2,0,0,0,0,0,0,0,0,0,0,3.215851397655844,0.0,0.0,0.0,0.0,0.0,1.8490070880144411,benign,0.0,0.0,0.0,0.0,0.7984491479660817,0.6020622543493638,0.0,0.0,0.0,0.0,0.0,0.0,0.0,0.0,0.0,0.0,0.0,0.0,0.0,0.0
0,0,0,2,0,2,0,0,1,0,0,0,0,0,0,0,0,0,0,0,0,0,0,0,0,0,0,0,0,0,0,0,0,0,0,0,0,0,0,0,0,0,0,0,0,2,4,0,0,0,0,0,0,0,0,0,0,3.510636295809258,0.0,0.0,0.0,0.0,0.0,2.8391150982773143,benign,0.0,0.0,0.0,0.0,0.5526377991125979,0.8334215397936292,0.0,0.0,0.0,0.0,0.0,0.0,0.0,0.0,0.0,0.0,0.0,0.0,0.0,0.0
0,0,0,0,0,0,0,0,1,0,0,0,0,0,0,0,0,0,0,0,0,0,0,0,0,0,0,0,0,0,0,0,0,0,0,0,0,0,0,0,0,0,0,0,0,0,2,0,0,0,0,0,0,0,0,0,0,2.3274687740268183,0.0,0.0,0.0,0.0,0.0,2.403917277291339,benign,0.0,0.0,0.0,0.0,0.0,1.0,0.0,0.0,0.0,0.0,0.0,0.0,0.0,0.0,0.0,0.0,0.0,0.0,0.0,0.0
0,0,0,0,0,0,0,0,0,0,0,0,0,0,0,0,0,0,0,0,0,0,0,0,0,0,0,0,0,0,0,0,0,0,0,0,0,0,0,0,0,0,0,0,0,0,1,0,0,0,0,0,0,0,0,0,0,1.7817061829263552,0.0,0.0,0.0,0.0,0.0,1.879964948727111,benign,0.0,0.0,0.0,0.0,0.0,0.0,0.0,0.0,0.0,0.0,0.0,0.0,0.0,0.0,0.0,0.0,0.0,0.0,0.0,0.0
0,0,0,0,0,0,0,0,0,0,0,0,0,0,0,0,0,0,0,0,0,0,0,0,0,0,0,0,0,0,0,0,0,0,0,0,0,0,0,0,0,0,0,0,0,0,0,0,0,0,0,0,0,0,0,0,0,0.0,,,,,,,benign,0.0,0.0,0.0,0.0,0.0,0.0,0.0,0.0,0.0,0.0,0.0,0.0,0.0,0.0,0.0,0.0,0.0,0.0,0.0,0.0
0,0,0,0,0,0,0,0,0,0,0,0,0,0,0,0,0,0,0,0,0,0,0,0,0,0,0,0,0,0,0,0,0,0,0,0,0,0,0,0,0,0,0,0,0,0,0,0,0,0,0,0,0,0,0,0,0,0.0,,,,,,,benign,0.0,0.0,0.0,0.0,0.0,0.0,0.0,0.0,0.0,0.0,0.0,0.0,0.0,0.0,0.0,0.0,0.0,0.0,0.0,0.0
0,0,0,0,0,0,0,0,0,0,0,0,0,0,0,0,0,0,0,0,0,0,0,0,0,0,0,0,0,0,0,0,0,0,0,0,0,0,0,0,0,0,0,0,0,0,0,0,0,0,0,0,0,0,0,0,0,0.0,,,,,,,benign,0.0,0.0,0.0,0.0,0.0,0.0,0.0,0.0,0.0,0.0,0.0,0.0,0.0,0.0,0.0,0.0,0.0,0.0,0.0,0.0
1,0,0,2,0,2,1,0,0,0,0,0,0,0,0,0,0,0,0,0,0,0,0,0,0,0,0,0,0,0,0,0,1,0,1,0,0,0,1,0,0,0,0,0,0,2,2,0,0,0,0,0,0,0,0,1,0,3.658929970720169,0.0,0.0,0.0,0.0,0.0,2.6195646721337056,benign,0.0,0.0,0.9181050870928623,0.0,0.31645497167202946,0.23861957161612463,0.0,0.0,0.0,0.0,0.0,0.0,0.0,0.0,0.0,0.0,0.0,0.0,0.0,0.0
1,0,0,0,0,0,1,0,0,0,0,0,0,0,0,0,0,0,0,0,0,0,0,0,0,0,0,0,0,0,0,0,1,0,1,0,0,0,1,0,0,0,0,0,0,0,1,0,0,0,0,0,0,0,0,1,0,2.9763039828850744,0.0,0.0,0.0,0.0,0.0,2.210368890194565,benign,0.0,0.0,1.0,0.0,0.0,0.0,0.0,0.0,0.0,0.0,0.0,0.0,0.0,0.0,0.0,0.0,0.0,0.0,0.0,0.0
6,0,5,58,0,28,56,0,56,0,0,8,8,0,0,0,0,0,0,0,0,6,8,44,16,0,0,0,0,0,0,0,28,0,28,0,4,0,0,0,2,0,8,0,24,26,115,0,0,0,0,1,0,0,0,0,0,6.828753382983973,0.0,0.0,0.0,0.0,0.0,3.396344937495577,benign,0.0,0.0,0.5825489010076002,0.014726849889162303,0.0,0.04634909239652984,0.08989657934971074,0.0,0.014593927156231788,0.014726849889162303,0.24993053017958822,0.0,0.3032261156964227,0.3638758943517581,0.0,0.014726849889162303,0.09203899792811057,0.0,0.557893262904706,0.2073895802028367
0,0,0,0,0,0,0,0,0,0,0,0,0,0,0,0,0,0,0,0,0,0,0,0,0,0,0,0,0,0,0,0,0,0,0,0,0,0,0,0,0,0,0,0,0,0,1,0,0,0,0,0,0,0,0,0,0,1.868058222419032,0.0,0.0,0.0,0.0,0.0,2.9514195898955555,benign,0.0,0.0,0.0,0.4360358749709731,0.0,0.27446286489419697,0.0,0.0,0.4321002688778097,0.4360358749709731,0.0,0.0,0.0,0.0,0.0,0.4360358749709731,0.0,0.0,0.0,0.409362480748649
0,0,0,0,0,0,0,0,0,0,0,0,0,0,0,0,0,0,0,0,0,0,0,0,0,0,0,0,0,0,0,0,0,0,0,0,0,0,0,0,0,0,0,0,0,0,1,0,0,0,0,0,0,0,0,0,0,1.854262555220856,0.0,0.0,0.0,0.0,0.0,2.773972927341982,benign,0.0,0.0,0.6519893681076924,0.0,0.0,0.0,0.0,0.0,0.0,0.0,0.0,0.0,0.0,0.0,0.0,0.0,0.0,0.0,0.0,0.7582281080746955
0,0,0,26,0,11,0,0,0,0,0,0,0,0,0,0,0,0,0,0,0,0,0,0,0,0,0,0,0,0,0,0,0,0,0,0,0,0,0,0,0,0,0,0,12,26,1,0,0,0,0,0,0,0,0,0,0,4.790711441183116,0.0,0.0,0.0,0.0,0.0,2.773972927341982,benign,0.0,0.0,0.6519893681076924,0.0,0.0,0.0,0.0,0.0,0.0,0.0,0.0,0.0,0.0,0.0,0.0,0.0,0.0,0.0,0.0,0.7582281080746955
0,0,0,26,0,11,0,0,0,0,0,0,0,0,0,0,0,0,0,0,0,0,0,0,0,0,0,0,0,0,0,0,0,0,0,0,0,0,0,0,0,0,0,0,12,26,1,0,0,0,0,0,0,0,0,0,0,4.790711441183116,0.0,0.0,0.0,0.0,0.0,2.773972927341982,benign,0.0,0.0,0.6519893681076924,0.0,0.0,0.0,0.0,0.0,0.0,0.0,0.0,0.0,0.0,0.0,0.0,0.0,0.0,0.0,0.0,0.7582281080746955
0,0,0,0,0,0,0,0,0,0,0,0,0,0,0,0,0,0,0,0,0,0,0,0,0,0,0,0,0,0,0,0,0,0,0,0,0,0,0,0,0,0,0,0,0,0,1,0,0,0,0,0,0,0,0,0,0,1.8634303062418824,0.0,0.0,0.0,0.0,0.0,2.891619986165511,benign,0.0,0.0,0.6519893681076924,0.0,0.0,0.0,0.0,0.0,0.0,0.0,0.0,0.0,0.0,0.0,0.0,0.0,0.0,0.0,0.0,0.7582281080746955
5,0,5,2,0,2,16,0,32,0,0,8,8,0,0,0,0,0,0,0,0,5,8,16,16,0,0,0,0,0,0,0,8,0,8,0,0,0,0,0,0,0,0,0,0,2,66,0,0,0,0,1,0,0,0,0,0,6.046965884862166,0.0,0.0,0.0,0.0,0.0,3.396344937495577,benign,0.0,0.0,0.5598612216302596,0.015076346440881294,0.0,0.047449045753140955,0.09202999856227281,0.0,0.014940269195128694,0.015076346440881294,0.25586186370471276,0.0,0.3104222562576865,0.37251137113645677,0.0,0.015076346440881294,0.09422326086564607,0.0,0.5711331460487543,0.19815724594006198
0,0,0,0,0,0,2,0,2,0,0,2,2,0,0,0,0,0,0,0,0,0,0,2,2,0,0,0,0,0,0,0,0,0,0,0,0,0,0,0,0,0,0,0,0,0,15,0,0,0,0,1,0,0,0,0,0,4.355659205116057,0.0,0.0,0.0,0.0,0.0,3.396344937495577,benign,0.0,0.0,0.6677818795251821,0.0393902637015944,0.0,0.04958841804104854,0.24044856796308628,0.0,0.039034732033825945,0.0393902637015944,0.2056908522648246,0.0,0.40552313455989447,0.2433169269233408,0.0,0.0393902637015944,0.24617894705960092,0.0,0.373052670947156,0.1479226549173421
0,0,0,0,0,0,0,0,0,0,0,0,0,0,0,0,0,0,0,0,0,0,0,0,0,0,0,0,0,0,0,0,0,0,0,0,0,0,0,0,0,0,0,0,0,0,0,0,0,0,0,0,0,0,0,0,0,0.0,,,,,,,benign,0.0,0.0,0.6852892846163351,0.0,0.0,0.0,0.0,0.0,0.0,0.0,0.0,0.0,0.7282709635774528,0.0,0.0,0.0,0.0,0.0,0.0,0.0
0,0,0,0,0,0,0,0,0,0,0,0,0,0,0,0,0,0,0,0,0,0,0,0,0,0,0,0,0,0,0,0,0,0,0,0,0,0,0,0,0,0,0,0,0,0,2,0,0,0,0,0,0,0,0,0,0,2.3621914259952668,0.0,0.0,0.0,0.0,0.0,3.228372376129276,benign,0.0,0.0,0.4729268509901567,0.29291224635472674,0.0,0.1843736694886972,0.35760273507381457,0.0,0.2902684565023606,0.29291224635472674,0.0,0.0,0.25129452714635514,0.0,0.0,0.29291224635472674,0.36612513658064344,0.0,0.0,0.27499407891016436
0,0,0,0,0,0,0,0,0,0,0,0,0,0,0,0,0,0,0,0,0,0,0,0,0,0,0,0,0,0,0,0,0,0,0,0,0,0,0,0,0,0,0,0,0,0,1,0,0,0,0,0,0,0,0,0,0,1.868058222419032,0.0,0.0,0.0,0.0,0.0,2.9514195898955555,benign,0.0,0.0,0.0,0.4360358749709731,0.0,0.27446286489419697,0.0,0.0,0.4321002688778097,0.4360358749709731,0.0,0.0,0.0,0.0,0.0,0.4360358749709731,0.0,0.0,0.0,0.409362480748649
0,0,0,0,0,0,0,0,0,0,0,0,0,0,0,0,0,0,0,0,0,0,0,0,0,0,0,0,0,0,0,0,0,0,0,0,0,0,0,0,0,0,0,0,0,0,2,0,0,0,0,0,0,0,0,0,0,2.363799501265868,0.0,0.0,0.0,0.0,0.0,3.2625366587893625,benign,0.0,0.0,0.4729268509901567,0.29291224635472674,0.0,0.1843736694886972,0.35760273507381457,0.0,0.2902684565023606,0.29291224635472674,0.0,0.0,0.25129452714635514,0.0,0.0,0.29291224635472674,0.36612513658064344,0.0,0.0,0.27499407891016436
0,0,0,0,0,0,0,0,0,0,0,0,0,0,0,0,0,0,0,0,0,0,0,0,0,0,0,0,0,0,0,0,0,0,0,0,0,0,0,0,0,0,0,0,0,0,1,0,0,0,0,0,0,0,0,0,0,1.868058222419032,0.0,0.0,0.0,0.0,0.0,2.9514195898955555,benign,0.0,0.0,0.0,0.4360358749709731,0.0,0.27446286489419697,0.0,0.0,0.4321002688778097,0.4360358749709731,0.0,0.0,0.0,0.0,0.0,0.4360358749709731,0.0,0.0,0.0,0.409362480748649
0,0,0,0,0,0,0,0,0,0,0,0,0,0,0,0,0,0,0,0,0,0,0,0,0,0,0,0,0,0,0,0,0,0,0,0,0,0,0,0,0,0,0,0,0,0,2,0,0,0,0,0,0,0,0,0,0,2.3617765258995345,0.0,0.0,0.0,0.0,0.0,3.219566549293704,benign,0.0,0.0,0.4729268509901567,0.29291224635472674,0.0,0.1843736694886972,0.35760273507381457,0.0,0.2902684565023606,0.29291224635472674,0.0,0.0,0.25129452714635514,0.0,0.0,0.29291224635472674,0.36612513658064344,0.0,0.0,0.27499407891016436
0,0,0,0,0,0,0,0,0,0,0,0,0,0,0,0,0,0,0,0,0,0,0,0,0,0,0,0,0,0,0,0,0,0,0,0,0,0,0,0,0,0,0,0,0,0,1,0,0,0,0,0,0,0,0,0,0,1.868058222419032,0.0,0.0,0.0,0.0,0.0,2.9514195898955555,benign,0.0,0.0,0.0,0.4360358749709731,0.0,0.27446286489419697,0.0,0.0,0.4321002688778097,0.4360358749709731,0.0,0.0,0.0,0.0,0.0,0.4360358749709731,0.0,0.0,0.0,0.409362480748649
0,0,0,0,0,0,0,0,0,0,0,0,0,0,0,0,0,0,0,0,0,0,0,0,0,0,0,0,0,0,0,0,0,0,0,0,0,0,0,0,0,0,0,0,0,0,2,0,0,0,0,0,0,0,0,0,0,2.36502700653444,0.0,0.0,0.0,0.0,0.0,3.288652559985165,benign,0.0,0.0,0.4729268509901567,0.29291224635472674,0.0,0.1843736694886972,0.35760273507381457,0.0,0.2902684565023606,0.29291224635472674,0.0,0.0,0.25129452714635514,0.0,0.0,0.29291224635472674,0.36612513658064344,0.0,0.0,0.27499407891016436
0,0,0,0,0,0,0,0,0,0,0,0,0,0,0,0,0,0,0,0,0,0,0,0,0,0,0,0,0,0,0,0,0,0,0,0,0,0,0,0,0,0,0,0,0,0,1,0,0,0,0,0,0,0,0,0,0,1.868058222419032,0.0,0.0,0.0,0.0,0.0,2.9514195898955555,benign,0.0,0.0,0.0,0.4360358749709731,0.0,0.27446286489419697,0.0,0.0,0.4321002688778097,0.4360358749709731,0.0,0.0,0.0,0.0,0.0,0.4360358749709731,0.0,0.0,0.0,0.409362480748649
0,0,0,0,0,0,0,0,0,0,0,0,0,0,0,0,0,0,0,0,0,0,0,0,0,0,0,0,0,0,0,0,0,0,0,0,0,0,0,0,0,0,0,0,0,0,0,0,0,0,0,0,0,0,0,0,0,0.0,,,,,,,benign,0.0,0.0,0.6852892846163351,0.0,0.0,0.0,0.0,0.0,0.0,0.0,0.0,0.0,0.7282709635774528,0.0,0.0,0.0,0.0,0.0,0.0,0.0
0,0,0,0,0,0,0,0,0,0,0,0,0,0,0,0,0,0,0,0,0,0,0,0,0,0,0,0,0,0,0,0,0,0,0,0,0,0,0,0,0,0,0,0,0,0,2,0,0,0,0,0,0,0,0,0,0,2.3667849377426244,0.0,0.0,0.0,0.0,0.0,3.326109460381478,benign,0.0,0.0,0.5852900540376956,0.24167038960087733,0.0,0.1521194729547634,0.2950439709610779,0.0,0.23948910243519697,0.24167038960087733,0.0,0.0,0.41466648824563823,0.0,0.0,0.24167038960087733,0.30207546970557275,0.0,0.0,0.22688681342353648
0,0,0,0,0,0,0,0,0,0,0,0,0,0,0,0,0,0,0,0,0,0,0,0,0,0,0,0,0,0,0,0,0,0,0,0,0,0,0,0,0,0,0,0,0,0,1,0,0,0,0,0,0,0,0,0,0,1.868058222419032,0.0,0.0,0.0,0.0,0.0,2.9514195898955555,benign,0.0,0.0,0.0,0.4360358749709731,0.0,0.27446286489419697,0.0,0.0,0.4321002688778097,0.4360358749709731,0.0,0.0,0.0,0.0,0.0,0.4360358749709731,0.0,0.0,0.0,0.409362480748649
0,0,0,0,0,0,0,0,0,0,0,0,0,0,0,0,0,0,0,0,0,0,0,0,0,0,0,0,0,0,0,0,0,0,0,0,0,0,0,0,0,0,0,0,0,0,1,0,0,0,0,0,0,0,0,0,0,1.852240816467405,0.0,0.0,0.0,0.0,0.0,2.7481733799993955,benign,0.0,0.0,0.0,0.0,0.0,0.0,0.0,0.0,0.0,0.0,0.0,0.0,0.0,0.0,0.0,0.0,0.0,0.0,0.0,0.0
0,0,0,0,0,0,0,0,0,0,0,0,0,0,0,0,0,0,0,0,0,0,0,0,0,0,0,0,0,0,0,0,0,0,0,0,0,0,0,0,0,0,0,0,0,0,0,0,0,0,0,0,0,0,0,0,0,0.0,,,,,,,benign,0.0,0.0,0.6852892846163351,0.0,0.0,0.0,0.0,0.0,0.0,0.0,0.0,0.0,0.7282709635774528,0.0,0.0,0.0,0.0,0.0,0.0,0.0
0,0,0,0,0,0,0,0,0,0,0,2,0,0,0,0,0,0,0,0,0,0,0,0,0,0,0,0,0,0,0,0,0,0,0,0,0,0,0,0,0,0,0,0,0,0,1,0,0,0,0,1,0,0,0,0,0,2.001260071631328,0.0,0.0,0.0,0.0,0.0,2.7567454149350623,benign,0.0,0.0,0.4591011770279272,0.0,0.0,0.0,0.0,0.0,0.0,0.0,0.7424172550780652,0.0,0.48789622730035814,0.0,0.0,0.0,0.0,0.0,0.0,0.0
0,0,0,0,0,0,2,0,0,0,0,0,0,0,0,0,0,0,0,0,0,0,0,2,2,0,0,0,0,0,0,0,0,0,0,0,0,0,0,0,0,0,0,0,0,0,1,0,0,0,0,0,0,0,0,0,0,3.022669974705736,0.0,0.0,0.0,0.0,0.0,3.0921520370513647,benign,0.0,0.0,0.3638607948619326,0.0,0.0,0.0,0.0,0.0,0.0,0.0,0.588403049412105,0.0,0.38668232180299444,0.0,0.0,0.0,0.0,0.0,0.6098064901343901,0.0
0,0,0,0,0,0,0,0,0,0,0,0,0,0,0,0,0,0,0,0,0,0,0,0,0,0,0,0,0,0,0,0,0,0,0,0,0,0,0,0,0,0,0,0,0,0,0,0,0,0,0,0,0,0,0,0,0,0.0,,,,,,,benign,0.0,0.0,0.6852892846163351,0.0,0.0,0.0,0.0,0.0,0.0,0.0,0.0,0.0,0.7282709635774528,0.0,0.0,0.0,0.0,0.0,0.0,0.0
0,0,0,0,0,0,0,0,0,0,0,0,0,0,0,0,0,0,0,0,0,0,0,0,0,0,0,0,0,0,0,0,0,0,0,0,0,0,0,0,0,0,0,0,0,0,0,0,0,0,0,0,0,0,0,0,0,0.0,,,,,,,benign,0.0,0.0,0.6852892846163351,0.0,0.0,0.0,0.0,0.0,0.0,0.0,0.0,0.0,0.7282709635774528,0.0,0.0,0.0,0.0,0.0,0.0,0.0
0,0,0,0,0,0,0,0,0,0,0,0,0,0,0,0,0,0,0,0,0,0,0,0,0,0,0,0,0,0,0,0,0,0,0,0,0,0,0,0,0,0,0,0,0,0,1,0,0,0,0,0,0,0,0,0,0,1.8090776073913948,0.0,0.0,0.0,0.0,0.0,2.209627598587938,benign,0.0,0.0,0.0,0.0,0.0,0.0,0.0,0.0,0.0,0.0,0.0,0.0,0.0,0.0,0.0,0.0,0.0,0.0,0.0,0.0
0,0,0,0,0,0,0,0,0,0,0,0,0,0,0,0,0,0,0,0,0,0,0,0,0,0,0,0,0,0,0,0,0,0,0,0,0,0,0,0,0,0,0,0,0,0,0,0,0,0,0,0,0,0,0,0,0,0.0,,,,,,,benign,0.0,0.0,0.6852892846163351,0.0,0.0,0.0,0.0,0.0,0.0,0.0,0.0,0.0,0.7282709635774528,0.0,0.0,0.0,0.0,0.0,0.0,0.0
0,0,0,0,0,0,0,0,0,0,0,0,0,0,0,0,0,0,0,0,0,0,0,0,0,0,0,0,0,0,0,0,0,0,0,0,0,0,0,0,0,0,0,0,0,0,0,0,0,0,0,0,0,0,0,0,0,0.0,,,,,,,benign,0.0,0.0,0.6852892846163351,0.0,0.0,0.0,0.0,0.0,0.0,0.0,0.0,0.0,0.7282709635774528,0.0,0.0,0.0,0.0,0.0,0.0,0.0
0,0,0,0,0,0,0,0,0,0,0,0,0,0,0,0,0,0,0,0,0,0,0,0,0,0,0,0,0,0,0,0,0,0,0,0,0,0,0,0,0,0,0,0,0,0,1,0,0,0,0,0,0,0,0,0,0,1.8090776073913948,0.0,0.0,0.0,0.0,0.0,2.209627598587938,benign,0.0,0.0,0.0,0.0,0.0,0.0,0.0,0.0,0.0,0.0,0.0,0.0,0.0,0.0,0.0,0.0,0.0,0.0,0.0,0.0
0,0,0,0,0,0,0,0,0,0,0,0,0,0,0,0,0,0,0,0,0,0,0,0,0,0,0,0,0,0,0,0,0,0,0,0,0,0,0,0,0,0,0,0,0,0,0,0,0,0,0,0,0,0,0,0,0,0.0,,,,,,,benign,0.0,0.0,0.6852892846163351,0.0,0.0,0.0,0.0,0.0,0.0,0.0,0.0,0.0,0.7282709635774528,0.0,0.0,0.0,0.0,0.0,0.0,0.0
0,0,0,0,0,0,0,0,0,0,0,0,0,0,0,0,0,0,0,0,0,0,0,0,0,0,0,0,0,0,0,0,0,0,0,0,0,0,0,0,0,0,0,0,0,0,0,0,0,0,0,0,0,0,0,0,0,0.0,,,,,,,benign,0.0,0.0,0.6852892846163351,0.0,0.0,0.0,0.0,0.0,0.0,0.0,0.0,0.0,0.7282709635774528,0.0,0.0,0.0,0.0,0.0,0.0,0.0
0,0,0,0,0,0,0,0,0,0,0,0,0,0,0,0,0,0,0,0,0,0,0,0,0,0,0,0,0,0,0,0,0,0,0,0,0,0,0,0,0,0,0,0,0,0,1,0,0,0,0,0,0,0,0,0,0,1.9018347233310084,0.0,0.0,0.0,0.0,0.0,3.396344937495577,benign,0.0,0.0,0.4082002741031692,0.0,0.0,0.0,0.0,0.0,0.0,0.0,0.22003495974726708,0.0,0.14460093161976614,0.5205698710653032,0.0,0.0,0.0,0.0,0.6841165081201007,0.1582382252884094
0,0,0,0,0,0,0,0,0,0,0,0,2,0,0,0,0,0,0,0,0,0,0,0,0,0,0,0,0,0,0,0,0,0,0,0,0,0,0,0,0,0,0,0,0,0,1,0,0,0,0,0,0,0,0,0,0,1.892582043863125,0.0,0.0,0.0,0.0,0.0,3.0729645316581244,benign,0.0,0.0,0.3638607948619326,0.0,0.0,0.0,0.0,0.0,0.0,0.0,0.588403049412105,0.0,0.38668232180299444,0.0,0.0,0.0,0.0,0.0,0.6098064901343901,0.0
0,0,0,0,0,0,2,0,2,0,0,2,2,0,0,0,0,0,0,0,0,0,0,2,2,0,0,0,0,0,0,0,0,0,0,0,0,0,0,0,0,0,0,0,0,0,15,0,0,0,0,1,0,0,0,0,0,4.355630631500587,0.0,0.0,0.0,0.0,0.0,3.391892193314922,benign,0.0,0.0,0.6677818795251821,0.0393902637015944,0.0,0.04958841804104854,0.24044856796308628,0.0,0.039034732033825945,0.0393902637015944,0.2056908522648246,0.0,0.40552313455989447,0.2433169269233408,0.0,0.0393902637015944,0.24617894705960092,0.0,0.373052670947156,0.1479226549173421
0,0,0,0,0,0,0,0,0,0,0,0,0,0,0,0,0,0,0,0,0,0,0,0,0,0,0,0,0,0,0,0,0,0,0,0,0,0,0,0,0,0,0,0,0,0,0,0,0,0,0,0,0,0,0,0,0,0.0,,,,,,,benign,0.0,0.0,0.6852892846163351,0.0,0.0,0.0,0.0,0.0,0.0,0.0,0.0,0.0,0.7282709635774528,0.0,0.0,0.0,0.0,0.0,0.0,0.0
0,0,0,0,0,0,0,0,0,0,0,0,0,0,0,0,0,0,0,0,0,0,0,0,0,0,0,0,0,0,0,0,0,0,0,0,0,0,0,0,0,0,0,0,0,0,2,0,0,0,0,0,0,0,0,0,0,2.3621914259952668,0.0,0.0,0.0,0.0,0.0,3.228372376129276,benign,0.0,0.0,0.4729268509901567,0.29291224635472674,0.0,0.1843736694886972,0.35760273507381457,0.0,0.2902684565023606,0.29291224635472674,0.0,0.0,0.25129452714635514,0.0,0.0,0.29291224635472674,0.36612513658064344,0.0,0.0,0.27499407891016436
0,0,0,0,0,0,0,0,0,0,0,0,0,0,0,0,0,0,0,0,0,0,0,0,0,0,0,0,0,0,0,0,0,0,0,0,0,0,0,0,0,0,0,0,0,0,1,0,0,0,0,0,0,0,0,0,0,1.868058222419032,0.0,0.0,0.0,0.0,0.0,2.9514195898955555,benign,0.0,0.0,0.0,0.4360358749709731,0.0,0.27446286489419697,0.0,0.0,0.4321002688778097,0.4360358749709731,0.0,0.0,0.0,0.0,0.0,0.4360358749709731,0.0,0.0,0.0,0.409362480748649
0,0,0,0,0,0,0,0,0,0,0,0,0,0,0,0,0,0,0,0,0,0,0,0,0,0,0,0,0,0,0,0,0,0,0,0,0,0,0,0,0,0,0,0,0,0,2,0,0,0,0,0,0,0,0,0,0,2.363799501265868,0.0,0.0,0.0,0.0,0.0,3.2625366587893625,benign,0.0,0.0,0.4729268509901567,0.29291224635472674,0.0,0.1843736694886972,0.35760273507381457,0.0,0.2902684565023606,0.29291224635472674,0.0,0.0,0.25129452714635514,0.0,0.0,0.29291224635472674,0.36612513658064344,0.0,0.0,0.27499407891016436
0,0,0,0,0,0,0,0,0,0,0,0,0,0,0,0,0,0,0,0,0,0,0,0,0,0,0,0,0,0,0,0,0,0,0,0,0,0,0,0,0,0,0,0,0,0,1,0,0,0,0,0,0,0,0,0,0,1.868058222419032,0.0,0.0,0.0,0.0,0.0,2.9514195898955555,benign,0.0,0.0,0.0,0.4360358749709731,0.0,0.27446286489419697,0.0,0.0,0.4321002688778097,0.4360358749709731,0.0,0.0,0.0,0.0,0.0,0.4360358749709731,0.0,0.0,0.0,0.409362480748649
0,0,0,0,0,0,0,0,0,0,0,0,0,0,0,0,0,0,0,0,0,0,0,0,0,0,0,0,0,0,0,0,0,0,0,0,0,0,0,0,0,0,0,0,0,0,2,0,0,0,0,0,0,0,0,0,0,2.3617765258995345,0.0,0.0,0.0,0.0,0.0,3.219566549293704,benign,0.0,0.0,0.4729268509901567,0.29291224635472674,0.0,0.1843736694886972,0.35760273507381457,0.0,0.2902684565023606,0.29291224635472674,0.0,0.0,0.25129452714635514,0.0,0.0,0.29291224635472674,0.36612513658064344,0.0,0.0,0.27499407891016436
0,0,0,0,0,0,0,0,0,0,0,0,0,0,0,0,0,0,0,0,0,0,0,0,0,0,0,0,0,0,0,0,0,0,0,0,0,0,0,0,0,0,0,0,0,0,1,0,0,0,0,0,0,0,0,0,0,1.868058222419032,0.0,0.0,0.0,0.0,0.0,2.9514195898955555,benign,0.0,0.0,0.0,0.4360358749709731,0.0,0.27446286489419697,0.0,0.0,0.4321002688778097,0.4360358749709731,0.0,0.0,0.0,0.0,0.0,0.4360358749709731,0.0,0.0,0.0,0.409362480748649
0,0,0,0,0,0,0,0,0,0,0,0,0,0,0,0,0,0,0,0,0,0,0,0,0,0,0,0,0,0,0,0,0,0,0,0,0,0,0,0,0,0,0,0,0,0,2,0,0,0,0,0,0,0,0,0,0,2.36502700653444,0.0,0.0,0.0,0.0,0.0,3.288652559985165,benign,0.0,0.0,0.4729268509901567,0.29291224635472674,0.0,0.1843736694886972,0.35760273507381457,0.0,0.2902684565023606,0.29291224635472674,0.0,0.0,0.25129452714635514,0.0,0.0,0.29291224635472674,0.36612513658064344,0.0,0.0,0.27499407891016436
0,0,0,0,0,0,0,0,0,0,0,0,0,0,0,0,0,0,0,0,0,0,0,0,0,0,0,0,0,0,0,0,0,0,0,0,0,0,0,0,0,0,0,0,0,0,1,0,0,0,0,0,0,0,0,0,0,1.868058222419032,0.0,0.0,0.0,0.0,0.0,2.9514195898955555,benign,0.0,0.0,0.0,0.4360358749709731,0.0,0.27446286489419697,0.0,0.0,0.4321002688778097,0.4360358749709731,0.0,0.0,0.0,0.0,0.0,0.4360358749709731,0.0,0.0,0.0,0.409362480748649
0,0,0,0,0,0,0,0,0,0,0,0,0,0,0,0,0,0,0,0,0,0,0,0,0,0,0,0,0,0,0,0,0,0,0,0,0,0,0,0,0,0,0,0,0,0,0,0,0,0,0,0,0,0,0,0,0,0.0,,,,,,,benign,0.0,0.0,0.6852892846163351,0.0,0.0,0.0,0.0,0.0,0.0,0.0,0.0,0.0,0.7282709635774528,0.0,0.0,0.0,0.0,0.0,0.0,0.0
0,0,0,0,0,0,0,0,0,0,0,0,0,0,0,0,0,0,0,0,0,0,0,0,0,0,0,0,0,0,0,0,0,0,0,0,0,0,0,0,0,0,0,0,0,0,2,0,0,0,0,0,0,0,0,0,0,2.3667849377426244,0.0,0.0,0.0,0.0,0.0,3.326109460381478,benign,0.0,0.0,0.5852900540376956,0.24167038960087733,0.0,0.1521194729547634,0.2950439709610779,0.0,0.23948910243519697,0.24167038960087733,0.0,0.0,0.41466648824563823,0.0,0.0,0.24167038960087733,0.30207546970557275,0.0,0.0,0.22688681342353648
0,0,0,0,0,0,0,0,0,0,0,0,0,0,0,0,0,0,0,0,0,0,0,0,0,0,0,0,0,0,0,0,0,0,0,0,0,0,0,0,0,0,0,0,0,0,1,0,0,0,0,0,0,0,0,0,0,1.868058222419032,0.0,0.0,0.0,0.0,0.0,2.9514195898955555,benign,0.0,0.0,0.0,0.4360358749709731,0.0,0.27446286489419697,0.0,0.0,0.4321002688778097,0.4360358749709731,0.0,0.0,0.0,0.0,0.0,0.4360358749709731,0.0,0.0,0.0,0.409362480748649
0,0,0,0,0,0,0,0,0,0,0,0,0,0,0,0,0,0,0,0,0,0,0,0,0,0,0,0,0,0,0,0,0,0,0,0,0,0,0,0,0,0,0,0,0,0,1,0,0,0,0,0,0,0,0,0,0,1.852240816467405,0.0,0.0,0.0,0.0,0.0,2.7481733799993955,benign,0.0,0.0,0.0,0.0,0.0,0.0,0.0,0.0,0.0,0.0,0.0,0.0,0.0,0.0,0.0,0.0,0.0,0.0,0.0,0.0
0,0,0,0,0,0,0,0,0,0,0,0,0,0,0,0,0,0,0,0,0,0,0,0,0,0,0,0,0,0,0,0,0,0,0,0,0,0,0,0,0,0,0,0,0,0,0,0,0,0,0,0,0,0,0,0,0,0.0,,,,,,,benign,0.0,0.0,0.6852892846163351,0.0,0.0,0.0,0.0,0.0,0.0,0.0,0.0,0.0,0.7282709635774528,0.0,0.0,0.0,0.0,0.0,0.0,0.0
0,0,0,0,0,0,0,0,0,0,0,2,0,0,0,0,0,0,0,0,0,0,0,0,0,0,0,0,0,0,0,0,0,0,0,0,0,0,0,0,0,0,0,0,0,0,1,0,0,0,0,1,0,0,0,0,0,2.001260071631328,0.0,0.0,0.0,0.0,0.0,2.7567454149350623,benign,0.0,0.0,0.4591011770279272,0.0,0.0,0.0,0.0,0.0,0.0,0.0,0.7424172550780652,0.0,0.48789622730035814,0.0,0.0,0.0,0.0,0.0,0.0,0.0
0,0,0,0,0,0,2,0,0,0,0,0,0,0,0,0,0,0,0,0,0,0,0,2,2,0,0,0,0,0,0,0,0,0,0,0,0,0,0,0,0,0,0,0,0,0,1,0,0,0,0,0,0,0,0,0,0,3.0232562015657045,0.0,0.0,0.0,0.0,0.0,3.116248422593533,benign,0.0,0.0,0.3638607948619326,0.0,0.0,0.0,0.0,0.0,0.0,0.0,0.588403049412105,0.0,0.38668232180299444,0.0,0.0,0.0,0.0,0.0,0.6098064901343901,0.0
0,0,0,0,0,0,0,0,0,0,0,0,0,0,0,0,0,0,0,0,0,0,0,0,0,0,0,0,0,0,0,0,0,0,0,0,0,0,0,0,0,0,0,0,0,0,0,0,0,0,0,0,0,0,0,0,0,0.0,,,,,,,benign,0.0,0.0,0.6852892846163351,0.0,0.0,0.0,0.0,0.0,0.0,0.0,0.0,0.0,0.7282709635774528,0.0,0.0,0.0,0.0,0.0,0.0,0.0
0,0,0,0,0,0,0,0,0,0,0,0,0,0,0,0,0,0,0,0,0,0,0,0,0,0,0,0,0,0,0,0,0,0,0,0,0,0,0,0,0,0,0,0,0,0,0,0,0,0,0,0,0,0,0,0,0,0.0,,,,,,,benign,0.0,0.0,0.6852892846163351,0.0,0.0,0.0,0.0,0.0,0.0,0.0,0.0,0.0,0.7282709635774528,0.0,0.0,0.0,0.0,0.0,0.0,0.0
0,0,0,0,0,0,0,0,0,0,0,0,0,0,0,0,0,0,0,0,0,0,0,0,0,0,0,0,0,0,0,0,0,0,0,0,0,0,0,0,0,0,0,0,0,0,1,0,0,0,0,0,0,0,0,0,0,1.8090776073913948,0.0,0.0,0.0,0.0,0.0,2.209627598587938,benign,0.0,0.0,0.0,0.0,0.0,0.0,0.0,0.0,0.0,0.0,0.0,0.0,0.0,0.0,0.0,0.0,0.0,0.0,0.0,0.0
0,0,0,0,0,0,0,0,0,0,0,0,0,0,0,0,0,0,0,0,0,0,0,0,0,0,0,0,0,0,0,0,0,0,0,0,0,0,0,0,0,0,0,0,0,0,0,0,0,0,0,0,0,0,0,0,0,0.0,,,,,,,benign,0.0,0.0,0.6852892846163351,0.0,0.0,0.0,0.0,0.0,0.0,0.0,0.0,0.0,0.7282709635774528,0.0,0.0,0.0,0.0,0.0,0.0,0.0
0,0,0,0,0,0,0,0,0,0,0,0,0,0,0,0,0,0,0,0,0,0,0,0,0,0,0,0,0,0,0,0,0,0,0,0,0,0,0,0,0,0,0,0,0,0,0,0,0,0,0,0,0,0,0,0,0,0.0,,,,,,,benign,0.0,0.0,0.6852892846163351,0.0,0.0,0.0,0.0,0.0,0.0,0.0,0.0,0.0,0.7282709635774528,0.0,0.0,0.0,0.0,0.0,0.0,0.0
0,0,0,0,0,0,0,0,0,0,0,0,0,0,0,0,0,0,0,0,0,0,0,0,0,0,0,0,0,0,0,0,0,0,0,0,0,0,0,0,0,0,0,0,0,0,1,0,0,0,0,0,0,0,0,0,0,1.8090776073913948,0.0,0.0,0.0,0.0,0.0,2.209627598587938,benign,0.0,0.0,0.0,0.0,0.0,0.0,0.0,0.0,0.0,0.0,0.0,0.0,0.0,0.0,0.0,0.0,0.0,0.0,0.0,0.0
0,0,0,0,0,0,0,0,0,0,0,0,0,0,0,0,0,0,0,0,0,0,0,0,0,0,0,0,0,0,0,0,0,0,0,0,0,0,0,0,0,0,0,0,0,0,0,0,0,0,0,0,0,0,0,0,0,0.0,,,,,,,benign,0.0,0.0,0.6852892846163351,0.0,0.0,0.0,0.0,0.0,0.0,0.0,0.0,0.0,0.7282709635774528,0.0,0.0,0.0,0.0,0.0,0.0,0.0
0,0,0,0,0,0,0,0,0,0,0,0,0,0,0,0,0,0,0,0,0,0,0,0,0,0,0,0,0,0,0,0,0,0,0,0,0,0,0,0,0,0,0,0,0,0,0,0,0,0,0,0,0,0,0,0,0,0.0,,,,,,,benign,0.0,0.0,0.6852892846163351,0.0,0.0,0.0,0.0,0.0,0.0,0.0,0.0,0.0,0.7282709635774528,0.0,0.0,0.0,0.0,0.0,0.0,0.0
0,0,0,0,0,0,0,0,0,0,0,0,0,0,0,0,0,0,0,0,0,0,0,0,0,0,0,0,0,0,0,0,0,0,0,0,0,0,0,0,0,0,0,0,0,0,1,0,0,0,0,0,0,0,0,0,0,1.901502283073748,0.0,0.0,0.0,0.0,0.0,3.391892193314922,benign,0.0,0.0,0.4082002741031692,0.0,0.0,0.0,0.0,0.0,0.0,0.0,0.22003495974726708,0.0,0.14460093161976614,0.5205698710653032,0.0,0.0,0.0,0.0,0.6841165081201007,0.1582382252884094
0,0,0,0,0,0,0,0,0,0,0,0,2,0,0,0,0,0,0,0,0,0,0,0,0,0,0,0,0,0,0,0,0,0,0,0,0,0,0,0,0,0,0,0,0,0,1,0,0,0,0,0,0,0,0,0,0,1.8898828679074384,0.0,0.0,0.0,0.0,0.0,3.037186771889768,benign,0.0,0.0,0.3638607948619326,0.0,0.0,0.0,0.0,0.0,0.0,0.0,0.588403049412105,0.0,0.38668232180299444,0.0,0.0,0.0,0.0,0.0,0.6098064901343901,0.0
5,0,5,0,0,0,2,0,2,0,0,2,2,0,0,0,0,0,0,0,0,5,0,2,2,0,0,0,0,0,0,0,0,0,0,0,0,0,0,0,0,0,0,0,0,0,20,0,0,0,0,1,0,0,0,0,0,4.948464899964658,0.0,0.0,0.0,0.0,0.0,3.3768249719113115,benign,0.0,0.0,0.6677818795251821,0.0393902637015944,0.0,0.04958841804104854,0.24044856796308628,0.0,0.039034732033825945,0.0393902637015944,0.2056908522648246,0.0,0.40552313455989447,0.2433169269233408,0.0,0.0393902637015944,0.24617894705960092,0.0,0.373052670947156,0.1479226549173421
0,0,0,0,0,0,0,0,0,0,0,0,0,0,0,0,0,0,0,0,0,0,0,0,0,0,0,0,0,0,0,0,0,0,0,0,0,0,0,0,0,0,0,0,0,0,0,0,0,0,0,0,0,0,0,0,0,0.0,,,,,,,benign,0.0,0.0,0.6852892846163351,0.0,0.0,0.0,0.0,0.0,0.0,0.0,0.0,0.0,0.7282709635774528,0.0,0.0,0.0,0.0,0.0,0.0,0.0
1,0,1,0,0,0,0,0,0,0,0,0,0,0,0,0,0,0,0,0,0,1,0,0,0,0,0,0,0,0,0,0,0,0,0,0,0,0,0,0,0,0,0,0,0,0,3,0,0,0,0,0,0,0,0,0,0,3.281820057855956,0.0,0.0,0.0,0.0,0.0,3.228372376129276,benign,0.0,0.0,0.4729268509901567,0.29291224635472674,0.0,0.1843736694886972,0.35760273507381457,0.0,0.2902684565023606,0.29291224635472674,0.0,0.0,0.25129452714635514,0.0,0.0,0.29291224635472674,0.36612513658064344,0.0,0.0,0.27499407891016436
0,0,0,0,0,0,0,0,0,0,0,0,0,0,0,0,0,0,0,0,0,0,0,0,0,0,0,0,0,0,0,0,0,0,0,0,0,0,0,0,0,0,0,0,0,0,1,0,0,0,0,0,0,0,0,0,0,1.868058222419032,0.0,0.0,0.0,0.0,0.0,2.9514195898955555,benign,0.0,0.0,0.0,0.4360358749709731,0.0,0.27446286489419697,0.0,0.0,0.4321002688778097,0.4360358749709731,0.0,0.0,0.0,0.0,0.0,0.4360358749709731,0.0,0.0,0.0,0.409362480748649
1,0,1,0,0,0,0,0,0,0,0,0,0,0,0,0,0,0,0,0,0,1,0,0,0,0,0,0,0,0,0,0,0,0,0,0,0,0,0,0,0,0,0,0,0,0,3,0,0,0,0,0,0,0,0,0,0,3.282461454501133,0.0,0.0,0.0,0.0,0.0,3.2625366587893625,benign,0.0,0.0,0.4729268509901567,0.29291224635472674,0.0,0.1843736694886972,0.35760273507381457,0.0,0.2902684565023606,0.29291224635472674,0.0,0.0,0.25129452714635514,0.0,0.0,0.29291224635472674,0.36612513658064344,0.0,0.0,0.27499407891016436
0,0,0,0,0,0,0,0,0,0,0,0,0,0,0,0,0,0,0,0,0,0,0,0,0,0,0,0,0,0,0,0,0,0,0,0,0,0,0,0,0,0,0,0,0,0,1,0,0,0,0,0,0,0,0,0,0,1.868058222419032,0.0,0.0,0.0,0.0,0.0,2.9514195898955555,benign,0.0,0.0,0.0,0.4360358749709731,0.0,0.27446286489419697,0.0,0.0,0.4321002688778097,0.4360358749709731,0.0,0.0,0.0,0.0,0.0,0.4360358749709731,0.0,0.0,0.0,0.409362480748649
1,0,1,0,0,0,0,0,0,0,0,0,0,0,0,0,0,0,0,0,0,1,0,0,0,0,0,0,0,0,0,0,0,0,0,0,0,0,0,0,0,0,0,0,0,0,3,0,0,0,0,0,0,0,0,0,0,3.2816546714855463,0.0,0.0,0.0,0.0,0.0,3.219566549293704,benign,0.0,0.0,0.4729268509901567,0.29291224635472674,0.0,0.1843736694886972,0.35760273507381457,0.0,0.2902684565023606,0.29291224635472674,0.0,0.0,0.25129452714635514,0.0,0.0,0.29291224635472674,0.36612513658064344,0.0,0.0,0.27499407891016436
0,0,0,0,0,0,0,0,0,0,0,0,0,0,0,0,0,0,0,0,0,0,0,0,0,0,0,0,0,0,0,0,0,0,0,0,0,0,0,0,0,0,0,0,0,0,1,0,0,0,0,0,0,0,0,0,0,1.868058222419032,0.0,0.0,0.0,0.0,0.0,2.9514195898955555,benign,0.0,0.0,0.0,0.4360358749709731,0.0,0.27446286489419697,0.0,0.0,0.4321002688778097,0.4360358749709731,0.0,0.0,0.0,0.0,0.0,0.4360358749709731,0.0,0.0,0.0,0.409362480748649
1,0,1,0,0,0,0,0,0,0,0,0,0,0,0,0,0,0,0,0,0,1,0,0,0,0,0,0,0,0,0,0,0,0,0,0,0,0,0,0,0,0,0,0,0,0,3,0,0,0,0,0,0,0,0,0,0,3.282951474396957,0.0,0.0,0.0,0.0,0.0,3.288652559985165,benign,0.0,0.0,0.4729268509901567,0.29291224635472674,0.0,0.1843736694886972,0.35760273507381457,0.0,0.2902684565023606,0.29291224635472674,0.0,0.0,0.25129452714635514,0.0,0.0,0.29291224635472674,0.36612513658064344,0.0,0.0,0.27499407891016436
0,0,0,0,0,0,0,0,0,0,0,0,0,0,0,0,0,0,0,0,0,0,0,0,0,0,0,0,0,0,0,0,0,0,0,0,0,0,0,0,0,0,0,0,0,0,1,0,0,0,0,0,0,0,0,0,0,1.868058222419032,0.0,0.0,0.0,0.0,0.0,2.9514195898955555,benign,0.0,0.0,0.0,0.4360358749709731,0.0,0.27446286489419697,0.0,0.0,0.4321002688778097,0.4360358749709731,0.0,0.0,0.0,0.0,0.0,0.4360358749709731,0.0,0.0,0.0,0.409362480748649
0,0,0,0,0,0,0,0,0,0,0,0,0,0,0,0,0,0,0,0,0,0,0,0,0,0,0,0,0,0,0,0,0,0,0,0,0,0,0,0,0,0,0,0,0,0,0,0,0,0,0,0,0,0,0,0,0,0.0,,,,,,,benign,0.0,0.0,0.6852892846163351,0.0,0.0,0.0,0.0,0.0,0.0,0.0,0.0,0.0,0.7282709635774528,0.0,0.0,0.0,0.0,0.0,0.0,0.0
1,0,1,0,0,0,0,0,0,0,0,0,0,0,0,0,0,0,0,0,0,1,0,0,0,0,0,0,0,0,0,0,0,0,0,0,0,0,0,0,0,0,0,0,0,0,3,0,0,0,0,0,0,0,0,0,0,3.283653869699834,0.0,0.0,0.0,0.0,0.0,3.326109460381478,benign,0.0,0.0,0.5852900540376956,0.24167038960087733,0.0,0.1521194729547634,0.2950439709610779,0.0,0.23948910243519697,0.24167038960087733,0.0,0.0,0.41466648824563823,0.0,0.0,0.24167038960087733,0.30207546970557275,0.0,0.0,0.22688681342353648
0,0,0,0,0,0,0,0,0,0,0,0,0,0,0,0,0,0,0,0,0,0,0,0,0,0,0,0,0,0,0,0,0,0,0,0,0,0,0,0,0,0,0,0,0,0,1,0,0,0,0,0,0,0,0,0,0,1.868058222419032,0.0,0.0,0.0,0.0,0.0,2.9514195898955555,benign,0.0,0.0,0.0,0.4360358749709731,0.0,0.27446286489419697,0.0,0.0,0.4321002688778097,0.4360358749709731,0.0,0.0,0.0,0.0,0.0,0.4360358749709731,0.0,0.0,0.0,0.409362480748649
0,0,0,0,0,0,0,0,0,0,0,0,0,0,0,0,0,0,0,0,0,0,0,0,0,0,0,0,0,0,0,0,0,0,0,0,0,0,0,0,0,0,0,0,0,0,1,0,0,0,0,0,0,0,0,0,0,1.852240816467405,0.0,0.0,0.0,0.0,0.0,2.7481733799993955,benign,0.0,0.0,0.0,0.0,0.0,0.0,0.0,0.0,0.0,0.0,0.0,0.0,0.0,0.0,0.0,0.0,0.0,0.0,0.0,0.0
0,0,0,0,0,0,0,0,0,0,0,0,0,0,0,0,0,0,0,0,0,0,0,0,0,0,0,0,0,0,0,0,0,0,0,0,0,0,0,0,0,0,0,0,0,0,0,0,0,0,0,0,0,0,0,0,0,0.0,,,,,,,benign,0.0,0.0,0.6852892846163351,0.0,0.0,0.0,0.0,0.0,0.0,0.0,0.0,0.0,0.7282709635774528,0.0,0.0,0.0,0.0,0.0,0.0,0.0
0,0,0,0,0,0,0,0,0,0,0,2,0,0,0,0,0,0,0,0,0,0,0,0,0,0,0,0,0,0,0,0,0,0,0,0,0,0,0,0,0,0,0,0,0,0,1,0,0,0,0,1,0,0,0,0,0,2.001260071631328,0.0,0.0,0.0,0.0,0.0,2.7567454149350623,benign,0.0,0.0,0.4591011770279272,0.0,0.0,0.0,0.0,0.0,0.0,0.0,0.7424172550780652,0.0,0.48789622730035814,0.0,0.0,0.0,0.0,0.0,0.0,0.0
0,0,0,0,0,0,2,0,0,0,0,0,0,0,0,0,0,0,0,0,0,0,0,2,2,0,0,0,0,0,0,0,0,0,0,0,0,0,0,0,0,0,0,0,0,0,1,0,0,0,0,0,0,0,0,0,0,3.022891282749516,0.0,0.0,0.0,0.0,0.0,3.1012470671979124,benign,0.0,0.0,0.3638607948619326,0.0,0.0,0.0,0.0,0.0,0.0,0.0,0.588403049412105,0.0,0.38668232180299444,0.0,0.0,0.0,0.0,0.0,0.6098064901343901,0.0
0,0,0,0,0,0,0,0,0,0,0,0,0,0,0,0,0,0,0,0,0,0,0,0,0,0,0,0,0,0,0,0,0,0,0,0,0,0,0,0,0,0,0,0,0,0,0,0,0,0,0,0,0,0,0,0,0,0.0,,,,,,,benign,0.0,0.0,0.6852892846163351,0.0,0.0,0.0,0.0,0.0,0.0,0.0,0.0,0.0,0.7282709635774528,0.0,0.0,0.0,0.0,0.0,0.0,0.0
0,0,0,0,0,0,0,0,0,0,0,0,0,0,0,0,0,0,0,0,0,0,0,0,0,0,0,0,0,0,0,0,0,0,0,0,0,0,0,0,0,0,0,0,0,0,0,0,0,0,0,0,0,0,0,0,0,0.0,,,,,,,benign,0.0,0.0,0.6852892846163351,0.0,0.0,0.0,0.0,0.0,0.0,0.0,0.0,0.0,0.7282709635774528,0.0,0.0,0.0,0.0,0.0,0.0,0.0
0,0,0,0,0,0,0,0,0,0,0,0,0,0,0,0,0,0,0,0,0,0,0,0,0,0,0,0,0,0,0,0,0,0,0,0,0,0,0,0,0,0,0,0,0,0,1,0,0,0,0,0,0,0,0,0,0,1.8090776073913948,0.0,0.0,0.0,0.0,0.0,2.209627598587938,benign,0.0,0.0,0.0,0.0,0.0,0.0,0.0,0.0,0.0,0.0,0.0,0.0,0.0,0.0,0.0,0.0,0.0,0.0,0.0,0.0
0,0,0,0,0,0,0,0,0,0,0,0,0,0,0,0,0,0,0,0,0,0,0,0,0,0,0,0,0,0,0,0,0,0,0,0,0,0,0,0,0,0,0,0,0,0,0,0,0,0,0,0,0,0,0,0,0,0.0,,,,,,,benign,0.0,0.0,0.6852892846163351,0.0,0.0,0.0,0.0,0.0,0.0,0.0,0.0,0.0,0.7282709635774528,0.0,0.0,0.0,0.0,0.0,0.0,0.0
0,0,0,0,0,0,0,0,0,0,0,0,0,0,0,0,0,0,0,0,0,0,0,0,0,0,0,0,0,0,0,0,0,0,0,0,0,0,0,0,0,0,0,0,0,0,0,0,0,0,0,0,0,0,0,0,0,0.0,,,,,,,benign,0.0,0.0,0.6852892846163351,0.0,0.0,0.0,0.0,0.0,0.0,0.0,0.0,0.0,0.7282709635774528,0.0,0.0,0.0,0.0,0.0,0.0,0.0
0,0,0,0,0,0,0,0,0,0,0,0,0,0,0,0,0,0,0,0,0,0,0,0,0,0,0,0,0,0,0,0,0,0,0,0,0,0,0,0,0,0,0,0,0,0,1,0,0,0,0,0,0,0,0,0,0,1.8090776073913948,0.0,0.0,0.0,0.0,0.0,2.209627598587938,benign,0.0,0.0,0.0,0.0,0.0,0.0,0.0,0.0,0.0,0.0,0.0,0.0,0.0,0.0,0.0,0.0,0.0,0.0,0.0,0.0
0,0,0,0,0,0,0,0,0,0,0,0,0,0,0,0,0,0,0,0,0,0,0,0,0,0,0,0,0,0,0,0,0,0,0,0,0,0,0,0,0,0,0,0,0,0,0,0,0,0,0,0,0,0,0,0,0,0.0,,,,,,,benign,0.0,0.0,0.6852892846163351,0.0,0.0,0.0,0.0,0.0,0.0,0.0,0.0,0.0,0.7282709635774528,0.0,0.0,0.0,0.0,0.0,0.0,0.0
0,0,0,0,0,0,0,0,0,0,0,0,0,0,0,0,0,0,0,0,0,0,0,0,0,0,0,0,0,0,0,0,0,0,0,0,0,0,0,0,0,0,0,0,0,0,0,0,0,0,0,0,0,0,0,0,0,0.0,,,,,,,benign,0.0,0.0,0.6852892846163351,0.0,0.0,0.0,0.0,0.0,0.0,0.0,0.0,0.0,0.7282709635774528,0.0,0.0,0.0,0.0,0.0,0.0,0.0
0,0,0,0,0,0,0,0,0,0,0,0,0,0,0,0,0,0,0,0,0,0,0,0,0,0,0,0,0,0,0,0,0,0,0,0,0,0,0,0,0,0,0,0,0,0,1,0,0,0,0,0,0,0,0,0,0,1.9003765494121905,0.0,0.0,0.0,0.0,0.0,3.3768249719113115,benign,0.0,0.0,0.4082002741031692,0.0,0.0,0.0,0.0,0.0,0.0,0.0,0.22003495974726708,0.0,0.14460093161976614,0.5205698710653032,0.0,0.0,0.0,0.0,0.6841165081201007,0.1582382252884094
0,0,0,0,0,0,0,0,0,0,0,0,2,0,0,0,0,0,0,0,0,0,0,0,0,0,0,0,0,0,0,0,0,0,0,0,0,0,0,0,0,0,0,0,0,0,1,0,0,0,0,0,0,0,0,0,0,1.888660540447085,0.0,0.0,0.0,0.0,0.0,3.0210164797100725,benign,0.0,0.0,0.3638607948619326,0.0,0.0,0.0,0.0,0.0,0.0,0.0,0.588403049412105,0.0,0.38668232180299444,0.0,0.0,0.0,0.0,0.0,0.6098064901343901,0.0
0,0,0,0,0,0,2,0,2,0,0,2,2,0,0,0,0,0,0,0,0,0,0,2,2,0,0,0,0,0,0,0,0,0,0,0,0,0,0,0,0,0,0,0,0,0,15,0,0,0,0,1,0,0,0,0,0,4.355637473072814,0.0,0.0,0.0,0.0,0.0,3.392958332107706,benign,0.0,0.0,0.6677818795251821,0.0393902637015944,0.0,0.04958841804104854,0.24044856796308628,0.0,0.039034732033825945,0.0393902637015944,0.2056908522648246,0.0,0.40552313455989447,0.2433169269233408,0.0,0.0393902637015944,0.24617894705960092,0.0,0.373052670947156,0.1479226549173421
0,0,0,0,0,0,0,0,0,0,0,0,0,0,0,0,0,0,0,0,0,0,0,0,0,0,0,0,0,0,0,0,0,0,0,0,0,0,0,0,0,0,0,0,0,0,0,0,0,0,0,0,0,0,0,0,0,0.0,,,,,,,benign,0.0,0.0,0.6852892846163351,0.0,0.0,0.0,0.0,0.0,0.0,0.0,0.0,0.0,0.7282709635774528,0.0,0.0,0.0,0.0,0.0,0.0,0.0
0,0,0,0,0,0,0,0,0,0,0,0,0,0,0,0,0,0,0,0,0,0,0,0,0,0,0,0,0,0,0,0,0,0,0,0,0,0,0,0,0,0,0,0,0,0,2,0,0,0,0,0,0,0,0,0,0,2.3621914259952668,0.0,0.0,0.0,0.0,0.0,3.228372376129276,benign,0.0,0.0,0.4729268509901567,0.29291224635472674,0.0,0.1843736694886972,0.35760273507381457,0.0,0.2902684565023606,0.29291224635472674,0.0,0.0,0.25129452714635514,0.0,0.0,0.29291224635472674,0.36612513658064344,0.0,0.0,0.27499407891016436
0,0,0,0,0,0,0,0,0,0,0,0,0,0,0,0,0,0,0,0,0,0,0,0,0,0,0,0,0,0,0,0,0,0,0,0,0,0,0,0,0,0,0,0,0,0,1,0,0,0,0,0,0,0,0,0,0,1.868058222419032,0.0,0.0,0.0,0.0,0.0,2.9514195898955555,benign,0.0,0.0,0.0,0.4360358749709731,0.0,0.27446286489419697,0.0,0.0,0.4321002688778097,0.4360358749709731,0.0,0.0,0.0,0.0,0.0,0.4360358749709731,0.0,0.0,0.0,0.409362480748649
0,0,0,0,0,0,0,0,0,0,0,0,0,0,0,0,0,0,0,0,0,0,0,0,0,0,0,0,0,0,0,0,0,0,0,0,0,0,0,0,0,0,0,0,0,0,2,0,0,0,0,0,0,0,0,0,0,2.363799501265868,0.0,0.0,0.0,0.0,0.0,3.2625366587893625,benign,0.0,0.0,0.4729268509901567,0.29291224635472674,0.0,0.1843736694886972,0.35760273507381457,0.0,0.2902684565023606,0.29291224635472674,0.0,0.0,0.25129452714635514,0.0,0.0,0.29291224635472674,0.36612513658064344,0.0,0.0,0.27499407891016436
0,0,0,0,0,0,0,0,0,0,0,0,0,0,0,0,0,0,0,0,0,0,0,0,0,0,0,0,0,0,0,0,0,0,0,0,0,0,0,0,0,0,0,0,0,0,1,0,0,0,0,0,0,0,0,0,0,1.868058222419032,0.0,0.0,0.0,0.0,0.0,2.9514195898955555,benign,0.0,0.0,0.0,0.4360358749709731,0.0,0.27446286489419697,0.0,0.0,0.4321002688778097,0.4360358749709731,0.0,0.0,0.0,0.0,0.0,0.4360358749709731,0.0,0.0,0.0,0.409362480748649
0,0,0,0,0,0,0,0,0,0,0,0,0,0,0,0,0,0,0,0,0,0,0,0,0,0,0,0,0,0,0,0,0,0,0,0,0,0,0,0,0,0,0,0,0,0,2,0,0,0,0,0,0,0,0,0,0,2.3617765258995345,0.0,0.0,0.0,0.0,0.0,3.219566549293704,benign,0.0,0.0,0.4729268509901567,0.29291224635472674,0.0,0.1843736694886972,0.35760273507381457,0.0,0.2902684565023606,0.29291224635472674,0.0,0.0,0.25129452714635514,0.0,0.0,0.29291224635472674,0.36612513658064344,0.0,0.0,0.27499407891016436
0,0,0,0,0,0,0,0,0,0,0,0,0,0,0,0,0,0,0,0,0,0,0,0,0,0,0,0,0,0,0,0,0,0,0,0,0,0,0,0,0,0,0,0,0,0,1,0,0,0,0,0,0,0,0,0,0,1.868058222419032,0.0,0.0,0.0,0.0,0.0,2.9514195898955555,benign,0.0,0.0,0.0,0.4360358749709731,0.0,0.27446286489419697,0.0,0.0,0.4321002688778097,0.4360358749709731,0.0,0.0,0.0,0.0,0.0,0.4360358749709731,0.0,0.0,0.0,0.409362480748649
0,0,0,0,0,0,0,0,0,0,0,0,0,0,0,0,0,0,0,0,0,0,0,0,0,0,0,0,0,0,0,0,0,0,0,0,0,0,0,0,0,0,0,0,0,0,2,0,0,0,0,0,0,0,0,0,0,2.36502700653444,0.0,0.0,0.0,0.0,0.0,3.288652559985165,benign,0.0,0.0,0.4729268509901567,0.29291224635472674,0.0,0.1843736694886972,0.35760273507381457,0.0,0.2902684565023606,0.29291224635472674,0.0,0.0,0.25129452714635514,0.0,0.0,0.29291224635472674,0.36612513658064344,0.0,0.0,0.27499407891016436
0,0,0,0,0,0,0,0,0,0,0,0,0,0,0,0,0,0,0,0,0,0,0,0,0,0,0,0,0,0,0,0,0,0,0,0,0,0,0,0,0,0,0,0,0,0,1,0,0,0,0,0,0,0,0,0,0,1.868058222419032,0.0,0.0,0.0,0.0,0.0,2.9514195898955555,benign,0.0,0.0,0.0,0.4360358749709731,0.0,0.27446286489419697,0.0,0.0,0.4321002688778097,0.4360358749709731,0.0,0.0,0.0,0.0,0.0,0.4360358749709731,0.0,0.0,0.0,0.409362480748649
0,0,0,0,0,0,0,0,0,0,0,0,0,0,0,0,0,0,0,0,0,0,0,0,0,0,0,0,0,0,0,0,0,0,0,0,0,0,0,0,0,0,0,0,0,0,0,0,0,0,0,0,0,0,0,0,0,0.0,,,,,,,benign,0.0,0.0,0.6852892846163351,0.0,0.0,0.0,0.0,0.0,0.0,0.0,0.0,0.0,0.7282709635774528,0.0,0.0,0.0,0.0,0.0,0.0,0.0
0,0,0,0,0,0,0,0,0,0,0,0,0,0,0,0,0,0,0,0,0,0,0,0,0,0,0,0,0,0,0,0,0,0,0,0,0,0,0,0,0,0,0,0,0,0,2,0,0,0,0,0,0,0,0,0,0,2.3667849377426244,0.0,0.0,0.0,0.0,0.0,3.326109460381478,benign,0.0,0.0,0.5852900540376956,0.24167038960087733,0.0,0.1521194729547634,0.2950439709610779,0.0,0.23948910243519697,0.24167038960087733,0.0,0.0,0.41466648824563823,0.0,0.0,0.24167038960087733,0.30207546970557275,0.0,0.0,0.22688681342353648
0,0,0,0,0,0,0,0,0,0,0,0,0,0,0,0,0,0,0,0,0,0,0,0,0,0,0,0,0,0,0,0,0,0,0,0,0,0,0,0,0,0,0,0,0,0,1,0,0,0,0,0,0,0,0,0,0,1.868058222419032,0.0,0.0,0.0,0.0,0.0,2.9514195898955555,benign,0.0,0.0,0.0,0.4360358749709731,0.0,0.27446286489419697,0.0,0.0,0.4321002688778097,0.4360358749709731,0.0,0.0,0.0,0.0,0.0,0.4360358749709731,0.0,0.0,0.0,0.409362480748649
0,0,0,0,0,0,0,0,0,0,0,0,0,0,0,0,0,0,0,0,0,0,0,0,0,0,0,0,0,0,0,0,0,0,0,0,0,0,0,0,0,0,0,0,0,0,1,0,0,0,0,0,0,0,0,0,0,1.852240816467405,0.0,0.0,0.0,0.0,0.0,2.7481733799993955,benign,0.0,0.0,0.0,0.0,0.0,0.0,0.0,0.0,0.0,0.0,0.0,0.0,0.0,0.0,0.0,0.0,0.0,0.0,0.0,0.0
0,0,0,0,0,0,0,0,0,0,0,0,0,0,0,0,0,0,0,0,0,0,0,0,0,0,0,0,0,0,0,0,0,0,0,0,0,0,0,0,0,0,0,0,0,0,0,0,0,0,0,0,0,0,0,0,0,0.0,,,,,,,benign,0.0,0.0,0.6852892846163351,0.0,0.0,0.0,0.0,0.0,0.0,0.0,0.0,0.0,0.7282709635774528,0.0,0.0,0.0,0.0,0.0,0.0,0.0
0,0,0,0,0,0,0,0,0,0,0,2,0,0,0,0,0,0,0,0,0,0,0,0,0,0,0,0,0,0,0,0,0,0,0,0,0,0,0,0,0,0,0,0,0,0,1,0,0,0,0,1,0,0,0,0,0,2.001260071631328,0.0,0.0,0.0,0.0,0.0,2.7567454149350623,benign,0.0,0.0,0.4591011770279272,0.0,0.0,0.0,0.0,0.0,0.0,0.0,0.7424172550780652,0.0,0.48789622730035814,0.0,0.0,0.0,0.0,0.0,0.0,0.0
0,0,0,0,0,0,2,0,0,0,0,0,0,0,0,0,0,0,0,0,0,0,0,2,2,0,0,0,0,0,0,0,0,0,0,0,0,0,0,0,0,0,0,0,0,0,1,0,0,0,0,0,0,0,0,0,0,3.0240631337920414,0.0,0.0,0.0,0.0,0.0,3.14943983828225,benign,0.0,0.0,0.3638607948619326,0.0,0.0,0.0,0.0,0.0,0.0,0.0,0.588403049412105,0.0,0.38668232180299444,0.0,0.0,0.0,0.0,0.0,0.6098064901343901,0.0
0,0,0,0,0,0,0,0,0,0,0,0,0,0,0,0,0,0,0,0,0,0,0,0,0,0,0,0,0,0,0,0,0,0,0,0,0,0,0,0,0,0,0,0,0,0,0,0,0,0,0,0,0,0,0,0,0,0.0,,,,,,,benign,0.0,0.0,0.6852892846163351,0.0,0.0,0.0,0.0,0.0,0.0,0.0,0.0,0.0,0.7282709635774528,0.0,0.0,0.0,0.0,0.0,0.0,0.0
0,0,0,0,0,0,0,0,0,0,0,0,0,0,0,0,0,0,0,0,0,0,0,0,0,0,0,0,0,0,0,0,0,0,0,0,0,0,0,0,0,0,0,0,0,0,0,0,0,0,0,0,0,0,0,0,0,0.0,,,,,,,benign,0.0,0.0,0.6852892846163351,0.0,0.0,0.0,0.0,0.0,0.0,0.0,0.0,0.0,0.7282709635774528,0.0,0.0,0.0,0.0,0.0,0.0,0.0
0,0,0,0,0,0,0,0,0,0,0,0,0,0,0,0,0,0,0,0,0,0,0,0,0,0,0,0,0,0,0,0,0,0,0,0,0,0,0,0,0,0,0,0,0,0,1,0,0,0,0,0,0,0,0,0,0,1.8090776073913948,0.0,0.0,0.0,0.0,0.0,2.209627598587938,benign,0.0,0.0,0.0,0.0,0.0,0.0,0.0,0.0,0.0,0.0,0.0,0.0,0.0,0.0,0.0,0.0,0.0,0.0,0.0,0.0
0,0,0,0,0,0,0,0,0,0,0,0,0,0,0,0,0,0,0,0,0,0,0,0,0,0,0,0,0,0,0,0,0,0,0,0,0,0,0,0,0,0,0,0,0,0,0,0,0,0,0,0,0,0,0,0,0,0.0,,,,,,,benign,0.0,0.0,0.6852892846163351,0.0,0.0,0.0,0.0,0.0,0.0,0.0,0.0,0.0,0.7282709635774528,0.0,0.0,0.0,0.0,0.0,0.0,0.0
0,0,0,0,0,0,0,0,0,0,0,0,0,0,0,0,0,0,0,0,0,0,0,0,0,0,0,0,0,0,0,0,0,0,0,0,0,0,0,0,0,0,0,0,0,0,0,0,0,0,0,0,0,0,0,0,0,0.0,,,,,,,benign,0.0,0.0,0.6852892846163351,0.0,0.0,0.0,0.0,0.0,0.0,0.0,0.0,0.0,0.7282709635774528,0.0,0.0,0.0,0.0,0.0,0.0,0.0
0,0,0,0,0,0,0,0,0,0,0,0,0,0,0,0,0,0,0,0,0,0,0,0,0,0,0,0,0,0,0,0,0,0,0,0,0,0,0,0,0,0,0,0,0,0,1,0,0,0,0,0,0,0,0,0,0,1.8090776073913948,0.0,0.0,0.0,0.0,0.0,2.209627598587938,benign,0.0,0.0,0.0,0.0,0.0,0.0,0.0,0.0,0.0,0.0,0.0,0.0,0.0,0.0,0.0,0.0,0.0,0.0,0.0,0.0
0,0,0,0,0,0,0,0,0,0,0,0,0,0,0,0,0,0,0,0,0,0,0,0,0,0,0,0,0,0,0,0,0,0,0,0,0,0,0,0,0,0,0,0,0,0,0,0,0,0,0,0,0,0,0,0,0,0.0,,,,,,,benign,0.0,0.0,0.6852892846163351,0.0,0.0,0.0,0.0,0.0,0.0,0.0,0.0,0.0,0.7282709635774528,0.0,0.0,0.0,0.0,0.0,0.0,0.0
0,0,0,0,0,0,0,0,0,0,0,0,0,0,0,0,0,0,0,0,0,0,0,0,0,0,0,0,0,0,0,0,0,0,0,0,0,0,0,0,0,0,0,0,0,0,0,0,0,0,0,0,0,0,0,0,0,0.0,,,,,,,benign,0.0,0.0,0.6852892846163351,0.0,0.0,0.0,0.0,0.0,0.0,0.0,0.0,0.0,0.7282709635774528,0.0,0.0,0.0,0.0,0.0,0.0,0.0
0,0,0,0,0,0,0,0,0,0,0,0,0,0,0,0,0,0,0,0,0,0,0,0,0,0,0,0,0,0,0,0,0,0,0,0,0,0,0,0,0,0,0,0,0,0,1,0,0,0,0,0,0,0,0,0,0,1.901581890670761,0.0,0.0,0.0,0.0,0.0,3.392958332107706,benign,0.0,0.0,0.4082002741031692,0.0,0.0,0.0,0.0,0.0,0.0,0.0,0.22003495974726708,0.0,0.14460093161976614,0.5205698710653032,0.0,0.0,0.0,0.0,0.6841165081201007,0.1582382252884094
0,0,0,0,0,0,0,0,0,0,0,0,2,0,0,0,0,0,0,0,0,0,0,0,0,0,0,0,0,0,0,0,0,0,0,0,0,0,0,0,0,0,0,0,0,0,1,0,0,0,0,0,0,0,0,0,0,1.894537043786128,0.0,0.0,0.0,0.0,0.0,3.09893855763215,benign,0.0,0.0,0.3638607948619326,0.0,0.0,0.0,0.0,0.0,0.0,0.0,0.588403049412105,0.0,0.38668232180299444,0.0,0.0,0.0,0.0,0.0,0.6098064901343901,0.0
0,0,0,0,0,0,0,0,0,0,0,0,0,0,0,0,0,0,0,0,0,0,0,0,0,0,0,0,0,0,0,0,0,0,0,0,0,0,0,0,0,0,0,0,0,0,1,0,0,0,0,0,0,0,0,0,0,1.859707154844908,0.0,0.0,0.0,0.0,0.0,2.8437117733109467,benign,0.0,0.0,0.9815262992945841,0.0,0.0,0.19132726881727674,0.0,0.0,0.0,0.0,0.0,0.0,0.0,0.0,0.0,0.0,0.0,0.0,0.0,0.0
0,0,0,0,0,0,0,0,0,0,0,0,0,0,0,0,0,0,0,0,0,0,0,0,0,0,0,0,0,0,0,0,0,0,0,0,0,0,0,0,0,0,0,0,0,0,1,0,0,0,0,0,0,0,0,0,0,1.859707154844908,0.0,0.0,0.0,0.0,0.0,2.8437117733109467,benign,0.0,0.0,0.9678450313136161,0.0,0.0,0.2515472030485444,0.0,0.0,0.0,0.0,0.0,0.0,0.0,0.0,0.0,0.0,0.0,0.0,0.0,0.0
0,0,0,0,0,0,0,0,0,0,0,0,0,0,0,0,0,0,0,0,0,0,0,0,0,0,0,0,0,0,0,0,0,0,0,0,0,0,0,0,0,0,0,0,0,0,0,0,0,0,0,0,0,0,0,0,0,0.0,,,,,,,benign,0.0,0.0,1.0,0.0,0.0,0.0,0.0,0.0,0.0,0.0,0.0,0.0,0.0,0.0,0.0,0.0,0.0,0.0,0.0,0.0
0,0,0,0,0,0,0,0,0,0,0,0,0,0,0,0,0,0,0,0,0,0,0,0,0,0,0,0,0,0,0,0,0,0,0,0,0,0,0,0,0,0,0,0,0,0,1,0,0,0,0,0,0,0,0,0,0,1.868058222419032,0.0,0.0,0.0,0.0,0.0,2.9514195898955555,benign,0.0,0.0,0.0,0.4360358749709731,0.0,0.27446286489419697,0.0,0.0,0.4321002688778097,0.4360358749709731,0.0,0.0,0.0,0.0,0.0,0.4360358749709731,0.0,0.0,0.0,0.409362480748649
0,0,0,0,0,0,0,0,0,0,0,0,0,0,0,0,0,0,0,0,0,0,0,0,0,0,0,0,0,0,0,0,0,0,0,0,0,0,0,0,0,0,0,0,0,0,1,0,0,0,0,0,0,0,0,0,0,1.868058222419032,0.0,0.0,0.0,0.0,0.0,2.9514195898955555,benign,0.0,0.0,0.0,0.4360358749709731,0.0,0.27446286489419697,0.0,0.0,0.4321002688778097,0.4360358749709731,0.0,0.0,0.0,0.0,0.0,0.4360358749709731,0.0,0.0,0.0,0.409362480748649
0,0,0,0,0,0,0,0,0,0,0,0,0,0,0,0,0,0,0,0,0,0,0,0,0,0,0,0,0,0,0,0,0,0,0,0,0,0,0,0,0,0,0,0,0,0,0,0,0,0,0,0,0,0,0,0,0,0.0,,,,,,,benign,0.0,0.0,0.0,0.0,0.0,0.0,0.0,0.0,0.0,0.0,0.0,0.0,0.0,0.0,0.0,0.0,0.0,0.0,0.0,0.0
0,0,0,2,0,2,0,0,0,0,0,0,0,0,0,0,0,0,0,0,0,0,0,0,0,0,0,0,0,0,0,0,0,0,0,0,0,0,0,0,0,0,0,0,0,2,2,0,0,0,0,0,0,0,0,0,0,3.231712928778216,0.0,0.0,0.0,0.0,0.0,2.64599266182679,benign,0.0,0.0,0.0,0.0,0.5794952261019019,0.43696233266746043,0.0,0.0,0.6879311032035965,0.0,0.0,0.0,0.0,0.0,0.0,0.0,0.0,0.0,0.0,0.0
0,0,0,2,0,2,0,0,0,0,0,0,0,0,0,0,0,0,0,0,0,0,0,0,0,0,0,0,0,0,0,0,0,0,0,0,0,0,0,0,0,0,0,0,0,2,2,0,0,0,0,0,0,0,0,0,0,3.230931072226138,0.0,0.0,0.0,0.0,0.0,2.6064102365333333,benign,0.0,0.0,0.0,0.0,0.7984491479660817,0.6020622543493638,0.0,0.0,0.0,0.0,0.0,0.0,0.0,0.0,0.0,0.0,0.0,0.0,0.0,0.0
2,0,0,4,0,4,0,0,0,0,0,0,0,0,0,0,0,0,0,0,0,0,0,0,0,0,0,0,0,0,0,0,0,0,0,0,0,0,0,0,0,0,0,0,0,2,2,0,0,0,0,0,0,0,0,0,0,3.3798476963599864,0.0,0.0,0.0,0.0,0.0,2.692596357139282,benign,0.0,0.0,0.0,0.0,0.7984491479660817,0.6020622543493638,0.0,0.0,0.0,0.0,0.0,0.0,0.0,0.0,0.0,0.0,0.0,0.0,0.0,0.0
0,0,0,0,0,0,0,0,0,0,0,0,0,0,0,0,0,0,0,0,0,0,0,0,0,0,0,0,0,0,0,0,0,0,0,0,0,0,0,0,0,0,0,0,0,0,1,0,0,0,0,0,0,0,0,0,0,1.7904036063681998,0.0,0.0,0.0,0.0,0.0,1.983740670882856,benign,0.0,0.0,0.0,0.0,0.0,0.0,0.0,0.0,0.0,0.0,0.0,0.0,0.0,0.0,0.0,0.0,0.0,0.0,0.0,0.0
2,0,0,2,0,2,0,0,0,0,0,0,0,0,0,0,0,0,0,0,0,0,0,0,0,0,0,0,0,0,0,0,0,0,0,0,0,0,0,0,0,0,0,0,0,2,0,0,0,0,0,0,0,0,0,0,0,2.773837941640213,,,,,,,benign,0.0,0.0,0.0,0.0,0.0,0.0,0.0,0.0,0.0,0.0,0.0,0.0,0.0,0.0,0.0,0.0,0.0,0.0,0.0,0.0
1,0,0,2,0,2,1,0,0,0,0,0,0,0,0,0,0,0,0,0,0,0,0,0,0,0,0,0,0,0,0,0,1,0,1,0,0,0,1,0,0,0,0,0,0,2,2,0,0,0,0,0,0,0,0,1,0,3.660145118496876,0.0,0.0,0.0,0.0,0.0,2.7139655604283663,benign,0.0,0.0,0.0,0.0,0.7984491479660817,0.6020622543493638,0.0,0.0,0.0,0.0,0.0,0.0,0.0,0.0,0.0,0.0,0.0,0.0,0.0,0.0
0,0,0,2,0,2,0,0,0,0,0,0,0,0,0,0,0,0,0,0,0,0,0,0,0,0,0,0,0,0,0,0,0,0,0,0,0,0,0,0,0,0,0,0,0,2,1,0,0,0,0,0,0,0,0,0,0,3.0615757967692523,0.0,0.0,0.0,0.0,0.0,2.72238310243976,benign,0.0,0.0,0.0,0.0,0.0,0.0,0.0,0.0,0.0,0.0,0.0,0.0,0.0,0.0,0.0,0.0,0.0,0.0,0.0,0.0
0,0,0,0,0,0,0,0,0,0,0,0,0,0,0,0,0,0,0,0,0,0,0,0,0,0,0,0,0,0,0,0,0,0,0,0,0,0,0,0,0,0,0,0,0,0,0,0,0,0,0,0,0,0,0,0,0,0.0,,,,,,,benign,0.0,0.0,0.0,0.0,0.0,0.0,0.0,0.0,0.0,0.0,0.0,0.0,0.0,0.0,0.0,0.0,0.0,0.0,0.0,0.0
0,0,0,0,0,2,2,0,0,0,0,0,0,0,0,0,0,0,0,0,0,0,2,2,2,0,0,0,0,0,0,0,2,0,2,0,0,0,0,0,0,0,0,0,0,0,2,0,0,0,0,0,0,0,0,0,0,3.610917912644224,,,,,,,benign,0.0,0.0,0.0,0.0,0.0,0.0,0.0,0.0,0.0,0.0,0.0,0.0,0.0,0.0,0.0,0.0,0.0,0.0,0.0,0.0
0,0,0,2,0,2,0,0,0,0,0,0,0,0,0,0,0,0,0,0,0,0,0,0,0,0,0,0,0,0,0,0,0,0,0,0,0,0,0,0,0,0,0,0,0,2,2,0,0,0,0,0,0,0,0,0,0,3.2340571000396543,0.0,0.0,0.0,0.0,0.0,2.7648548045108248,benign,0.0,0.0,0.0,0.0,0.7984491479660817,0.6020622543493638,0.0,0.0,0.0,0.0,0.0,0.0,0.0,0.0,0.0,0.0,0.0,0.0,0.0,0.0
0,0,0,2,0,2,0,0,0,0,0,0,0,0,0,0,0,0,0,0,0,0,0,0,0,0,0,0,0,0,0,0,0,0,0,0,0,0,0,0,0,0,0,0,0,2,1,0,0,0,0,0,0,0,0,0,0,3.055825119909083,0.0,0.0,0.0,0.0,0.0,2.4774055510121467,benign,0.0,0.0,0.0,0.0,0.7984491479660817,0.6020622543493638,0.0,0.0,0.0,0.0,0.0,0.0,0.0,0.0,0.0,0.0,0.0,0.0,0.0,0.0
0,0,0,2,0,2,0,0,0,0,0,0,0,0,0,0,0,0,0,0,0,0,0,0,0,0,0,0,0,0,0,0,0,0,0,0,0,0,0,0,0,0,0,0,0,2,2,0,0,0,0,0,0,0,0,0,0,3.221254694053457,0.0,0.0,0.0,0.0,0.0,2.1190850469784714,benign,0.0,0.0,0.0,0.0,0.7984491479660817,0.6020622543493638,0.0,0.0,0.0,0.0,0.0,0.0,0.0,0.0,0.0,0.0,0.0,0.0,0.0,0.0
0,0,0,2,0,3,0,0,0,0,0,0,0,0,0,0,0,0,0,0,0,0,0,0,0,0,0,0,0,0,0,0,0,0,0,0,0,0,0,0,0,0,0,0,0,2,2,0,0,0,0,0,0,0,0,0,0,3.2663700844185137,0.0,0.0,0.0,0.0,0.0,2.4320090718903087,benign,0.0,0.0,0.0,0.0,0.7984491479660817,0.6020622543493638,0.0,0.0,0.0,0.0,0.0,0.0,0.0,0.0,0.0,0.0,0.0,0.0,0.0,0.0
0,0,0,2,0,2,0,0,0,0,0,0,0,0,0,0,0,0,0,0,0,0,0,0,0,0,0,0,0,0,0,0,0,0,0,0,0,0,0,0,0,0,0,0,0,2,2,0,0,0,0,0,0,0,0,0,0,3.216304567244948,0.0,0.0,0.0,0.0,0.0,1.871602261409798,benign,0.0,0.0,0.0,0.0,0.7984491479660817,0.6020622543493638,0.0,0.0,0.0,0.0,0.0,0.0,0.0,0.0,0.0,0.0,0.0,0.0,0.0,0.0
2,0,0,4,0,4,0,0,0,0,0,0,0,0,0,0,0,0,0,0,0,0,0,0,0,0,0,0,0,0,0,0,0,0,0,0,0,0,0,0,0,0,0,0,0,4,1,0,0,0,0,0,0,0,0,0,0,3.375067831438304,0.0,0.0,0.0,0.0,0.0,2.412532347341446,benign,0.0,0.0,0.0,0.0,0.7984491479660817,0.6020622543493638,0.0,0.0,0.0,0.0,0.0,0.0,0.0,0.0,0.0,0.0,0.0,0.0,0.0,0.0
0,0,0,2,0,2,0,0,0,0,0,0,0,0,0,0,0,0,0,0,0,0,0,0,0,0,0,0,0,0,0,0,0,0,0,0,0,0,0,0,0,0,0,0,0,2,2,0,0,0,0,0,0,0,0,0,0,3.224541425352061,0.0,0.0,0.0,0.0,0.0,2.284084017565329,benign,0.0,0.0,0.0,0.0,0.7984491479660817,0.6020622543493638,0.0,0.0,0.0,0.0,0.0,0.0,0.0,0.0,0.0,0.0,0.0,0.0,0.0,0.0
0,0,0,2,0,2,0,0,0,0,0,0,0,0,0,0,0,0,0,0,0,0,0,0,0,0,0,0,0,0,0,0,0,0,0,0,0,0,0,0,0,0,0,0,0,2,2,0,0,0,0,0,0,0,0,0,0,3.230970554692928,0.0,0.0,0.0,0.0,0.0,2.6084083418896538,benign,0.0,0.0,0.0,0.0,0.7984491479660817,0.6020622543493638,0.0,0.0,0.0,0.0,0.0,0.0,0.0,0.0,0.0,0.0,0.0,0.0,0.0,0.0
0,0,0,2,0,2,0,0,0,0,0,0,0,0,0,0,0,0,0,0,0,0,0,0,0,0,0,0,0,0,0,0,0,0,0,0,0,0,0,0,0,0,0,0,0,2,2,0,0,0,0,0,0,0,0,0,0,3.22730111426846,0.0,0.0,0.0,0.0,0.0,2.423044102010384,benign,0.0,0.0,0.0,0.0,0.7984491479660817,0.6020622543493638,0.0,0.0,0.0,0.0,0.0,0.0,0.0,0.0,0.0,0.0,0.0,0.0,0.0,0.0
0,0,0,2,0,2,0,0,0,0,0,0,0,0,0,0,0,0,0,0,0,0,0,0,0,0,0,0,0,0,0,0,0,0,0,0,0,0,0,0,0,0,0,0,0,2,2,0,0,0,0,0,0,0,0,0,0,3.228355445003116,0.0,0.0,0.0,0.0,0.0,2.476234702457177,benign,0.0,0.0,0.0,0.0,0.5193502743602245,0.3916106589565302,0.7595501196850618,0.0,0.0,0.0,0.0,0.0,0.0,0.0,0.0,0.0,0.0,0.0,0.0,0.0
0,0,0,2,0,2,0,0,0,0,0,0,0,0,0,0,0,0,0,0,0,0,0,0,0,0,0,0,0,0,0,0,0,0,0,0,0,0,0,0,0,0,0,0,0,2,2,0,0,0,0,0,0,0,0,0,0,3.216304567244948,0.0,0.0,0.0,0.0,0.0,1.871602261409798,benign,0.0,0.0,0.0,0.0,0.7984491479660817,0.6020622543493638,0.0,0.0,0.0,0.0,0.0,0.0,0.0,0.0,0.0,0.0,0.0,0.0,0.0,0.0
0,0,0,2,0,2,0,0,0,0,0,0,0,0,0,0,0,0,0,0,0,0,0,0,0,0,0,0,0,0,0,0,0,0,0,0,0,0,0,0,0,0,0,0,0,2,2,0,0,0,0,0,0,0,0,0,0,3.232317580225127,0.0,0.0,0.0,0.0,0.0,2.676625094609149,benign,0.0,0.0,0.0,0.0,0.7984491479660817,0.6020622543493638,0.0,0.0,0.0,0.0,0.0,0.0,0.0,0.0,0.0,0.0,0.0,0.0,0.0,0.0
0,0,0,2,0,2,0,0,0,0,0,0,0,0,0,0,0,0,0,0,0,0,0,0,0,0,0,0,0,0,0,0,0,0,0,0,0,0,0,0,0,0,0,0,0,2,1,0,0,0,0,0,0,0,0,0,0,3.0547019519902885,0.0,0.0,0.0,0.0,0.0,2.4297230745502008,benign,0.0,0.0,0.0,0.0,0.7984491479660817,0.6020622543493638,0.0,0.0,0.0,0.0,0.0,0.0,0.0,0.0,0.0,0.0,0.0,0.0,0.0,0.0
0,0,0,2,0,3,0,0,0,0,0,0,0,0,0,0,0,0,0,0,0,0,0,0,0,0,0,0,0,0,0,0,0,0,0,0,0,0,0,0,0,0,0,0,0,2,2,0,0,0,0,0,0,0,0,0,0,3.2663700844185137,0.0,0.0,0.0,0.0,0.0,2.4320090718903087,benign,0.0,0.0,0.0,0.0,0.7984491479660817,0.6020622543493638,0.0,0.0,0.0,0.0,0.0,0.0,0.0,0.0,0.0,0.0,0.0,0.0,0.0,0.0
0,0,0,2,0,2,0,0,0,0,0,0,0,0,0,0,0,0,0,0,0,0,0,0,0,0,0,0,0,0,0,0,0,0,0,0,0,0,0,0,0,0,0,0,0,2,2,0,0,0,0,0,0,0,0,0,0,3.222116466503842,0.0,0.0,0.0,0.0,0.0,2.162294909570876,benign,0.0,0.0,0.0,0.0,0.48821712916557214,0.3681350354573682,0.0,0.0,0.0,0.0,0.0,0.0,0.0,0.0,0.0,0.0,0.0,0.0,0.7912778465609469,0.0
0,0,0,2,0,2,0,0,0,0,0,0,0,0,0,0,0,0,0,0,0,0,0,0,0,0,0,0,0,0,0,0,0,0,0,0,0,0,0,0,0,0,0,0,0,2,2,0,0,0,0,0,0,0,0,0,0,3.215851397655844,0.0,0.0,0.0,0.0,0.0,1.8490070880144411,benign,0.0,0.0,0.0,0.0,0.7984491479660817,0.6020622543493638,0.0,0.0,0.0,0.0,0.0,0.0,0.0,0.0,0.0,0.0,0.0,0.0,0.0,0.0
0,0,0,2,0,2,1,0,0,0,0,0,0,0,0,0,0,0,0,0,0,0,1,0,0,0,0,0,0,0,0,0,1,0,1,0,0,0,0,0,0,0,0,0,0,2,4,0,0,0,0,0,0,0,0,0,0,3.920379146416603,0.0,0.0,0.0,0.0,0.0,2.8391150982773143,benign,0.0,0.0,0.0,0.0,0.5526377991125979,0.8334215397936292,0.0,0.0,0.0,0.0,0.0,0.0,0.0,0.0,0.0,0.0,0.0,0.0,0.0,0.0
0,0,0,0,0,0,1,0,0,0,0,0,0,0,0,0,0,0,0,0,0,0,1,0,0,0,0,0,0,0,0,0,1,0,1,0,0,0,0,0,0,0,0,0,0,0,2,0,0,0,0,0,0,0,0,0,0,3.3032889794831823,0.0,0.0,0.0,0.0,0.0,2.403917277291339,benign,0.0,0.0,0.0,0.0,0.0,1.0,0.0,0.0,0.0,0.0,0.0,0.0,0.0,0.0,0.0,0.0,0.0,0.0,0.0,0.0
0,0,0,0,0,0,0,0,0,0,0,0,0,0,0,0,0,0,0,0,0,0,0,0,0,0,0,0,0,0,0,0,0,0,0,0,0,0,0,0,0,0,0,0,0,0,1,0,0,0,0,0,0,0,0,0,0,1.7817061829263552,0.0,0.0,0.0,0.0,0.0,1.879964948727111,benign,0.0,0.0,0.0,0.0,0.0,0.0,0.0,0.0,0.0,0.0,0.0,0.0,0.0,0.0,0.0,0.0,0.0,0.0,0.0,0.0
1,0,0,2,0,2,1,0,0,0,0,0,0,0,0,0,0,0,0,0,0,0,0,0,0,0,0,0,0,0,0,0,1,0,1,0,0,0,1,0,0,0,0,0,0,2,2,0,0,0,0,0,0,0,0,1,0,3.658929970720169,0.0,0.0,0.0,0.0,0.0,2.6195646721337056,benign,0.0,0.0,0.9181050870928623,0.0,0.31645497167202946,0.23861957161612463,0.0,0.0,0.0,0.0,0.0,0.0,0.0,0.0,0.0,0.0,0.0,0.0,0.0,0.0
1,0,0,0,0,0,1,0,0,0,0,0,0,0,0,0,0,0,0,0,0,0,0,0,0,0,0,0,0,0,0,0,1,0,1,0,0,0,1,0,0,0,0,0,0,0,1,0,0,0,0,0,0,0,0,1,0,2.9763039828850744,0.0,0.0,0.0,0.0,0.0,2.210368890194565,benign,0.0,0.0,1.0,0.0,0.0,0.0,0.0,0.0,0.0,0.0,0.0,0.0,0.0,0.0,0.0,0.0,0.0,0.0,0.0,0.0
1,0,0,58,0,28,56,0,56,0,0,8,8,0,0,0,0,0,0,0,0,1,8,44,16,0,0,0,0,0,0,0,28,0,28,0,4,0,0,0,2,0,8,0,24,26,110,0,0,0,0,1,0,0,0,0,0,6.765029915715852,0.0,0.0,0.0,0.0,0.0,3.4042881850106284,benign,0.0,0.0,0.5825489010076002,0.014726849889162303,0.0,0.04634909239652984,0.08989657934971074,0.0,0.014593927156231788,0.014726849889162303,0.24993053017958822,0.0,0.3032261156964227,0.3638758943517581,0.0,0.014726849889162303,0.09203899792811057,0.0,0.557893262904706,0.2073895802028367
0,0,0,0,0,0,0,0,0,0,0,0,0,0,0,0,0,0,0,0,0,0,0,0,0,0,0,0,0,0,0,0,0,0,0,0,0,0,0,0,0,0,0,0,0,0,1,0,0,0,0,0,0,0,0,0,0,1.868058222419032,0.0,0.0,0.0,0.0,0.0,2.9514195898955555,benign,0.0,0.0,0.0,0.4360358749709731,0.0,0.27446286489419697,0.0,0.0,0.4321002688778097,0.4360358749709731,0.0,0.0,0.0,0.0,0.0,0.4360358749709731,0.0,0.0,0.0,0.409362480748649
0,0,0,0,0,0,0,0,0,0,0,0,0,0,0,0,0,0,0,0,0,0,0,0,0,0,0,0,0,0,0,0,0,0,0,0,0,0,0,0,0,0,0,0,0,0,1,0,0,0,0,0,0,0,0,0,0,1.854262555220856,0.0,0.0,0.0,0.0,0.0,2.773972927341982,benign,0.0,0.0,0.6519893681076924,0.0,0.0,0.0,0.0,0.0,0.0,0.0,0.0,0.0,0.0,0.0,0.0,0.0,0.0,0.0,0.0,0.7582281080746955
0,0,0,26,0,11,0,0,0,0,0,0,0,0,0,0,0,0,0,0,0,0,0,0,0,0,0,0,0,0,0,0,0,0,0,0,0,0,0,0,0,0,0,0,12,26,1,0,0,0,0,0,0,0,0,0,0,4.790711441183116,0.0,0.0,0.0,0.0,0.0,2.773972927341982,benign,0.0,0.0,0.6519893681076924,0.0,0.0,0.0,0.0,0.0,0.0,0.0,0.0,0.0,0.0,0.0,0.0,0.0,0.0,0.0,0.0,0.7582281080746955
0,0,0,26,0,11,0,0,0,0,0,0,0,0,0,0,0,0,0,0,0,0,0,0,0,0,0,0,0,0,0,0,0,0,0,0,0,0,0,0,0,0,0,0,12,26,1,0,0,0,0,0,0,0,0,0,0,4.790711441183116,0.0,0.0,0.0,0.0,0.0,2.773972927341982,benign,0.0,0.0,0.6519893681076924,0.0,0.0,0.0,0.0,0.0,0.0,0.0,0.0,0.0,0.0,0.0,0.0,0.0,0.0,0.0,0.0,0.7582281080746955
0,0,0,0,0,0,0,0,0,0,0,0,0,0,0,0,0,0,0,0,0,0,0,0,0,0,0,0,0,0,0,0,0,0,0,0,0,0,0,0,0,0,0,0,0,0,1,0,0,0,0,0,0,0,0,0,0,1.8634303062418824,0.0,0.0,0.0,0.0,0.0,2.891619986165511,benign,0.0,0.0,0.6519893681076924,0.0,0.0,0.0,0.0,0.0,0.0,0.0,0.0,0.0,0.0,0.0,0.0,0.0,0.0,0.0,0.0,0.7582281080746955
0,0,0,2,0,2,16,0,32,0,0,8,8,0,0,0,0,0,0,0,0,0,8,16,16,0,0,0,0,0,0,0,8,0,8,0,0,0,0,0,0,0,0,0,0,2,61,0,0,0,0,1,0,0,0,0,0,5.885498692971186,0.0,0.0,0.0,0.0,0.0,3.4042881850106284,benign,0.0,0.0,0.5598612216302596,0.015076346440881294,0.0,0.047449045753140955,0.09202999856227281,0.0,0.014940269195128694,0.015076346440881294,0.25586186370471276,0.0,0.3104222562576865,0.37251137113645677,0.0,0.015076346440881294,0.09422326086564607,0.0,0.5711331460487543,0.19815724594006198
0,0,0,0,0,0,2,0,2,0,0,2,2,0,0,0,0,0,0,0,0,0,0,2,2,0,0,0,0,0,0,0,0,0,0,0,0,0,0,0,0,0,0,0,0,0,15,0,0,0,0,1,0,0,0,0,0,4.355710175543299,0.0,0.0,0.0,0.0,0.0,3.4042881850106284,benign,0.0,0.0,0.6677818795251821,0.0393902637015944,0.0,0.04958841804104854,0.24044856796308628,0.0,0.039034732033825945,0.0393902637015944,0.2056908522648246,0.0,0.40552313455989447,0.2433169269233408,0.0,0.0393902637015944,0.24617894705960092,0.0,0.373052670947156,0.1479226549173421
0,0,0,0,0,0,0,0,0,0,0,0,0,0,0,0,0,0,0,0,0,0,0,0,0,0,0,0,0,0,0,0,0,0,0,0,0,0,0,0,0,0,0,0,0,0,0,0,0,0,0,0,0,0,0,0,0,0.0,,,,,,,benign,0.0,0.0,0.6852892846163351,0.0,0.0,0.0,0.0,0.0,0.0,0.0,0.0,0.0,0.7282709635774528,0.0,0.0,0.0,0.0,0.0,0.0,0.0
0,0,0,0,0,0,0,0,0,0,0,0,0,0,0,0,0,0,0,0,0,0,0,0,0,0,0,0,0,0,0,0,0,0,0,0,0,0,0,0,0,0,0,0,0,0,2,0,0,0,0,0,0,0,0,0,0,2.3621914259952668,0.0,0.0,0.0,0.0,0.0,3.228372376129276,benign,0.0,0.0,0.4729268509901567,0.29291224635472674,0.0,0.1843736694886972,0.35760273507381457,0.0,0.2902684565023606,0.29291224635472674,0.0,0.0,0.25129452714635514,0.0,0.0,0.29291224635472674,0.36612513658064344,0.0,0.0,0.27499407891016436
0,0,0,0,0,0,0,0,0,0,0,0,0,0,0,0,0,0,0,0,0,0,0,0,0,0,0,0,0,0,0,0,0,0,0,0,0,0,0,0,0,0,0,0,0,0,1,0,0,0,0,0,0,0,0,0,0,1.868058222419032,0.0,0.0,0.0,0.0,0.0,2.9514195898955555,benign,0.0,0.0,0.0,0.4360358749709731,0.0,0.27446286489419697,0.0,0.0,0.4321002688778097,0.4360358749709731,0.0,0.0,0.0,0.0,0.0,0.4360358749709731,0.0,0.0,0.0,0.409362480748649
0,0,0,0,0,0,0,0,0,0,0,0,0,0,0,0,0,0,0,0,0,0,0,0,0,0,0,0,0,0,0,0,0,0,0,0,0,0,0,0,0,0,0,0,0,0,2,0,0,0,0,0,0,0,0,0,0,2.363799501265868,0.0,0.0,0.0,0.0,0.0,3.2625366587893625,benign,0.0,0.0,0.4729268509901567,0.29291224635472674,0.0,0.1843736694886972,0.35760273507381457,0.0,0.2902684565023606,0.29291224635472674,0.0,0.0,0.25129452714635514,0.0,0.0,0.29291224635472674,0.36612513658064344,0.0,0.0,0.27499407891016436
0,0,0,0,0,0,0,0,0,0,0,0,0,0,0,0,0,0,0,0,0,0,0,0,0,0,0,0,0,0,0,0,0,0,0,0,0,0,0,0,0,0,0,0,0,0,1,0,0,0,0,0,0,0,0,0,0,1.868058222419032,0.0,0.0,0.0,0.0,0.0,2.9514195898955555,benign,0.0,0.0,0.0,0.4360358749709731,0.0,0.27446286489419697,0.0,0.0,0.4321002688778097,0.4360358749709731,0.0,0.0,0.0,0.0,0.0,0.4360358749709731,0.0,0.0,0.0,0.409362480748649
0,0,0,0,0,0,0,0,0,0,0,0,0,0,0,0,0,0,0,0,0,0,0,0,0,0,0,0,0,0,0,0,0,0,0,0,0,0,0,0,0,0,0,0,0,0,2,0,0,0,0,0,0,0,0,0,0,2.3617765258995345,0.0,0.0,0.0,0.0,0.0,3.219566549293704,benign,0.0,0.0,0.4729268509901567,0.29291224635472674,0.0,0.1843736694886972,0.35760273507381457,0.0,0.2902684565023606,0.29291224635472674,0.0,0.0,0.25129452714635514,0.0,0.0,0.29291224635472674,0.36612513658064344,0.0,0.0,0.27499407891016436
0,0,0,0,0,0,0,0,0,0,0,0,0,0,0,0,0,0,0,0,0,0,0,0,0,0,0,0,0,0,0,0,0,0,0,0,0,0,0,0,0,0,0,0,0,0,1,0,0,0,0,0,0,0,0,0,0,1.868058222419032,0.0,0.0,0.0,0.0,0.0,2.9514195898955555,benign,0.0,0.0,0.0,0.4360358749709731,0.0,0.27446286489419697,0.0,0.0,0.4321002688778097,0.4360358749709731,0.0,0.0,0.0,0.0,0.0,0.4360358749709731,0.0,0.0,0.0,0.409362480748649
0,0,0,0,0,0,0,0,0,0,0,0,0,0,0,0,0,0,0,0,0,0,0,0,0,0,0,0,0,0,0,0,0,0,0,0,0,0,0,0,0,0,0,0,0,0,2,0,0,0,0,0,0,0,0,0,0,2.36502700653444,0.0,0.0,0.0,0.0,0.0,3.288652559985165,benign,0.0,0.0,0.4729268509901567,0.29291224635472674,0.0,0.1843736694886972,0.35760273507381457,0.0,0.2902684565023606,0.29291224635472674,0.0,0.0,0.25129452714635514,0.0,0.0,0.29291224635472674,0.36612513658064344,0.0,0.0,0.27499407891016436
0,0,0,0,0,0,0,0,0,0,0,0,0,0,0,0,0,0,0,0,0,0,0,0,0,0,0,0,0,0,0,0,0,0,0,0,0,0,0,0,0,0,0,0,0,0,1,0,0,0,0,0,0,0,0,0,0,1.868058222419032,0.0,0.0,0.0,0.0,0.0,2.9514195898955555,benign,0.0,0.0,0.0,0.4360358749709731,0.0,0.27446286489419697,0.0,0.0,0.4321002688778097,0.4360358749709731,0.0,0.0,0.0,0.0,0.0,0.4360358749709731,0.0,0.0,0.0,0.409362480748649
0,0,0,0,0,0,0,0,0,0,0,0,0,0,0,0,0,0,0,0,0,0,0,0,0,0,0,0,0,0,0,0,0,0,0,0,0,0,0,0,0,0,0,0,0,0,0,0,0,0,0,0,0,0,0,0,0,0.0,,,,,,,benign,0.0,0.0,0.6852892846163351,0.0,0.0,0.0,0.0,0.0,0.0,0.0,0.0,0.0,0.7282709635774528,0.0,0.0,0.0,0.0,0.0,0.0,0.0
0,0,0,0,0,0,0,0,0,0,0,0,0,0,0,0,0,0,0,0,0,0,0,0,0,0,0,0,0,0,0,0,0,0,0,0,0,0,0,0,0,0,0,0,0,0,2,0,0,0,0,0,0,0,0,0,0,2.3667849377426244,0.0,0.0,0.0,0.0,0.0,3.326109460381478,benign,0.0,0.0,0.5852900540376956,0.24167038960087733,0.0,0.1521194729547634,0.2950439709610779,0.0,0.23948910243519697,0.24167038960087733,0.0,0.0,0.41466648824563823,0.0,0.0,0.24167038960087733,0.30207546970557275,0.0,0.0,0.22688681342353648
0,0,0,0,0,0,0,0,0,0,0,0,0,0,0,0,0,0,0,0,0,0,0,0,0,0,0,0,0,0,0,0,0,0,0,0,0,0,0,0,0,0,0,0,0,0,1,0,0,0,0,0,0,0,0,0,0,1.868058222419032,0.0,0.0,0.0,0.0,0.0,2.9514195898955555,benign,0.0,0.0,0.0,0.4360358749709731,0.0,0.27446286489419697,0.0,0.0,0.4321002688778097,0.4360358749709731,0.0,0.0,0.0,0.0,0.0,0.4360358749709731,0.0,0.0,0.0,0.409362480748649
0,0,0,0,0,0,0,0,0,0,0,0,0,0,0,0,0,0,0,0,0,0,0,0,0,0,0,0,0,0,0,0,0,0,0,0,0,0,0,0,0,0,0,0,0,0,1,0,0,0,0,0,0,0,0,0,0,1.852240816467405,0.0,0.0,0.0,0.0,0.0,2.7481733799993955,benign,0.0,0.0,0.0,0.0,0.0,0.0,0.0,0.0,0.0,0.0,0.0,0.0,0.0,0.0,0.0,0.0,0.0,0.0,0.0,0.0
0,0,0,0,0,0,0,0,0,0,0,0,0,0,0,0,0,0,0,0,0,0,0,0,0,0,0,0,0,0,0,0,0,0,0,0,0,0,0,0,0,0,0,0,0,0,0,0,0,0,0,0,0,0,0,0,0,0.0,,,,,,,benign,0.0,0.0,0.6852892846163351,0.0,0.0,0.0,0.0,0.0,0.0,0.0,0.0,0.0,0.7282709635774528,0.0,0.0,0.0,0.0,0.0,0.0,0.0
0,0,0,0,0,0,0,0,0,0,0,2,0,0,0,0,0,0,0,0,0,0,0,0,0,0,0,0,0,0,0,0,0,0,0,0,0,0,0,0,0,0,0,0,0,0,1,0,0,0,0,1,0,0,0,0,0,2.001260071631328,0.0,0.0,0.0,0.0,0.0,2.7567454149350623,benign,0.0,0.0,0.4591011770279272,0.0,0.0,0.0,0.0,0.0,0.0,0.0,0.7424172550780652,0.0,0.48789622730035814,0.0,0.0,0.0,0.0,0.0,0.0,0.0
0,0,0,0,0,0,2,0,0,0,0,0,0,0,0,0,0,0,0,0,0,0,0,2,2,0,0,0,0,0,0,0,0,0,0,0,0,0,0,0,0,0,0,0,0,0,1,0,0,0,0,0,0,0,0,0,0,3.023034974275593,0.0,0.0,0.0,0.0,0.0,3.1071533924469854,benign,0.0,0.0,0.3638607948619326,0.0,0.0,0.0,0.0,0.0,0.0,0.0,0.588403049412105,0.0,0.38668232180299444,0.0,0.0,0.0,0.0,0.0,0.6098064901343901,0.0
0,0,0,0,0,0,0,0,0,0,0,0,0,0,0,0,0,0,0,0,0,0,0,0,0,0,0,0,0,0,0,0,0,0,0,0,0,0,0,0,0,0,0,0,0,0,0,0,0,0,0,0,0,0,0,0,0,0.0,,,,,,,benign,0.0,0.0,0.6852892846163351,0.0,0.0,0.0,0.0,0.0,0.0,0.0,0.0,0.0,0.7282709635774528,0.0,0.0,0.0,0.0,0.0,0.0,0.0
0,0,0,0,0,0,0,0,0,0,0,0,0,0,0,0,0,0,0,0,0,0,0,0,0,0,0,0,0,0,0,0,0,0,0,0,0,0,0,0,0,0,0,0,0,0,0,0,0,0,0,0,0,0,0,0,0,0.0,,,,,,,benign,0.0,0.0,0.6852892846163351,0.0,0.0,0.0,0.0,0.0,0.0,0.0,0.0,0.0,0.7282709635774528,0.0,0.0,0.0,0.0,0.0,0.0,0.0
0,0,0,0,0,0,0,0,0,0,0,0,0,0,0,0,0,0,0,0,0,0,0,0,0,0,0,0,0,0,0,0,0,0,0,0,0,0,0,0,0,0,0,0,0,0,1,0,0,0,0,0,0,0,0,0,0,1.8090776073913948,0.0,0.0,0.0,0.0,0.0,2.209627598587938,benign,0.0,0.0,0.0,0.0,0.0,0.0,0.0,0.0,0.0,0.0,0.0,0.0,0.0,0.0,0.0,0.0,0.0,0.0,0.0,0.0
0,0,0,0,0,0,0,0,0,0,0,0,0,0,0,0,0,0,0,0,0,0,0,0,0,0,0,0,0,0,0,0,0,0,0,0,0,0,0,0,0,0,0,0,0,0,0,0,0,0,0,0,0,0,0,0,0,0.0,,,,,,,benign,0.0,0.0,0.6852892846163351,0.0,0.0,0.0,0.0,0.0,0.0,0.0,0.0,0.0,0.7282709635774528,0.0,0.0,0.0,0.0,0.0,0.0,0.0
0,0,0,0,0,0,0,0,0,0,0,0,0,0,0,0,0,0,0,0,0,0,0,0,0,0,0,0,0,0,0,0,0,0,0,0,0,0,0,0,0,0,0,0,0,0,0,0,0,0,0,0,0,0,0,0,0,0.0,,,,,,,benign,0.0,0.0,0.6852892846163351,0.0,0.0,0.0,0.0,0.0,0.0,0.0,0.0,0.0,0.7282709635774528,0.0,0.0,0.0,0.0,0.0,0.0,0.0
0,0,0,0,0,0,0,0,0,0,0,0,0,0,0,0,0,0,0,0,0,0,0,0,0,0,0,0,0,0,0,0,0,0,0,0,0,0,0,0,0,0,0,0,0,0,1,0,0,0,0,0,0,0,0,0,0,1.8090776073913948,0.0,0.0,0.0,0.0,0.0,2.209627598587938,benign,0.0,0.0,0.0,0.0,0.0,0.0,0.0,0.0,0.0,0.0,0.0,0.0,0.0,0.0,0.0,0.0,0.0,0.0,0.0,0.0
0,0,0,0,0,0,0,0,0,0,0,0,0,0,0,0,0,0,0,0,0,0,0,0,0,0,0,0,0,0,0,0,0,0,0,0,0,0,0,0,0,0,0,0,0,0,0,0,0,0,0,0,0,0,0,0,0,0.0,,,,,,,benign,0.0,0.0,0.6852892846163351,0.0,0.0,0.0,0.0,0.0,0.0,0.0,0.0,0.0,0.7282709635774528,0.0,0.0,0.0,0.0,0.0,0.0,0.0
0,0,0,0,0,0,0,0,0,0,0,0,0,0,0,0,0,0,0,0,0,0,0,0,0,0,0,0,0,0,0,0,0,0,0,0,0,0,0,0,0,0,0,0,0,0,0,0,0,0,0,0,0,0,0,0,0,0.0,,,,,,,benign,0.0,0.0,0.6852892846163351,0.0,0.0,0.0,0.0,0.0,0.0,0.0,0.0,0.0,0.7282709635774528,0.0,0.0,0.0,0.0,0.0,0.0,0.0
0,0,0,0,0,0,0,0,0,0,0,0,0,0,0,0,0,0,0,0,0,0,0,0,0,0,0,0,0,0,0,0,0,0,0,0,0,0,0,0,0,0,0,0,0,0,1,0,0,0,0,0,0,0,0,0,0,1.9024274890101869,0.0,0.0,0.0,0.0,0.0,3.4042881850106284,benign,0.0,0.0,0.4082002741031692,0.0,0.0,0.0,0.0,0.0,0.0,0.0,0.22003495974726708,0.0,0.14460093161976614,0.5205698710653032,0.0,0.0,0.0,0.0,0.6841165081201007,0.1582382252884094
0,0,0,0,0,0,0,0,0,0,0,0,2,0,0,0,0,0,0,0,0,0,0,0,0,0,0,0,0,0,0,0,0,0,0,0,0,0,0,0,0,0,0,0,0,0,1,0,0,0,0,0,0,0,0,0,0,1.8898828679074384,0.0,0.0,0.0,0.0,0.0,3.037186771889768,benign,0.0,0.0,0.3638607948619326,0.0,0.0,0.0,0.0,0.0,0.0,0.0,0.588403049412105,0.0,0.38668232180299444,0.0,0.0,0.0,0.0,0.0,0.6098064901343901,0.0
0,0,0,0,0,0,2,0,2,0,0,2,2,0,0,0,0,0,0,0,0,0,0,2,2,0,0,0,0,0,0,0,0,0,0,0,0,0,0,0,0,0,0,0,0,0,15,0,0,0,0,1,0,0,0,0,0,4.355592900094922,0.0,0.0,0.0,0.0,0.0,3.3860125478993783,benign,0.0,0.0,0.6677818795251821,0.0393902637015944,0.0,0.04958841804104854,0.24044856796308628,0.0,0.039034732033825945,0.0393902637015944,0.2056908522648246,0.0,0.40552313455989447,0.2433169269233408,0.0,0.0393902637015944,0.24617894705960092,0.0,0.373052670947156,0.1479226549173421
0,0,0,0,0,0,0,0,0,0,0,0,0,0,0,0,0,0,0,0,0,0,0,0,0,0,0,0,0,0,0,0,0,0,0,0,0,0,0,0,0,0,0,0,0,0,0,0,0,0,0,0,0,0,0,0,0,0.0,,,,,,,benign,0.0,0.0,0.6852892846163351,0.0,0.0,0.0,0.0,0.0,0.0,0.0,0.0,0.0,0.7282709635774528,0.0,0.0,0.0,0.0,0.0,0.0,0.0
0,0,0,0,0,0,0,0,0,0,0,0,0,0,0,0,0,0,0,0,0,0,0,0,0,0,0,0,0,0,0,0,0,0,0,0,0,0,0,0,0,0,0,0,0,0,2,0,0,0,0,0,0,0,0,0,0,2.3621914259952668,0.0,0.0,0.0,0.0,0.0,3.228372376129276,benign,0.0,0.0,0.4729268509901567,0.29291224635472674,0.0,0.1843736694886972,0.35760273507381457,0.0,0.2902684565023606,0.29291224635472674,0.0,0.0,0.25129452714635514,0.0,0.0,0.29291224635472674,0.36612513658064344,0.0,0.0,0.27499407891016436
0,0,0,0,0,0,0,0,0,0,0,0,0,0,0,0,0,0,0,0,0,0,0,0,0,0,0,0,0,0,0,0,0,0,0,0,0,0,0,0,0,0,0,0,0,0,1,0,0,0,0,0,0,0,0,0,0,1.868058222419032,0.0,0.0,0.0,0.0,0.0,2.9514195898955555,benign,0.0,0.0,0.0,0.4360358749709731,0.0,0.27446286489419697,0.0,0.0,0.4321002688778097,0.4360358749709731,0.0,0.0,0.0,0.0,0.0,0.4360358749709731,0.0,0.0,0.0,0.409362480748649
0,0,0,0,0,0,0,0,0,0,0,0,0,0,0,0,0,0,0,0,0,0,0,0,0,0,0,0,0,0,0,0,0,0,0,0,0,0,0,0,0,0,0,0,0,0,2,0,0,0,0,0,0,0,0,0,0,2.363799501265868,0.0,0.0,0.0,0.0,0.0,3.2625366587893625,benign,0.0,0.0,0.4729268509901567,0.29291224635472674,0.0,0.1843736694886972,0.35760273507381457,0.0,0.2902684565023606,0.29291224635472674,0.0,0.0,0.25129452714635514,0.0,0.0,0.29291224635472674,0.36612513658064344,0.0,0.0,0.27499407891016436
0,0,0,0,0,0,0,0,0,0,0,0,0,0,0,0,0,0,0,0,0,0,0,0,0,0,0,0,0,0,0,0,0,0,0,0,0,0,0,0,0,0,0,0,0,0,1,0,0,0,0,0,0,0,0,0,0,1.868058222419032,0.0,0.0,0.0,0.0,0.0,2.9514195898955555,benign,0.0,0.0,0.0,0.4360358749709731,0.0,0.27446286489419697,0.0,0.0,0.4321002688778097,0.4360358749709731,0.0,0.0,0.0,0.0,0.0,0.4360358749709731,0.0,0.0,0.0,0.409362480748649
0,0,0,0,0,0,0,0,0,0,0,0,0,0,0,0,0,0,0,0,0,0,0,0,0,0,0,0,0,0,0,0,0,0,0,0,0,0,0,0,0,0,0,0,0,0,2,0,0,0,0,0,0,0,0,0,0,2.3617765258995345,0.0,0.0,0.0,0.0,0.0,3.219566549293704,benign,0.0,0.0,0.4729268509901567,0.29291224635472674,0.0,0.1843736694886972,0.35760273507381457,0.0,0.2902684565023606,0.29291224635472674,0.0,0.0,0.25129452714635514,0.0,0.0,0.29291224635472674,0.36612513658064344,0.0,0.0,0.27499407891016436
0,0,0,0,0,0,0,0,0,0,0,0,0,0,0,0,0,0,0,0,0,0,0,0,0,0,0,0,0,0,0,0,0,0,0,0,0,0,0,0,0,0,0,0,0,0,1,0,0,0,0,0,0,0,0,0,0,1.868058222419032,0.0,0.0,0.0,0.0,0.0,2.9514195898955555,benign,0.0,0.0,0.0,0.4360358749709731,0.0,0.27446286489419697,0.0,0.0,0.4321002688778097,0.4360358749709731,0.0,0.0,0.0,0.0,0.0,0.4360358749709731,0.0,0.0,0.0,0.409362480748649
0,0,0,0,0,0,0,0,0,0,0,0,0,0,0,0,0,0,0,0,0,0,0,0,0,0,0,0,0,0,0,0,0,0,0,0,0,0,0,0,0,0,0,0,0,0,2,0,0,0,0,0,0,0,0,0,0,2.36502700653444,0.0,0.0,0.0,0.0,0.0,3.288652559985165,benign,0.0,0.0,0.4729268509901567,0.29291224635472674,0.0,0.1843736694886972,0.35760273507381457,0.0,0.2902684565023606,0.29291224635472674,0.0,0.0,0.25129452714635514,0.0,0.0,0.29291224635472674,0.36612513658064344,0.0,0.0,0.27499407891016436
0,0,0,0,0,0,0,0,0,0,0,0,0,0,0,0,0,0,0,0,0,0,0,0,0,0,0,0,0,0,0,0,0,0,0,0,0,0,0,0,0,0,0,0,0,0,1,0,0,0,0,0,0,0,0,0,0,1.868058222419032,0.0,0.0,0.0,0.0,0.0,2.9514195898955555,benign,0.0,0.0,0.0,0.4360358749709731,0.0,0.27446286489419697,0.0,0.0,0.4321002688778097,0.4360358749709731,0.0,0.0,0.0,0.0,0.0,0.4360358749709731,0.0,0.0,0.0,0.409362480748649
0,0,0,0,0,0,0,0,0,0,0,0,0,0,0,0,0,0,0,0,0,0,0,0,0,0,0,0,0,0,0,0,0,0,0,0,0,0,0,0,0,0,0,0,0,0,0,0,0,0,0,0,0,0,0,0,0,0.0,,,,,,,benign,0.0,0.0,0.6852892846163351,0.0,0.0,0.0,0.0,0.0,0.0,0.0,0.0,0.0,0.7282709635774528,0.0,0.0,0.0,0.0,0.0,0.0,0.0
0,0,0,0,0,0,0,0,0,0,0,0,0,0,0,0,0,0,0,0,0,0,0,0,0,0,0,0,0,0,0,0,0,0,0,0,0,0,0,0,0,0,0,0,0,0,2,0,0,0,0,0,0,0,0,0,0,2.3667849377426244,0.0,0.0,0.0,0.0,0.0,3.326109460381478,benign,0.0,0.0,0.5852900540376956,0.24167038960087733,0.0,0.1521194729547634,0.2950439709610779,0.0,0.23948910243519697,0.24167038960087733,0.0,0.0,0.41466648824563823,0.0,0.0,0.24167038960087733,0.30207546970557275,0.0,0.0,0.22688681342353648
0,0,0,0,0,0,0,0,0,0,0,0,0,0,0,0,0,0,0,0,0,0,0,0,0,0,0,0,0,0,0,0,0,0,0,0,0,0,0,0,0,0,0,0,0,0,1,0,0,0,0,0,0,0,0,0,0,1.868058222419032,0.0,0.0,0.0,0.0,0.0,2.9514195898955555,benign,0.0,0.0,0.0,0.4360358749709731,0.0,0.27446286489419697,0.0,0.0,0.4321002688778097,0.4360358749709731,0.0,0.0,0.0,0.0,0.0,0.4360358749709731,0.0,0.0,0.0,0.409362480748649
0,0,0,0,0,0,0,0,0,0,0,0,0,0,0,0,0,0,0,0,0,0,0,0,0,0,0,0,0,0,0,0,0,0,0,0,0,0,0,0,0,0,0,0,0,0,1,0,0,0,0,0,0,0,0,0,0,1.852240816467405,0.0,0.0,0.0,0.0,0.0,2.7481733799993955,benign,0.0,0.0,0.0,0.0,0.0,0.0,0.0,0.0,0.0,0.0,0.0,0.0,0.0,0.0,0.0,0.0,0.0,0.0,0.0,0.0
0,0,0,0,0,0,0,0,0,0,0,0,0,0,0,0,0,0,0,0,0,0,0,0,0,0,0,0,0,0,0,0,0,0,0,0,0,0,0,0,0,0,0,0,0,0,0,0,0,0,0,0,0,0,0,0,0,0.0,,,,,,,benign,0.0,0.0,0.6852892846163351,0.0,0.0,0.0,0.0,0.0,0.0,0.0,0.0,0.0,0.7282709635774528,0.0,0.0,0.0,0.0,0.0,0.0,0.0
0,0,0,0,0,0,0,0,0,0,0,2,0,0,0,0,0,0,0,0,0,0,0,0,0,0,0,0,0,0,0,0,0,0,0,0,0,0,0,0,0,0,0,0,0,0,1,0,0,0,0,1,0,0,0,0,0,2.001260071631328,0.0,0.0,0.0,0.0,0.0,2.7567454149350623,benign,0.0,0.0,0.4591011770279272,0.0,0.0,0.0,0.0,0.0,0.0,0.0,0.7424172550780652,0.0,0.48789622730035814,0.0,0.0,0.0,0.0,0.0,0.0,0.0
0,0,0,0,0,0,2,0,0,0,0,0,0,0,0,0,0,0,0,0,0,0,0,2,2,0,0,0,0,0,0,0,0,0,0,0,0,0,0,0,0,0,0,0,0,0,1,0,0,0,0,0,0,0,0,0,0,3.021861917056346,0.0,0.0,0.0,0.0,0.0,3.0589606213626483,benign,0.0,0.0,0.3638607948619326,0.0,0.0,0.0,0.0,0.0,0.0,0.0,0.588403049412105,0.0,0.38668232180299444,0.0,0.0,0.0,0.0,0.0,0.6098064901343901,0.0
0,0,0,0,0,0,0,0,0,0,0,0,0,0,0,0,0,0,0,0,0,0,0,0,0,0,0,0,0,0,0,0,0,0,0,0,0,0,0,0,0,0,0,0,0,0,0,0,0,0,0,0,0,0,0,0,0,0.0,,,,,,,benign,0.0,0.0,0.6852892846163351,0.0,0.0,0.0,0.0,0.0,0.0,0.0,0.0,0.0,0.7282709635774528,0.0,0.0,0.0,0.0,0.0,0.0,0.0
0,0,0,0,0,0,0,0,0,0,0,0,0,0,0,0,0,0,0,0,0,0,0,0,0,0,0,0,0,0,0,0,0,0,0,0,0,0,0,0,0,0,0,0,0,0,0,0,0,0,0,0,0,0,0,0,0,0.0,,,,,,,benign,0.0,0.0,0.6852892846163351,0.0,0.0,0.0,0.0,0.0,0.0,0.0,0.0,0.0,0.7282709635774528,0.0,0.0,0.0,0.0,0.0,0.0,0.0
0,0,0,0,0,0,0,0,0,0,0,0,0,0,0,0,0,0,0,0,0,0,0,0,0,0,0,0,0,0,0,0,0,0,0,0,0,0,0,0,0,0,0,0,0,0,1,0,0,0,0,0,0,0,0,0,0,1.8090776073913948,0.0,0.0,0.0,0.0,0.0,2.209627598587938,benign,0.0,0.0,0.0,0.0,0.0,0.0,0.0,0.0,0.0,0.0,0.0,0.0,0.0,0.0,0.0,0.0,0.0,0.0,0.0,0.0
0,0,0,0,0,0,0,0,0,0,0,0,0,0,0,0,0,0,0,0,0,0,0,0,0,0,0,0,0,0,0,0,0,0,0,0,0,0,0,0,0,0,0,0,0,0,0,0,0,0,0,0,0,0,0,0,0,0.0,,,,,,,benign,0.0,0.0,0.6852892846163351,0.0,0.0,0.0,0.0,0.0,0.0,0.0,0.0,0.0,0.7282709635774528,0.0,0.0,0.0,0.0,0.0,0.0,0.0
0,0,0,0,0,0,0,0,0,0,0,0,0,0,0,0,0,0,0,0,0,0,0,0,0,0,0,0,0,0,0,0,0,0,0,0,0,0,0,0,0,0,0,0,0,0,0,0,0,0,0,0,0,0,0,0,0,0.0,,,,,,,benign,0.0,0.0,0.6852892846163351,0.0,0.0,0.0,0.0,0.0,0.0,0.0,0.0,0.0,0.7282709635774528,0.0,0.0,0.0,0.0,0.0,0.0,0.0
0,0,0,0,0,0,0,0,0,0,0,0,0,0,0,0,0,0,0,0,0,0,0,0,0,0,0,0,0,0,0,0,0,0,0,0,0,0,0,0,0,0,0,0,0,0,1,0,0,0,0,0,0,0,0,0,0,1.8090776073913948,0.0,0.0,0.0,0.0,0.0,2.209627598587938,benign,0.0,0.0,0.0,0.0,0.0,0.0,0.0,0.0,0.0,0.0,0.0,0.0,0.0,0.0,0.0,0.0,0.0,0.0,0.0,0.0
0,0,0,0,0,0,0,0,0,0,0,0,0,0,0,0,0,0,0,0,0,0,0,0,0,0,0,0,0,0,0,0,0,0,0,0,0,0,0,0,0,0,0,0,0,0,0,0,0,0,0,0,0,0,0,0,0,0.0,,,,,,,benign,0.0,0.0,0.6852892846163351,0.0,0.0,0.0,0.0,0.0,0.0,0.0,0.0,0.0,0.7282709635774528,0.0,0.0,0.0,0.0,0.0,0.0,0.0
0,0,0,0,0,0,0,0,0,0,0,0,0,0,0,0,0,0,0,0,0,0,0,0,0,0,0,0,0,0,0,0,0,0,0,0,0,0,0,0,0,0,0,0,0,0,0,0,0,0,0,0,0,0,0,0,0,0.0,,,,,,,benign,0.0,0.0,0.6852892846163351,0.0,0.0,0.0,0.0,0.0,0.0,0.0,0.0,0.0,0.7282709635774528,0.0,0.0,0.0,0.0,0.0,0.0,0.0
0,0,0,0,0,0,0,0,0,0,0,0,0,0,0,0,0,0,0,0,0,0,0,0,0,0,0,0,0,0,0,0,0,0,0,0,0,0,0,0,0,0,0,0,0,0,1,0,0,0,0,0,0,0,0,0,0,1.9010631415078296,0.0,0.0,0.0,0.0,0.0,3.3860125478993783,benign,0.0,0.0,0.4082002741031692,0.0,0.0,0.0,0.0,0.0,0.0,0.0,0.22003495974726708,0.0,0.14460093161976614,0.5205698710653032,0.0,0.0,0.0,0.0,0.6841165081201007,0.1582382252884094
0,0,0,0,0,0,0,0,0,0,0,0,2,0,0,0,0,0,0,0,0,0,0,0,0,0,0,0,0,0,0,0,0,0,0,0,0,0,0,0,0,0,0,0,0,0,1,0,0,0,0,0,0,0,0,0,0,1.8852069293488305,0.0,0.0,0.0,0.0,0.0,2.975434986147385,benign,0.0,0.0,0.3638607948619326,0.0,0.0,0.0,0.0,0.0,0.0,0.0,0.588403049412105,0.0,0.38668232180299444,0.0,0.0,0.0,0.0,0.0,0.6098064901343901,0.0
0,0,0,0,0,0,2,0,2,0,0,2,2,0,0,0,0,0,0,0,0,0,0,2,2,0,0,0,0,0,0,0,0,0,0,0,0,0,0,0,0,0,0,0,0,0,15,0,0,0,0,1,0,0,0,0,0,4.355520850542607,0.0,0.0,0.0,0.0,0.0,3.3747857579038345,benign,0.0,0.0,0.6677818795251821,0.0393902637015944,0.0,0.04958841804104854,0.24044856796308628,0.0,0.039034732033825945,0.0393902637015944,0.2056908522648246,0.0,0.40552313455989447,0.2433169269233408,0.0,0.0393902637015944,0.24617894705960092,0.0,0.373052670947156,0.1479226549173421
0,0,0,0,0,0,0,0,0,0,0,0,0,0,0,0,0,0,0,0,0,0,0,0,0,0,0,0,0,0,0,0,0,0,0,0,0,0,0,0,0,0,0,0,0,0,0,0,0,0,0,0,0,0,0,0,0,0.0,,,,,,,benign,0.0,0.0,0.6852892846163351,0.0,0.0,0.0,0.0,0.0,0.0,0.0,0.0,0.0,0.7282709635774528,0.0,0.0,0.0,0.0,0.0,0.0,0.0
0,0,0,0,0,0,0,0,0,0,0,0,0,0,0,0,0,0,0,0,0,0,0,0,0,0,0,0,0,0,0,0,0,0,0,0,0,0,0,0,0,0,0,0,0,0,2,0,0,0,0,0,0,0,0,0,0,2.3621914259952668,0.0,0.0,0.0,0.0,0.0,3.228372376129276,benign,0.0,0.0,0.4729268509901567,0.29291224635472674,0.0,0.1843736694886972,0.35760273507381457,0.0,0.2902684565023606,0.29291224635472674,0.0,0.0,0.25129452714635514,0.0,0.0,0.29291224635472674,0.36612513658064344,0.0,0.0,0.27499407891016436
0,0,0,0,0,0,0,0,0,0,0,0,0,0,0,0,0,0,0,0,0,0,0,0,0,0,0,0,0,0,0,0,0,0,0,0,0,0,0,0,0,0,0,0,0,0,1,0,0,0,0,0,0,0,0,0,0,1.868058222419032,0.0,0.0,0.0,0.0,0.0,2.9514195898955555,benign,0.0,0.0,0.0,0.4360358749709731,0.0,0.27446286489419697,0.0,0.0,0.4321002688778097,0.4360358749709731,0.0,0.0,0.0,0.0,0.0,0.4360358749709731,0.0,0.0,0.0,0.409362480748649
0,0,0,0,0,0,0,0,0,0,0,0,0,0,0,0,0,0,0,0,0,0,0,0,0,0,0,0,0,0,0,0,0,0,0,0,0,0,0,0,0,0,0,0,0,0,2,0,0,0,0,0,0,0,0,0,0,2.363799501265868,0.0,0.0,0.0,0.0,0.0,3.2625366587893625,benign,0.0,0.0,0.4729268509901567,0.29291224635472674,0.0,0.1843736694886972,0.35760273507381457,0.0,0.2902684565023606,0.29291224635472674,0.0,0.0,0.25129452714635514,0.0,0.0,0.29291224635472674,0.36612513658064344,0.0,0.0,0.27499407891016436
0,0,0,0,0,0,0,0,0,0,0,0,0,0,0,0,0,0,0,0,0,0,0,0,0,0,0,0,0,0,0,0,0,0,0,0,0,0,0,0,0,0,0,0,0,0,1,0,0,0,0,0,0,0,0,0,0,1.868058222419032,0.0,0.0,0.0,0.0,0.0,2.9514195898955555,benign,0.0,0.0,0.0,0.4360358749709731,0.0,0.27446286489419697,0.0,0.0,0.4321002688778097,0.4360358749709731,0.0,0.0,0.0,0.0,0.0,0.4360358749709731,0.0,0.0,0.0,0.409362480748649
0,0,0,0,0,0,0,0,0,0,0,0,0,0,0,0,0,0,0,0,0,0,0,0,0,0,0,0,0,0,0,0,0,0,0,0,0,0,0,0,0,0,0,0,0,0,2,0,0,0,0,0,0,0,0,0,0,2.3617765258995345,0.0,0.0,0.0,0.0,0.0,3.219566549293704,benign,0.0,0.0,0.4729268509901567,0.29291224635472674,0.0,0.1843736694886972,0.35760273507381457,0.0,0.2902684565023606,0.29291224635472674,0.0,0.0,0.25129452714635514,0.0,0.0,0.29291224635472674,0.36612513658064344,0.0,0.0,0.27499407891016436
0,0,0,0,0,0,0,0,0,0,0,0,0,0,0,0,0,0,0,0,0,0,0,0,0,0,0,0,0,0,0,0,0,0,0,0,0,0,0,0,0,0,0,0,0,0,1,0,0,0,0,0,0,0,0,0,0,1.868058222419032,0.0,0.0,0.0,0.0,0.0,2.9514195898955555,benign,0.0,0.0,0.0,0.4360358749709731,0.0,0.27446286489419697,0.0,0.0,0.4321002688778097,0.4360358749709731,0.0,0.0,0.0,0.0,0.0,0.4360358749709731,0.0,0.0,0.0,0.409362480748649
0,0,0,0,0,0,0,0,0,0,0,0,0,0,0,0,0,0,0,0,0,0,0,0,0,0,0,0,0,0,0,0,0,0,0,0,0,0,0,0,0,0,0,0,0,0,2,0,0,0,0,0,0,0,0,0,0,2.36502700653444,0.0,0.0,0.0,0.0,0.0,3.288652559985165,benign,0.0,0.0,0.4729268509901567,0.29291224635472674,0.0,0.1843736694886972,0.35760273507381457,0.0,0.2902684565023606,0.29291224635472674,0.0,0.0,0.25129452714635514,0.0,0.0,0.29291224635472674,0.36612513658064344,0.0,0.0,0.27499407891016436
0,0,0,0,0,0,0,0,0,0,0,0,0,0,0,0,0,0,0,0,0,0,0,0,0,0,0,0,0,0,0,0,0,0,0,0,0,0,0,0,0,0,0,0,0,0,1,0,0,0,0,0,0,0,0,0,0,1.868058222419032,0.0,0.0,0.0,0.0,0.0,2.9514195898955555,benign,0.0,0.0,0.0,0.4360358749709731,0.0,0.27446286489419697,0.0,0.0,0.4321002688778097,0.4360358749709731,0.0,0.0,0.0,0.0,0.0,0.4360358749709731,0.0,0.0,0.0,0.409362480748649
0,0,0,0,0,0,0,0,0,0,0,0,0,0,0,0,0,0,0,0,0,0,0,0,0,0,0,0,0,0,0,0,0,0,0,0,0,0,0,0,0,0,0,0,0,0,0,0,0,0,0,0,0,0,0,0,0,0.0,,,,,,,benign,0.0,0.0,0.6852892846163351,0.0,0.0,0.0,0.0,0.0,0.0,0.0,0.0,0.0,0.7282709635774528,0.0,0.0,0.0,0.0,0.0,0.0,0.0
0,0,0,0,0,0,0,0,0,0,0,0,0,0,0,0,0,0,0,0,0,0,0,0,0,0,0,0,0,0,0,0,0,0,0,0,0,0,0,0,0,0,0,0,0,0,2,0,0,0,0,0,0,0,0,0,0,2.3667849377426244,0.0,0.0,0.0,0.0,0.0,3.326109460381478,benign,0.0,0.0,0.5852900540376956,0.24167038960087733,0.0,0.1521194729547634,0.2950439709610779,0.0,0.23948910243519697,0.24167038960087733,0.0,0.0,0.41466648824563823,0.0,0.0,0.24167038960087733,0.30207546970557275,0.0,0.0,0.22688681342353648
0,0,0,0,0,0,0,0,0,0,0,0,0,0,0,0,0,0,0,0,0,0,0,0,0,0,0,0,0,0,0,0,0,0,0,0,0,0,0,0,0,0,0,0,0,0,1,0,0,0,0,0,0,0,0,0,0,1.868058222419032,0.0,0.0,0.0,0.0,0.0,2.9514195898955555,benign,0.0,0.0,0.0,0.4360358749709731,0.0,0.27446286489419697,0.0,0.0,0.4321002688778097,0.4360358749709731,0.0,0.0,0.0,0.0,0.0,0.4360358749709731,0.0,0.0,0.0,0.409362480748649
0,0,0,0,0,0,0,0,0,0,0,0,0,0,0,0,0,0,0,0,0,0,0,0,0,0,0,0,0,0,0,0,0,0,0,0,0,0,0,0,0,0,0,0,0,0,1,0,0,0,0,0,0,0,0,0,0,1.852240816467405,0.0,0.0,0.0,0.0,0.0,2.7481733799993955,benign,0.0,0.0,0.0,0.0,0.0,0.0,0.0,0.0,0.0,0.0,0.0,0.0,0.0,0.0,0.0,0.0,0.0,0.0,0.0,0.0
0,0,0,0,0,0,0,0,0,0,0,0,0,0,0,0,0,0,0,0,0,0,0,0,0,0,0,0,0,0,0,0,0,0,0,0,0,0,0,0,0,0,0,0,0,0,0,0,0,0,0,0,0,0,0,0,0,0.0,,,,,,,benign,0.0,0.0,0.6852892846163351,0.0,0.0,0.0,0.0,0.0,0.0,0.0,0.0,0.0,0.7282709635774528,0.0,0.0,0.0,0.0,0.0,0.0,0.0
0,0,0,0,0,0,0,0,0,0,0,2,0,0,0,0,0,0,0,0,0,0,0,0,0,0,0,0,0,0,0,0,0,0,0,0,0,0,0,0,0,0,0,0,0,0,1,0,0,0,0,1,0,0,0,0,0,2.001260071631328,0.0,0.0,0.0,0.0,0.0,2.7567454149350623,benign,0.0,0.0,0.4591011770279272,0.0,0.0,0.0,0.0,0.0,0.0,0.0,0.7424172550780652,0.0,0.48789622730035814,0.0,0.0,0.0,0.0,0.0,0.0,0.0
0,0,0,0,0,0,2,0,0,0,0,0,0,0,0,0,0,0,0,0,0,0,0,2,2,0,0,0,0,0,0,0,0,0,0,0,0,0,0,0,0,0,0,0,0,0,1,0,0,0,0,0,0,0,0,0,0,3.0223048418625464,0.0,0.0,0.0,0.0,0.0,3.077150681655744,benign,0.0,0.0,0.3638607948619326,0.0,0.0,0.0,0.0,0.0,0.0,0.0,0.588403049412105,0.0,0.38668232180299444,0.0,0.0,0.0,0.0,0.0,0.6098064901343901,0.0
0,0,0,0,0,0,0,0,0,0,0,0,0,0,0,0,0,0,0,0,0,0,0,0,0,0,0,0,0,0,0,0,0,0,0,0,0,0,0,0,0,0,0,0,0,0,0,0,0,0,0,0,0,0,0,0,0,0.0,,,,,,,benign,0.0,0.0,0.6852892846163351,0.0,0.0,0.0,0.0,0.0,0.0,0.0,0.0,0.0,0.7282709635774528,0.0,0.0,0.0,0.0,0.0,0.0,0.0
0,0,0,0,0,0,0,0,0,0,0,0,0,0,0,0,0,0,0,0,0,0,0,0,0,0,0,0,0,0,0,0,0,0,0,0,0,0,0,0,0,0,0,0,0,0,0,0,0,0,0,0,0,0,0,0,0,0.0,,,,,,,benign,0.0,0.0,0.6852892846163351,0.0,0.0,0.0,0.0,0.0,0.0,0.0,0.0,0.0,0.7282709635774528,0.0,0.0,0.0,0.0,0.0,0.0,0.0
0,0,0,0,0,0,0,0,0,0,0,0,0,0,0,0,0,0,0,0,0,0,0,0,0,0,0,0,0,0,0,0,0,0,0,0,0,0,0,0,0,0,0,0,0,0,1,0,0,0,0,0,0,0,0,0,0,1.8090776073913948,0.0,0.0,0.0,0.0,0.0,2.209627598587938,benign,0.0,0.0,0.0,0.0,0.0,0.0,0.0,0.0,0.0,0.0,0.0,0.0,0.0,0.0,0.0,0.0,0.0,0.0,0.0,0.0
0,0,0,0,0,0,0,0,0,0,0,0,0,0,0,0,0,0,0,0,0,0,0,0,0,0,0,0,0,0,0,0,0,0,0,0,0,0,0,0,0,0,0,0,0,0,0,0,0,0,0,0,0,0,0,0,0,0.0,,,,,,,benign,0.0,0.0,0.6852892846163351,0.0,0.0,0.0,0.0,0.0,0.0,0.0,0.0,0.0,0.7282709635774528,0.0,0.0,0.0,0.0,0.0,0.0,0.0
0,0,0,0,0,0,0,0,0,0,0,0,0,0,0,0,0,0,0,0,0,0,0,0,0,0,0,0,0,0,0,0,0,0,0,0,0,0,0,0,0,0,0,0,0,0,0,0,0,0,0,0,0,0,0,0,0,0.0,,,,,,,benign,0.0,0.0,0.6852892846163351,0.0,0.0,0.0,0.0,0.0,0.0,0.0,0.0,0.0,0.7282709635774528,0.0,0.0,0.0,0.0,0.0,0.0,0.0
0,0,0,0,0,0,0,0,0,0,0,0,0,0,0,0,0,0,0,0,0,0,0,0,0,0,0,0,0,0,0,0,0,0,0,0,0,0,0,0,0,0,0,0,0,0,1,0,0,0,0,0,0,0,0,0,0,1.8090776073913948,0.0,0.0,0.0,0.0,0.0,2.209627598587938,benign,0.0,0.0,0.0,0.0,0.0,0.0,0.0,0.0,0.0,0.0,0.0,0.0,0.0,0.0,0.0,0.0,0.0,0.0,0.0,0.0
0,0,0,0,0,0,0,0,0,0,0,0,0,0,0,0,0,0,0,0,0,0,0,0,0,0,0,0,0,0,0,0,0,0,0,0,0,0,0,0,0,0,0,0,0,0,0,0,0,0,0,0,0,0,0,0,0,0.0,,,,,,,benign,0.0,0.0,0.6852892846163351,0.0,0.0,0.0,0.0,0.0,0.0,0.0,0.0,0.0,0.7282709635774528,0.0,0.0,0.0,0.0,0.0,0.0,0.0
0,0,0,0,0,0,0,0,0,0,0,0,0,0,0,0,0,0,0,0,0,0,0,0,0,0,0,0,0,0,0,0,0,0,0,0,0,0,0,0,0,0,0,0,0,0,0,0,0,0,0,0,0,0,0,0,0,0.0,,,,,,,benign,0.0,0.0,0.6852892846163351,0.0,0.0,0.0,0.0,0.0,0.0,0.0,0.0,0.0,0.7282709635774528,0.0,0.0,0.0,0.0,0.0,0.0,0.0
0,0,0,0,0,0,0,0,0,0,0,0,0,0,0,0,0,0,0,0,0,0,0,0,0,0,0,0,0,0,0,0,0,0,0,0,0,0,0,0,0,0,0,0,0,0,1,0,0,0,0,0,0,0,0,0,0,1.9002240939931856,0.0,0.0,0.0,0.0,0.0,3.3747857579038345,benign,0.0,0.0,0.4082002741031692,0.0,0.0,0.0,0.0,0.0,0.0,0.0,0.22003495974726708,0.0,0.14460093161976614,0.5205698710653032,0.0,0.0,0.0,0.0,0.6841165081201007,0.1582382252884094
0,0,0,0,0,0,0,0,0,0,0,0,2,0,0,0,0,0,0,0,0,0,0,0,0,0,0,0,0,0,0,0,0,0,0,0,0,0,0,0,0,0,0,0,0,0,1,0,0,0,0,0,0,0,0,0,0,1.8866940068010072,0.0,0.0,0.0,0.0,0.0,2.9950424537360467,benign,0.0,0.0,0.3638607948619326,0.0,0.0,0.0,0.0,0.0,0.0,0.0,0.588403049412105,0.0,0.38668232180299444,0.0,0.0,0.0,0.0,0.0,0.6098064901343901,0.0
0,0,0,0,0,0,2,0,2,0,0,2,2,0,0,0,0,0,0,0,0,0,0,2,2,0,0,0,0,0,0,0,0,0,0,0,0,0,0,0,0,0,0,0,0,0,15,0,0,0,0,1,0,0,0,0,0,4.355621067125582,0.0,0.0,0.0,0.0,0.0,3.390401765787715,benign,0.0,0.0,0.6677818795251821,0.0393902637015944,0.0,0.04958841804104854,0.24044856796308628,0.0,0.039034732033825945,0.0393902637015944,0.2056908522648246,0.0,0.40552313455989447,0.2433169269233408,0.0,0.0393902637015944,0.24617894705960092,0.0,0.373052670947156,0.1479226549173421
0,0,0,0,0,0,0,0,0,0,0,0,0,0,0,0,0,0,0,0,0,0,0,0,0,0,0,0,0,0,0,0,0,0,0,0,0,0,0,0,0,0,0,0,0,0,0,0,0,0,0,0,0,0,0,0,0,0.0,,,,,,,benign,0.0,0.0,0.6852892846163351,0.0,0.0,0.0,0.0,0.0,0.0,0.0,0.0,0.0,0.7282709635774528,0.0,0.0,0.0,0.0,0.0,0.0,0.0
0,0,0,0,0,0,0,0,0,0,0,0,0,0,0,0,0,0,0,0,0,0,0,0,0,0,0,0,0,0,0,0,0,0,0,0,0,0,0,0,0,0,0,0,0,0,2,0,0,0,0,0,0,0,0,0,0,2.3621914259952668,0.0,0.0,0.0,0.0,0.0,3.228372376129276,benign,0.0,0.0,0.4729268509901567,0.29291224635472674,0.0,0.1843736694886972,0.35760273507381457,0.0,0.2902684565023606,0.29291224635472674,0.0,0.0,0.25129452714635514,0.0,0.0,0.29291224635472674,0.36612513658064344,0.0,0.0,0.27499407891016436
0,0,0,0,0,0,0,0,0,0,0,0,0,0,0,0,0,0,0,0,0,0,0,0,0,0,0,0,0,0,0,0,0,0,0,0,0,0,0,0,0,0,0,0,0,0,1,0,0,0,0,0,0,0,0,0,0,1.868058222419032,0.0,0.0,0.0,0.0,0.0,2.9514195898955555,benign,0.0,0.0,0.0,0.4360358749709731,0.0,0.27446286489419697,0.0,0.0,0.4321002688778097,0.4360358749709731,0.0,0.0,0.0,0.0,0.0,0.4360358749709731,0.0,0.0,0.0,0.409362480748649
0,0,0,0,0,0,0,0,0,0,0,0,0,0,0,0,0,0,0,0,0,0,0,0,0,0,0,0,0,0,0,0,0,0,0,0,0,0,0,0,0,0,0,0,0,0,2,0,0,0,0,0,0,0,0,0,0,2.363799501265868,0.0,0.0,0.0,0.0,0.0,3.2625366587893625,benign,0.0,0.0,0.4729268509901567,0.29291224635472674,0.0,0.1843736694886972,0.35760273507381457,0.0,0.2902684565023606,0.29291224635472674,0.0,0.0,0.25129452714635514,0.0,0.0,0.29291224635472674,0.36612513658064344,0.0,0.0,0.27499407891016436
0,0,0,0,0,0,0,0,0,0,0,0,0,0,0,0,0,0,0,0,0,0,0,0,0,0,0,0,0,0,0,0,0,0,0,0,0,0,0,0,0,0,0,0,0,0,1,0,0,0,0,0,0,0,0,0,0,1.868058222419032,0.0,0.0,0.0,0.0,0.0,2.9514195898955555,benign,0.0,0.0,0.0,0.4360358749709731,0.0,0.27446286489419697,0.0,0.0,0.4321002688778097,0.4360358749709731,0.0,0.0,0.0,0.0,0.0,0.4360358749709731,0.0,0.0,0.0,0.409362480748649
0,0,0,0,0,0,0,0,0,0,0,0,0,0,0,0,0,0,0,0,0,0,0,0,0,0,0,0,0,0,0,0,0,0,0,0,0,0,0,0,0,0,0,0,0,0,2,0,0,0,0,0,0,0,0,0,0,2.3617765258995345,0.0,0.0,0.0,0.0,0.0,3.219566549293704,benign,0.0,0.0,0.4729268509901567,0.29291224635472674,0.0,0.1843736694886972,0.35760273507381457,0.0,0.2902684565023606,0.29291224635472674,0.0,0.0,0.25129452714635514,0.0,0.0,0.29291224635472674,0.36612513658064344,0.0,0.0,0.27499407891016436
0,0,0,0,0,0,0,0,0,0,0,0,0,0,0,0,0,0,0,0,0,0,0,0,0,0,0,0,0,0,0,0,0,0,0,0,0,0,0,0,0,0,0,0,0,0,1,0,0,0,0,0,0,0,0,0,0,1.868058222419032,0.0,0.0,0.0,0.0,0.0,2.9514195898955555,benign,0.0,0.0,0.0,0.4360358749709731,0.0,0.27446286489419697,0.0,0.0,0.4321002688778097,0.4360358749709731,0.0,0.0,0.0,0.0,0.0,0.4360358749709731,0.0,0.0,0.0,0.409362480748649
0,0,0,0,0,0,0,0,0,0,0,0,0,0,0,0,0,0,0,0,0,0,0,0,0,0,0,0,0,0,0,0,0,0,0,0,0,0,0,0,0,0,0,0,0,0,2,0,0,0,0,0,0,0,0,0,0,2.36502700653444,0.0,0.0,0.0,0.0,0.0,3.288652559985165,benign,0.0,0.0,0.4729268509901567,0.29291224635472674,0.0,0.1843736694886972,0.35760273507381457,0.0,0.2902684565023606,0.29291224635472674,0.0,0.0,0.25129452714635514,0.0,0.0,0.29291224635472674,0.36612513658064344,0.0,0.0,0.27499407891016436
0,0,0,0,0,0,0,0,0,0,0,0,0,0,0,0,0,0,0,0,0,0,0,0,0,0,0,0,0,0,0,0,0,0,0,0,0,0,0,0,0,0,0,0,0,0,1,0,0,0,0,0,0,0,0,0,0,1.868058222419032,0.0,0.0,0.0,0.0,0.0,2.9514195898955555,benign,0.0,0.0,0.0,0.4360358749709731,0.0,0.27446286489419697,0.0,0.0,0.4321002688778097,0.4360358749709731,0.0,0.0,0.0,0.0,0.0,0.4360358749709731,0.0,0.0,0.0,0.409362480748649
0,0,0,0,0,0,0,0,0,0,0,0,0,0,0,0,0,0,0,0,0,0,0,0,0,0,0,0,0,0,0,0,0,0,0,0,0,0,0,0,0,0,0,0,0,0,0,0,0,0,0,0,0,0,0,0,0,0.0,,,,,,,benign,0.0,0.0,0.6852892846163351,0.0,0.0,0.0,0.0,0.0,0.0,0.0,0.0,0.0,0.7282709635774528,0.0,0.0,0.0,0.0,0.0,0.0,0.0
0,0,0,0,0,0,0,0,0,0,0,0,0,0,0,0,0,0,0,0,0,0,0,0,0,0,0,0,0,0,0,0,0,0,0,0,0,0,0,0,0,0,0,0,0,0,2,0,0,0,0,0,0,0,0,0,0,2.3667849377426244,0.0,0.0,0.0,0.0,0.0,3.326109460381478,benign,0.0,0.0,0.5852900540376956,0.24167038960087733,0.0,0.1521194729547634,0.2950439709610779,0.0,0.23948910243519697,0.24167038960087733,0.0,0.0,0.41466648824563823,0.0,0.0,0.24167038960087733,0.30207546970557275,0.0,0.0,0.22688681342353648
0,0,0,0,0,0,0,0,0,0,0,0,0,0,0,0,0,0,0,0,0,0,0,0,0,0,0,0,0,0,0,0,0,0,0,0,0,0,0,0,0,0,0,0,0,0,1,0,0,0,0,0,0,0,0,0,0,1.868058222419032,0.0,0.0,0.0,0.0,0.0,2.9514195898955555,benign,0.0,0.0,0.0,0.4360358749709731,0.0,0.27446286489419697,0.0,0.0,0.4321002688778097,0.4360358749709731,0.0,0.0,0.0,0.0,0.0,0.4360358749709731,0.0,0.0,0.0,0.409362480748649
0,0,0,0,0,0,0,0,0,0,0,0,0,0,0,0,0,0,0,0,0,0,0,0,0,0,0,0,0,0,0,0,0,0,0,0,0,0,0,0,0,0,0,0,0,0,1,0,0,0,0,0,0,0,0,0,0,1.852240816467405,0.0,0.0,0.0,0.0,0.0,2.7481733799993955,benign,0.0,0.0,0.0,0.0,0.0,0.0,0.0,0.0,0.0,0.0,0.0,0.0,0.0,0.0,0.0,0.0,0.0,0.0,0.0,0.0
0,0,0,0,0,0,0,0,0,0,0,0,0,0,0,0,0,0,0,0,0,0,0,0,0,0,0,0,0,0,0,0,0,0,0,0,0,0,0,0,0,0,0,0,0,0,0,0,0,0,0,0,0,0,0,0,0,0.0,,,,,,,benign,0.0,0.0,0.6852892846163351,0.0,0.0,0.0,0.0,0.0,0.0,0.0,0.0,0.0,0.7282709635774528,0.0,0.0,0.0,0.0,0.0,0.0,0.0
0,0,0,0,0,0,0,0,0,0,0,2,0,0,0,0,0,0,0,0,0,0,0,0,0,0,0,0,0,0,0,0,0,0,0,0,0,0,0,0,0,0,0,0,0,0,1,0,0,0,0,1,0,0,0,0,0,2.001260071631328,0.0,0.0,0.0,0.0,0.0,2.7567454149350623,benign,0.0,0.0,0.4591011770279272,0.0,0.0,0.0,0.0,0.0,0.0,0.0,0.7424172550780652,0.0,0.48789622730035814,0.0,0.0,0.0,0.0,0.0,0.0,0.0
0,0,0,0,0,0,2,0,0,0,0,0,0,0,0,0,0,0,0,0,0,0,0,2,2,0,0,0,0,0,0,0,0,0,0,0,0,0,0,0,0,0,0,0,0,0,1,0,0,0,0,0,0,0,0,0,0,3.0220834039822444,0.0,0.0,0.0,0.0,0.0,3.068055651509196,benign,0.0,0.0,0.3638607948619326,0.0,0.0,0.0,0.0,0.0,0.0,0.0,0.588403049412105,0.0,0.38668232180299444,0.0,0.0,0.0,0.0,0.0,0.6098064901343901,0.0
0,0,0,0,0,0,0,0,0,0,0,0,0,0,0,0,0,0,0,0,0,0,0,0,0,0,0,0,0,0,0,0,0,0,0,0,0,0,0,0,0,0,0,0,0,0,0,0,0,0,0,0,0,0,0,0,0,0.0,,,,,,,benign,0.0,0.0,0.6852892846163351,0.0,0.0,0.0,0.0,0.0,0.0,0.0,0.0,0.0,0.7282709635774528,0.0,0.0,0.0,0.0,0.0,0.0,0.0
0,0,0,0,0,0,0,0,0,0,0,0,0,0,0,0,0,0,0,0,0,0,0,0,0,0,0,0,0,0,0,0,0,0,0,0,0,0,0,0,0,0,0,0,0,0,0,0,0,0,0,0,0,0,0,0,0,0.0,,,,,,,benign,0.0,0.0,0.6852892846163351,0.0,0.0,0.0,0.0,0.0,0.0,0.0,0.0,0.0,0.7282709635774528,0.0,0.0,0.0,0.0,0.0,0.0,0.0
0,0,0,0,0,0,0,0,0,0,0,0,0,0,0,0,0,0,0,0,0,0,0,0,0,0,0,0,0,0,0,0,0,0,0,0,0,0,0,0,0,0,0,0,0,0,1,0,0,0,0,0,0,0,0,0,0,1.8090776073913948,0.0,0.0,0.0,0.0,0.0,2.209627598587938,benign,0.0,0.0,0.0,0.0,0.0,0.0,0.0,0.0,0.0,0.0,0.0,0.0,0.0,0.0,0.0,0.0,0.0,0.0,0.0,0.0
0,0,0,0,0,0,0,0,0,0,0,0,0,0,0,0,0,0,0,0,0,0,0,0,0,0,0,0,0,0,0,0,0,0,0,0,0,0,0,0,0,0,0,0,0,0,0,0,0,0,0,0,0,0,0,0,0,0.0,,,,,,,benign,0.0,0.0,0.6852892846163351,0.0,0.0,0.0,0.0,0.0,0.0,0.0,0.0,0.0,0.7282709635774528,0.0,0.0,0.0,0.0,0.0,0.0,0.0
0,0,0,0,0,0,0,0,0,0,0,0,0,0,0,0,0,0,0,0,0,0,0,0,0,0,0,0,0,0,0,0,0,0,0,0,0,0,0,0,0,0,0,0,0,0,0,0,0,0,0,0,0,0,0,0,0,0.0,,,,,,,benign,0.0,0.0,0.6852892846163351,0.0,0.0,0.0,0.0,0.0,0.0,0.0,0.0,0.0,0.7282709635774528,0.0,0.0,0.0,0.0,0.0,0.0,0.0
0,0,0,0,0,0,0,0,0,0,0,0,0,0,0,0,0,0,0,0,0,0,0,0,0,0,0,0,0,0,0,0,0,0,0,0,0,0,0,0,0,0,0,0,0,0,1,0,0,0,0,0,0,0,0,0,0,1.8090776073913948,0.0,0.0,0.0,0.0,0.0,2.209627598587938,benign,0.0,0.0,0.0,0.0,0.0,0.0,0.0,0.0,0.0,0.0,0.0,0.0,0.0,0.0,0.0,0.0,0.0,0.0,0.0,0.0
0,0,0,0,0,0,0,0,0,0,0,0,0,0,0,0,0,0,0,0,0,0,0,0,0,0,0,0,0,0,0,0,0,0,0,0,0,0,0,0,0,0,0,0,0,0,0,0,0,0,0,0,0,0,0,0,0,0.0,,,,,,,benign,0.0,0.0,0.6852892846163351,0.0,0.0,0.0,0.0,0.0,0.0,0.0,0.0,0.0,0.7282709635774528,0.0,0.0,0.0,0.0,0.0,0.0,0.0
0,0,0,0,0,0,0,0,0,0,0,0,0,0,0,0,0,0,0,0,0,0,0,0,0,0,0,0,0,0,0,0,0,0,0,0,0,0,0,0,0,0,0,0,0,0,0,0,0,0,0,0,0,0,0,0,0,0.0,,,,,,,benign,0.0,0.0,0.6852892846163351,0.0,0.0,0.0,0.0,0.0,0.0,0.0,0.0,0.0,0.7282709635774528,0.0,0.0,0.0,0.0,0.0,0.0,0.0
0,0,0,0,0,0,0,0,0,0,0,0,0,0,0,0,0,0,0,0,0,0,0,0,0,0,0,0,0,0,0,0,0,0,0,0,0,0,0,0,0,0,0,0,0,0,1,0,0,0,0,0,0,0,0,0,0,1.9013909836061949,0.0,0.0,0.0,0.0,0.0,3.390401765787715,benign,0.0,0.0,0.4082002741031692,0.0,0.0,0.0,0.0,0.0,0.0,0.0,0.22003495974726708,0.0,0.14460093161976614,0.5205698710653032,0.0,0.0,0.0,0.0,0.6841165081201007,0.1582382252884094
0,0,0,0,0,0,0,0,0,0,0,0,2,0,0,0,0,0,0,0,0,0,0,0,0,0,0,0,0,0,0,0,0,0,0,0,0,0,0,0,0,0,0,0,0,0,1,0,0,0,0,0,0,0,0,0,0,1.888660540447085,0.0,0.0,0.0,0.0,0.0,3.0210164797100725,benign,0.0,0.0,0.3638607948619326,0.0,0.0,0.0,0.0,0.0,0.0,0.0,0.588403049412105,0.0,0.38668232180299444,0.0,0.0,0.0,0.0,0.0,0.6098064901343901,0.0
0,0,0,0,0,0,0,0,0,0,0,0,0,0,0,0,0,0,0,0,0,0,0,0,0,0,0,0,0,0,0,0,0,0,0,0,0,0,0,0,0,0,0,0,0,0,1,0,0,0,0,0,0,0,0,0,0,1.859707154844908,0.0,0.0,0.0,0.0,0.0,2.8437117733109467,benign,0.0,0.0,0.9815262992945841,0.0,0.0,0.19132726881727674,0.0,0.0,0.0,0.0,0.0,0.0,0.0,0.0,0.0,0.0,0.0,0.0,0.0,0.0
0,0,0,0,0,0,0,0,0,0,0,0,0,0,0,0,0,0,0,0,0,0,0,0,0,0,0,0,0,0,0,0,0,0,0,0,0,0,0,0,0,0,0,0,0,0,1,0,0,0,0,0,0,0,0,0,0,1.859707154844908,0.0,0.0,0.0,0.0,0.0,2.8437117733109467,benign,0.0,0.0,0.9678450313136161,0.0,0.0,0.2515472030485444,0.0,0.0,0.0,0.0,0.0,0.0,0.0,0.0,0.0,0.0,0.0,0.0,0.0,0.0
0,0,0,0,0,0,0,0,0,0,0,0,0,0,0,0,0,0,0,0,0,0,0,0,0,0,0,0,0,0,0,0,0,0,0,0,0,0,0,0,0,0,0,0,0,0,0,0,0,0,0,0,0,0,0,0,0,0.0,,,,,,,benign,0.0,0.0,1.0,0.0,0.0,0.0,0.0,0.0,0.0,0.0,0.0,0.0,0.0,0.0,0.0,0.0,0.0,0.0,0.0,0.0
0,0,0,0,0,0,0,0,0,0,0,0,0,0,0,0,0,0,0,0,0,0,0,0,0,0,0,0,0,0,0,0,0,0,0,0,0,0,0,0,0,0,0,0,0,0,1,0,0,0,0,0,0,0,0,0,0,1.868058222419032,0.0,0.0,0.0,0.0,0.0,2.9514195898955555,benign,0.0,0.0,0.0,0.4360358749709731,0.0,0.27446286489419697,0.0,0.0,0.4321002688778097,0.4360358749709731,0.0,0.0,0.0,0.0,0.0,0.4360358749709731,0.0,0.0,0.0,0.409362480748649
0,0,0,0,0,0,0,0,0,0,0,0,0,0,0,0,0,0,0,0,0,0,0,0,0,0,0,0,0,0,0,0,0,0,0,0,0,0,0,0,0,0,0,0,0,0,1,0,0,0,0,0,0,0,0,0,0,1.868058222419032,0.0,0.0,0.0,0.0,0.0,2.9514195898955555,benign,0.0,0.0,0.0,0.4360358749709731,0.0,0.27446286489419697,0.0,0.0,0.4321002688778097,0.4360358749709731,0.0,0.0,0.0,0.0,0.0,0.4360358749709731,0.0,0.0,0.0,0.409362480748649
0,0,0,0,0,0,0,0,0,0,0,0,0,0,0,0,0,0,0,0,0,0,0,0,0,0,0,0,0,0,0,0,0,0,0,0,0,0,0,0,0,0,0,0,0,0,0,0,0,0,0,0,0,0,0,0,0,0.0,,,,,,,benign,0.0,0.0,0.0,0.0,0.0,0.0,0.0,0.0,0.0,0.0,0.0,0.0,0.0,0.0,0.0,0.0,0.0,0.0,0.0,0.0
0,0,0,2,0,2,0,0,0,0,0,0,0,0,0,0,0,0,0,0,0,0,0,0,0,0,0,0,0,0,0,0,0,0,0,0,0,0,0,0,0,0,0,0,0,2,2,0,0,0,0,0,0,0,0,0,0,3.231712928778216,0.0,0.0,0.0,0.0,0.0,2.64599266182679,benign,0.0,0.0,0.0,0.0,0.5794952261019019,0.43696233266746043,0.0,0.0,0.6879311032035965,0.0,0.0,0.0,0.0,0.0,0.0,0.0,0.0,0.0,0.0,0.0
0,0,0,2,0,2,0,0,0,0,0,0,0,0,0,0,0,0,0,0,0,0,0,0,0,0,0,0,0,0,0,0,0,0,0,0,0,0,0,0,0,0,0,0,0,2,2,0,0,0,0,0,0,0,0,0,0,3.230931072226138,0.0,0.0,0.0,0.0,0.0,2.6064102365333333,benign,0.0,0.0,0.0,0.0,0.7984491479660817,0.6020622543493638,0.0,0.0,0.0,0.0,0.0,0.0,0.0,0.0,0.0,0.0,0.0,0.0,0.0,0.0
2,0,0,4,0,4,0,0,0,0,0,0,0,0,0,0,0,0,0,0,0,0,0,0,0,0,0,0,0,0,0,0,0,0,0,0,0,0,0,0,0,0,0,0,0,2,2,0,0,0,0,0,0,0,0,0,0,3.3798476963599864,0.0,0.0,0.0,0.0,0.0,2.692596357139282,benign,0.0,0.0,0.0,0.0,0.7984491479660817,0.6020622543493638,0.0,0.0,0.0,0.0,0.0,0.0,0.0,0.0,0.0,0.0,0.0,0.0,0.0,0.0
0,0,0,0,0,0,0,0,0,0,0,0,0,0,0,0,0,0,0,0,0,0,0,0,0,0,0,0,0,0,0,0,0,0,0,0,0,0,0,0,0,0,0,0,0,0,1,0,0,0,0,0,0,0,0,0,0,1.7904036063681998,0.0,0.0,0.0,0.0,0.0,1.983740670882856,benign,0.0,0.0,0.0,0.0,0.0,0.0,0.0,0.0,0.0,0.0,0.0,0.0,0.0,0.0,0.0,0.0,0.0,0.0,0.0,0.0
2,0,0,2,0,2,0,0,0,0,0,0,0,0,0,0,0,0,0,0,0,0,0,0,0,0,0,0,0,0,0,0,0,0,0,0,0,0,0,0,0,0,0,0,0,2,0,0,0,0,0,0,0,0,0,0,0,2.773837941640213,,,,,,,benign,0.0,0.0,0.0,0.0,0.0,0.0,0.0,0.0,0.0,0.0,0.0,0.0,0.0,0.0,0.0,0.0,0.0,0.0,0.0,0.0
1,0,0,2,0,2,1,0,0,0,0,0,0,0,0,0,0,0,0,0,0,0,0,0,0,0,0,0,0,0,0,0,1,0,1,0,0,0,1,0,0,0,0,0,0,2,2,0,0,0,0,0,0,0,0,1,0,3.660145118496876,0.0,0.0,0.0,0.0,0.0,2.7139655604283663,benign,0.0,0.0,0.0,0.0,0.7984491479660817,0.6020622543493638,0.0,0.0,0.0,0.0,0.0,0.0,0.0,0.0,0.0,0.0,0.0,0.0,0.0,0.0
0,0,0,2,0,2,0,0,0,0,0,0,0,0,0,0,0,0,0,0,0,0,0,0,0,0,0,0,0,0,0,0,0,0,0,0,0,0,0,0,0,0,0,0,0,2,1,0,0,0,0,0,0,0,0,0,0,3.0615757967692523,0.0,0.0,0.0,0.0,0.0,2.72238310243976,benign,0.0,0.0,0.0,0.0,0.0,0.0,0.0,0.0,0.0,0.0,0.0,0.0,0.0,0.0,0.0,0.0,0.0,0.0,0.0,0.0
0,0,0,0,0,0,0,0,0,0,0,0,0,0,0,0,0,0,0,0,0,0,0,0,0,0,0,0,0,0,0,0,0,0,0,0,0,0,0,0,0,0,0,0,0,0,0,0,0,0,0,0,0,0,0,0,0,0.0,,,,,,,benign,0.0,0.0,0.0,0.0,0.0,0.0,0.0,0.0,0.0,0.0,0.0,0.0,0.0,0.0,0.0,0.0,0.0,0.0,0.0,0.0
0,0,0,2,0,2,0,0,0,0,0,0,0,0,0,0,0,0,0,0,0,0,0,0,0,0,0,0,0,0,0,0,0,0,0,0,0,0,0,0,0,0,0,0,0,2,2,0,0,0,0,0,0,0,0,0,0,3.2346565308892554,0.0,0.0,0.0,0.0,0.0,2.7952939467251623,benign,0.0,0.0,0.0,0.0,0.7984491479660817,0.6020622543493638,0.0,0.0,0.0,0.0,0.0,0.0,0.0,0.0,0.0,0.0,0.0,0.0,0.0,0.0
0,0,0,2,0,2,0,0,0,0,0,0,0,0,0,0,0,0,0,0,0,0,0,0,0,0,0,0,0,0,0,0,0,0,0,0,0,0,0,0,0,0,0,0,0,2,2,0,0,0,0,0,0,0,0,0,0,3.233818440307301,0.0,0.0,0.0,0.0,0.0,2.7527407234793992,benign,0.0,0.0,0.0,0.0,0.7984491479660817,0.6020622543493638,0.0,0.0,0.0,0.0,0.0,0.0,0.0,0.0,0.0,0.0,0.0,0.0,0.0,0.0
0,0,0,2,0,2,0,0,0,0,0,0,0,0,0,0,0,0,0,0,0,0,0,0,0,0,0,0,0,0,0,0,0,0,0,0,0,0,0,0,0,0,0,0,0,2,2,0,0,0,0,0,0,0,0,0,0,3.2330780938398105,0.0,0.0,0.0,0.0,0.0,2.7151800168531723,benign,0.0,0.0,0.0,0.0,0.7984491479660817,0.6020622543493638,0.0,0.0,0.0,0.0,0.0,0.0,0.0,0.0,0.0,0.0,0.0,0.0,0.0,0.0
1,0,0,0,0,0,0,0,0,0,0,0,0,0,0,0,0,0,0,0,0,0,0,0,0,0,0,0,0,0,0,0,0,0,0,0,0,0,0,0,0,0,0,0,0,0,0,0,0,0,0,0,0,0,0,0,0,0.009950330853168,,,,,,,benign,0.0,0.0,0.0,0.0,0.0,0.0,0.0,0.0,0.0,0.0,0.0,0.0,0.0,0.0,0.0,0.0,0.0,0.0,0.0,0.0
0,0,0,2,0,2,0,0,0,0,0,0,0,0,0,0,0,0,0,0,0,0,0,0,0,0,0,0,0,0,0,0,0,0,0,0,0,0,0,0,0,0,0,0,0,2,2,0,0,0,0,0,0,0,0,0,0,3.2346967295210765,0.0,0.0,0.0,0.0,0.0,2.797335889086144,benign,0.0,0.0,0.0,0.0,0.7984491479660817,0.6020622543493638,0.0,0.0,0.0,0.0,0.0,0.0,0.0,0.0,0.0,0.0,0.0,0.0,0.0,0.0
0,0,0,2,0,2,0,0,0,0,0,0,0,0,0,0,0,0,0,0,0,0,0,0,0,0,0,0,0,0,0,0,0,0,0,0,0,0,0,0,0,0,0,0,0,2,2,0,0,0,0,0,0,0,0,0,0,3.2327318715494786,0.0,0.0,0.0,0.0,0.0,2.697624330333502,benign,0.0,0.0,0.0,0.0,0.7984491479660817,0.6020622543493638,0.0,0.0,0.0,0.0,0.0,0.0,0.0,0.0,0.0,0.0,0.0,0.0,0.0,0.0
0,0,0,2,0,2,0,0,0,0,0,0,0,0,0,0,0,0,0,0,0,0,0,0,0,0,0,0,0,0,0,0,0,0,0,0,0,0,0,0,0,0,0,0,0,2,2,0,0,0,0,0,0,0,0,0,0,3.23576645041657,0.0,0.0,0.0,0.0,0.0,2.8517039348549886,benign,0.0,0.0,0.0,0.0,0.7984491479660817,0.6020622543493638,0.0,0.0,0.0,0.0,0.0,0.0,0.0,0.0,0.0,0.0,0.0,0.0,0.0,0.0
0,0,0,2,0,2,0,0,0,0,0,0,0,0,0,0,0,0,0,0,0,0,0,0,0,0,0,0,0,0,0,0,0,0,0,0,0,0,0,0,0,0,0,0,0,2,2,0,0,0,0,0,0,0,0,0,0,3.2287606251786096,0.0,0.0,0.0,0.0,0.0,2.496690816018162,benign,0.0,0.0,0.0,0.0,0.7984491479660817,0.6020622543493638,0.0,0.0,0.0,0.0,0.0,0.0,0.0,0.0,0.0,0.0,0.0,0.0,0.0,0.0
0,0,0,2,0,2,0,0,0,0,0,0,0,0,0,0,0,0,0,0,0,0,0,0,0,0,0,0,0,0,0,0,0,0,0,0,0,0,0,0,0,0,0,0,0,2,2,0,0,0,0,0,0,0,0,0,0,3.208645974924326,0.0,0.0,0.0,0.0,0.0,1.4911148500551858,benign,0.0,0.0,0.0,0.0,0.7984491479660817,0.6020622543493638,0.0,0.0,0.0,0.0,0.0,0.0,0.0,0.0,0.0,0.0,0.0,0.0,0.0,0.0
0,0,0,2,0,2,0,0,0,0,0,0,0,0,0,0,0,0,0,0,0,0,0,0,0,0,0,0,0,0,0,0,0,0,0,0,0,0,0,0,0,0,0,0,0,2,2,0,0,0,0,0,0,0,0,0,0,3.2235920655734382,0.0,0.0,0.0,0.0,0.0,2.23636898364495,benign,0.0,0.0,0.0,0.0,0.7984491479660817,0.6020622543493638,0.0,0.0,0.0,0.0,0.0,0.0,0.0,0.0,0.0,0.0,0.0,0.0,0.0,0.0
0,0,0,2,0,2,0,0,0,0,0,0,0,0,0,0,0,0,0,0,0,0,0,0,0,0,0,0,0,0,0,0,0,0,0,0,0,0,0,0,0,0,0,0,0,2,2,0,0,0,0,0,0,0,0,0,0,3.2198643775447437,0.0,0.0,0.0,0.0,0.0,2.049452072789394,benign,0.0,0.0,0.0,0.0,0.7984491479660817,0.6020622543493638,0.0,0.0,0.0,0.0,0.0,0.0,0.0,0.0,0.0,0.0,0.0,0.0,0.0,0.0
0,0,0,2,0,2,0,0,0,0,0,0,0,0,0,0,0,0,0,0,0,0,0,0,0,0,0,0,0,0,0,0,0,0,0,0,0,0,0,0,0,0,0,0,0,2,2,0,0,0,0,0,0,0,0,0,0,3.2121431668887324,0.0,0.0,0.0,0.0,0.0,1.6644977792004616,benign,0.0,0.0,0.0,0.0,0.7984491479660817,0.6020622543493638,0.0,0.0,0.0,0.0,0.0,0.0,0.0,0.0,0.0,0.0,0.0,0.0,0.0,0.0
0,0,0,2,0,2,0,0,0,0,0,0,0,0,0,0,0,0,0,0,0,0,0,0,0,0,0,0,0,0,0,0,0,0,0,0,0,0,0,0,0,0,0,0,0,2,2,0,0,0,0,0,0,0,0,0,0,3.2306571099781727,0.0,0.0,0.0,0.0,0.0,2.59254788959006,benign,0.0,0.0,0.0,0.0,0.7984491479660817,0.6020622543493638,0.0,0.0,0.0,0.0,0.0,0.0,0.0,0.0,0.0,0.0,0.0,0.0,0.0,0.0
0,0,0,2,0,2,1,0,0,0,0,0,0,0,0,0,0,0,0,0,0,0,1,0,0,0,0,0,0,0,0,0,1,0,1,0,0,0,0,0,0,0,0,0,0,2,4,0,0,0,0,0,0,0,0,0,0,3.918765298175923,0.0,0.0,0.0,0.0,0.0,2.6765073172176934,benign,0.0,0.0,0.0,0.0,0.5526377991125979,0.8334215397936292,0.0,0.0,0.0,0.0,0.0,0.0,0.0,0.0,0.0,0.0,0.0,0.0,0.0,0.0
0,0,0,0,0,0,1,0,0,0,0,0,0,0,0,0,0,0,0,0,0,0,1,0,0,0,0,0,0,0,0,0,1,0,1,0,0,0,0,0,0,0,0,0,0,0,2,0,0,0,0,0,0,0,0,0,0,3.3032889794831823,0.0,0.0,0.0,0.0,0.0,2.403917277291339,benign,0.0,0.0,0.0,0.0,0.0,1.0,0.0,0.0,0.0,0.0,0.0,0.0,0.0,0.0,0.0,0.0,0.0,0.0,0.0,0.0
0,0,0,0,0,0,0,0,0,0,0,0,0,0,0,0,0,0,0,0,0,0,0,0,0,0,0,0,0,0,0,0,0,0,0,0,0,0,0,0,0,0,0,0,0,0,1,0,0,0,0,0,0,0,0,0,0,1.7817061829263552,0.0,0.0,0.0,0.0,0.0,1.879964948727111,benign,0.0,0.0,0.0,0.0,0.0,0.0,0.0,0.0,0.0,0.0,0.0,0.0,0.0,0.0,0.0,0.0,0.0,0.0,0.0,0.0
1,0,0,0,0,0,0,0,0,0,0,0,0,0,0,0,0,0,0,0,0,0,0,0,0,0,0,0,0,0,0,0,0,0,0,0,0,0,0,0,0,0,0,0,0,0,0,0,0,0,0,0,0,0,0,0,0,0.009950330853168,,,,,,,benign,0.0,0.0,0.0,0.0,0.0,0.0,0.0,0.0,0.0,0.0,0.0,0.0,0.0,0.0,0.0,0.0,0.0,0.0,0.0,0.0
0,0,0,2,0,2,0,0,0,0,0,0,0,0,0,0,0,0,0,0,0,0,0,0,0,0,0,0,0,0,0,0,0,0,0,0,0,0,0,0,0,0,0,0,0,2,6,0,0,0,0,0,0,0,0,0,0,3.7218081032445394,0.0,0.0,0.0,0.0,0.0,2.6781437714062166,benign,0.0,0.0,0.0,0.0,0.7984491479660817,0.6020622543493638,0.0,0.0,0.0,0.0,0.0,0.0,0.0,0.0,0.0,0.0,0.0,0.0,0.0,0.0
0,0,0,0,0,0,0,0,0,0,0,0,0,0,0,0,0,0,0,0,0,0,0,0,0,0,0,0,0,0,0,0,0,0,0,0,0,0,0,0,0,0,0,0,0,0,4,0,0,0,0,0,0,0,0,0,0,2.8905088483528143,0.0,0.0,0.0,0.0,0.0,2.0049355947431318,benign,0.0,0.0,0.0,0.0,0.0,0.0,0.0,0.0,0.0,0.0,0.0,0.0,0.0,0.0,0.0,0.0,0.0,0.0,0.0,0.0
1,0,0,2,0,2,0,0,0,0,0,0,0,0,0,0,0,0,0,0,0,0,0,0,0,0,0,0,0,0,0,0,0,0,0,0,0,0,0,0,0,0,0,0,0,2,2,0,0,0,0,0,0,0,0,0,0,3.223042872011099,0.0,0.0,0.0,0.0,0.0,2.1887870678023824,benign,0.0,0.0,0.0,0.0,0.7984491479660817,0.6020622543493638,0.0,0.0,0.0,0.0,0.0,0.0,0.0,0.0,0.0,0.0,0.0,0.0,0.0,0.0
0,0,0,2,0,2,0,0,0,0,0,0,0,0,0,0,0,0,0,0,0,0,0,0,0,0,0,0,0,0,0,0,0,0,0,0,0,0,0,0,0,0,0,0,0,2,2,0,0,0,0,0,0,0,0,0,0,3.2215400225660225,0.0,0.0,0.0,0.0,0.0,2.133387491316597,benign,0.0,0.0,0.0,0.0,0.7984491479660817,0.6020622543493638,0.0,0.0,0.0,0.0,0.0,0.0,0.0,0.0,0.0,0.0,0.0,0.0,0.0,0.0
0,0,0,2,0,2,0,0,0,0,0,0,0,0,0,0,0,0,0,0,0,0,0,0,0,0,0,0,0,0,0,0,0,0,0,0,0,0,0,0,0,0,0,0,0,2,2,0,0,0,0,0,0,0,0,0,0,3.232666117927617,0.0,0.0,0.0,0.0,0.0,2.694290887508205,benign,0.0,0.0,0.0,0.0,0.7984491479660817,0.6020622543493638,0.0,0.0,0.0,0.0,0.0,0.0,0.0,0.0,0.0,0.0,0.0,0.0,0.0,0.0
0,0,0,2,0,2,0,0,0,0,0,0,0,0,0,0,0,0,0,0,0,0,0,0,0,0,0,0,0,0,0,0,0,0,0,0,0,0,0,0,0,0,0,0,0,2,2,0,0,0,0,0,0,0,0,0,0,3.234978370386676,0.0,0.0,0.0,0.0,0.0,2.811644509587634,benign,0.0,0.0,0.0,0.0,0.7984491479660817,0.6020622543493638,0.0,0.0,0.0,0.0,0.0,0.0,0.0,0.0,0.0,0.0,0.0,0.0,0.0,0.0
0,0,0,2,0,2,0,0,0,0,0,0,0,0,0,0,0,0,0,0,0,0,0,0,0,0,0,0,0,0,0,0,0,0,0,0,0,0,0,0,0,0,0,0,0,2,1,0,0,0,0,0,0,0,0,0,0,3.058666360704167,0.0,0.0,0.0,0.0,0.0,2.5982657036259327,benign,0.0,0.0,0.0,0.0,0.7984491479660817,0.6020622543493638,0.0,0.0,0.0,0.0,0.0,0.0,0.0,0.0,0.0,0.0,0.0,0.0,0.0,0.0
0,0,0,0,0,0,0,0,0,0,0,0,0,0,0,0,0,0,0,0,0,0,0,0,0,0,0,0,0,0,0,0,0,0,0,0,0,0,0,0,0,0,0,0,0,0,0,0,0,0,0,0,0,0,0,0,0,0.0,,,,,,,benign,0.0,0.0,0.0,0.0,1.0,0.0,0.0,0.0,0.0,0.0,0.0,0.0,0.0,0.0,0.0,0.0,0.0,0.0,0.0,0.0
0,0,0,2,0,2,0,0,0,0,0,0,0,0,0,0,0,0,0,0,0,0,0,0,0,0,0,0,0,0,0,0,0,0,0,0,0,0,0,0,0,0,0,0,0,2,2,0,0,0,0,0,0,0,0,0,0,3.2359635476370268,0.0,0.0,0.0,0.0,0.0,2.861727652146944,benign,0.0,0.0,0.0,0.0,0.7984491479660817,0.6020622543493638,0.0,0.0,0.0,0.0,0.0,0.0,0.0,0.0,0.0,0.0,0.0,0.0,0.0,0.0
0,0,0,2,0,2,0,0,0,0,0,0,0,0,0,0,0,0,0,0,0,0,0,0,0,0,0,0,0,0,0,0,0,0,0,0,0,0,0,0,0,0,0,0,0,2,2,0,0,0,0,0,0,0,0,0,0,3.2340571000396543,0.0,0.0,0.0,0.0,0.0,2.7648548045108248,benign,0.0,0.0,0.0,0.0,0.7984491479660817,0.6020622543493638,0.0,0.0,0.0,0.0,0.0,0.0,0.0,0.0,0.0,0.0,0.0,0.0,0.0,0.0
0,0,0,2,0,2,0,0,0,0,0,0,0,0,0,0,0,0,0,0,0,0,0,0,0,0,0,0,0,0,0,0,0,0,0,0,0,0,0,0,0,0,0,0,0,2,2,0,0,0,0,0,0,0,0,0,0,3.2379292933819928,0.0,0.0,0.0,0.0,0.0,2.9618072101164894,benign,0.0,0.0,0.0,0.0,0.7984491479660817,0.6020622543493638,0.0,0.0,0.0,0.0,0.0,0.0,0.0,0.0,0.0,0.0,0.0,0.0,0.0,0.0
0,0,0,2,0,2,0,0,0,0,0,0,0,0,0,0,0,0,0,0,0,0,0,0,0,0,0,0,0,0,0,0,0,0,0,0,0,0,0,0,0,0,0,0,0,2,1,0,0,0,0,0,0,0,0,0,0,3.055825119909083,0.0,0.0,0.0,0.0,0.0,2.4774055510121467,benign,0.0,0.0,0.0,0.0,0.7984491479660817,0.6020622543493638,0.0,0.0,0.0,0.0,0.0,0.0,0.0,0.0,0.0,0.0,0.0,0.0,0.0,0.0
0,0,0,2,0,2,0,0,0,0,0,0,0,0,0,0,0,0,0,0,0,0,0,0,0,0,0,0,0,0,0,0,0,0,0,0,0,0,0,0,0,0,0,0,0,2,2,0,0,0,0,0,0,0,0,0,0,3.221254694053457,0.0,0.0,0.0,0.0,0.0,2.1190850469784714,benign,0.0,0.0,0.0,0.0,0.7984491479660817,0.6020622543493638,0.0,0.0,0.0,0.0,0.0,0.0,0.0,0.0,0.0,0.0,0.0,0.0,0.0,0.0
0,0,0,2,0,2,0,0,0,0,0,0,0,0,0,0,0,0,0,0,0,0,0,0,0,0,0,0,0,0,0,0,0,0,0,0,0,0,0,0,0,0,0,0,0,2,2,0,0,0,0,0,0,0,0,0,0,3.236093256255948,0.0,0.0,0.0,0.0,0.0,2.86832528447229,benign,0.0,0.0,0.0,0.0,0.7984491479660817,0.6020622543493638,0.0,0.0,0.0,0.0,0.0,0.0,0.0,0.0,0.0,0.0,0.0,0.0,0.0,0.0
0,0,0,2,0,2,0,0,0,0,0,0,0,0,0,0,0,0,0,0,0,0,0,0,0,0,0,0,0,0,0,0,0,0,0,0,0,0,0,0,0,0,0,0,0,2,2,0,0,0,0,0,0,0,0,0,0,3.2287251137586392,0.0,0.0,0.0,0.0,0.0,2.4948976386628083,benign,0.0,0.0,0.0,0.0,0.7984491479660817,0.6020622543493638,0.0,0.0,0.0,0.0,0.0,0.0,0.0,0.0,0.0,0.0,0.0,0.0,0.0,0.0
0,0,0,2,0,2,0,0,0,0,0,0,0,0,0,0,0,0,0,0,0,0,0,0,0,0,0,0,0,0,0,0,0,0,0,0,0,0,0,0,0,0,0,0,0,2,2,0,0,0,0,0,0,0,0,0,0,3.2305437586396937,0.0,0.0,0.0,0.0,0.0,2.586813481577258,benign,0.0,0.0,0.0,0.0,0.7984491479660817,0.6020622543493638,0.0,0.0,0.0,0.0,0.0,0.0,0.0,0.0,0.0,0.0,0.0,0.0,0.0,0.0
0,0,0,2,0,2,0,0,0,0,0,0,0,0,0,0,0,0,0,0,0,0,0,0,0,0,0,0,0,0,0,0,0,0,0,0,0,0,0,0,0,0,0,0,0,2,2,0,0,0,0,0,0,0,0,0,0,3.2308206382851243,0.0,0.0,0.0,0.0,0.0,2.6008218797881613,benign,0.0,0.0,0.0,0.0,0.7984491479660817,0.6020622543493638,0.0,0.0,0.0,0.0,0.0,0.0,0.0,0.0,0.0,0.0,0.0,0.0,0.0,0.0
0,0,0,2,0,2,0,0,0,0,0,0,0,0,0,0,0,0,0,0,0,0,0,0,0,0,0,0,0,0,0,0,0,0,0,0,0,0,0,0,0,0,0,0,0,2,2,0,0,0,0,0,0,0,0,0,0,3.225878993256309,0.0,0.0,0.0,0.0,0.0,2.3513873958267637,benign,0.0,0.0,0.0,0.0,0.7984491479660817,0.6020622543493638,0.0,0.0,0.0,0.0,0.0,0.0,0.0,0.0,0.0,0.0,0.0,0.0,0.0,0.0
0,0,0,2,0,2,0,0,1,0,0,0,0,0,0,0,0,0,0,0,0,0,0,0,0,0,0,0,0,0,0,0,0,0,0,0,0,0,0,0,0,0,0,0,0,2,4,0,0,0,0,0,0,0,0,0,0,3.509975151534931,0.0,0.0,0.0,0.0,0.0,2.794873312314857,benign,0.0,0.0,0.0,0.0,0.5526377991125979,0.8334215397936292,0.0,0.0,0.0,0.0,0.0,0.0,0.0,0.0,0.0,0.0,0.0,0.0,0.0,0.0
0,0,0,0,0,0,0,0,1,0,0,0,0,0,0,0,0,0,0,0,0,0,0,0,0,0,0,0,0,0,0,0,0,0,0,0,0,0,0,0,0,0,0,0,0,0,2,0,0,0,0,0,0,0,0,0,0,2.3274687740268183,0.0,0.0,0.0,0.0,0.0,2.403917277291339,benign,0.0,0.0,0.0,0.0,0.0,1.0,0.0,0.0,0.0,0.0,0.0,0.0,0.0,0.0,0.0,0.0,0.0,0.0,0.0,0.0
0,0,0,0,0,0,0,0,0,0,0,0,0,0,0,0,0,0,0,0,0,0,0,0,0,0,0,0,0,0,0,0,0,0,0,0,0,0,0,0,0,0,0,0,0,0,1,0,0,0,0,0,0,0,0,0,0,1.7817061829263552,0.0,0.0,0.0,0.0,0.0,1.879964948727111,benign,0.0,0.0,0.0,0.0,0.0,0.0,0.0,0.0,0.0,0.0,0.0,0.0,0.0,0.0,0.0,0.0,0.0,0.0,0.0,0.0
0,0,0,2,0,2,0,0,0,0,0,0,0,0,0,0,0,0,0,0,0,0,0,0,0,0,0,0,0,0,0,0,0,0,0,0,0,0,0,0,0,0,0,0,0,2,2,0,0,0,0,0,0,0,0,0,0,3.2334064622661853,0.0,0.0,0.0,0.0,0.0,2.73183601521093,benign,0.0,0.0,0.0,0.0,0.7984491479660817,0.6020622543493638,0.0,0.0,0.0,0.0,0.0,0.0,0.0,0.0,0.0,0.0,0.0,0.0,0.0,0.0
1,0,0,0,0,0,0,0,0,0,0,0,0,0,0,0,0,0,0,0,0,0,0,0,0,0,0,0,0,0,0,0,0,0,0,0,0,0,0,0,0,0,0,0,0,0,0,0,0,0,0,0,0,0,0,0,0,0.009950330853168,,,,,,,benign,0.0,0.0,0.0,0.0,0.0,0.0,0.0,0.0,0.0,0.0,0.0,0.0,0.0,0.0,0.0,0.0,0.0,0.0,0.0,0.0
2,0,0,4,0,4,0,0,0,0,0,0,0,0,0,0,0,0,0,0,0,0,0,0,0,0,0,0,0,0,0,0,0,0,0,0,0,0,0,0,0,0,0,0,0,4,1,0,0,0,0,0,0,0,0,0,0,3.375067831438304,0.0,0.0,0.0,0.0,0.0,2.412532347341446,benign,0.0,0.0,0.0,0.0,0.7984491479660817,0.6020622543493638,0.0,0.0,0.0,0.0,0.0,0.0,0.0,0.0,0.0,0.0,0.0,0.0,0.0,0.0
1,0,0,2,0,2,0,0,0,0,0,0,0,0,0,0,0,0,0,0,0,0,0,0,0,0,0,0,0,0,0,0,0,0,0,0,0,0,0,0,0,0,0,0,0,2,2,0,0,0,0,0,0,0,0,0,0,3.2127155499146847,0.0,0.0,0.0,0.0,0.0,1.6729330318733675,benign,0.0,0.0,0.0,0.0,0.7984491479660817,0.6020622543493638,0.0,0.0,0.0,0.0,0.0,0.0,0.0,0.0,0.0,0.0,0.0,0.0,0.0,0.0
0,0,0,2,0,2,0,0,0,0,0,0,0,0,0,0,0,0,0,0,0,0,0,0,0,0,0,0,0,0,0,0,0,0,0,0,0,0,0,0,0,0,0,0,0,2,1,0,0,0,0,0,0,0,0,0,0,3.0653288212609078,0.0,0.0,0.0,0.0,0.0,2.883022505819657,benign,0.0,0.0,0.0,0.0,0.7984491479660817,0.6020622543493638,0.0,0.0,0.0,0.0,0.0,0.0,0.0,0.0,0.0,0.0,0.0,0.0,0.0,0.0
0,0,0,2,0,2,0,0,0,0,0,0,0,0,0,0,0,0,0,0,0,0,0,0,0,0,0,0,0,0,0,0,0,0,0,0,0,0,0,0,0,0,0,0,0,2,2,0,0,0,0,0,0,0,0,0,0,3.233818440307301,0.0,0.0,0.0,0.0,0.0,2.7527407234793992,benign,0.0,0.0,0.0,0.0,0.7984491479660817,0.6020622543493638,0.0,0.0,0.0,0.0,0.0,0.0,0.0,0.0,0.0,0.0,0.0,0.0,0.0,0.0
0,0,0,2,0,2,0,0,0,0,0,0,0,0,0,0,0,0,0,0,0,0,0,0,0,0,0,0,0,0,0,0,0,0,0,0,0,0,0,0,0,0,0,0,0,2,2,0,0,0,0,0,0,0,0,0,0,3.2321928931042074,0.0,0.0,0.0,0.0,0.0,2.670306766043469,benign,0.0,0.0,0.0,0.0,0.7984491479660817,0.6020622543493638,0.0,0.0,0.0,0.0,0.0,0.0,0.0,0.0,0.0,0.0,0.0,0.0,0.0,0.0
0,0,0,2,0,2,0,0,0,0,0,0,0,0,0,0,0,0,0,0,0,0,0,0,0,0,0,0,0,0,0,0,0,0,0,0,0,0,0,0,0,0,0,0,0,2,2,0,0,0,0,0,0,0,0,0,0,3.226164251139278,0.0,0.0,0.0,0.0,0.0,2.3657525747927064,benign,0.0,0.0,0.0,0.0,0.7984491479660817,0.6020622543493638,0.0,0.0,0.0,0.0,0.0,0.0,0.0,0.0,0.0,0.0,0.0,0.0,0.0,0.0
0,0,0,2,0,2,0,0,0,0,0,0,0,0,0,0,0,0,0,0,0,0,0,0,0,0,0,0,0,0,0,0,0,0,0,0,0,0,0,0,0,0,0,0,0,2,2,0,0,0,0,0,0,0,0,0,0,3.2280364910454966,0.0,0.0,0.0,0.0,0.0,2.460137674874884,benign,0.0,0.0,0.0,0.0,0.7984491479660817,0.6020622543493638,0.0,0.0,0.0,0.0,0.0,0.0,0.0,0.0,0.0,0.0,0.0,0.0,0.0,0.0
0,0,0,2,0,2,0,0,0,0,0,0,0,0,0,0,0,0,0,0,0,0,0,0,0,0,0,0,0,0,0,0,0,0,0,0,0,0,0,0,0,0,0,0,0,2,1,0,0,0,0,0,0,0,0,0,0,3.055825119909083,0.0,0.0,0.0,0.0,0.0,2.4774055510121467,benign,0.0,0.0,0.0,0.0,0.7984491479660817,0.6020622543493638,0.0,0.0,0.0,0.0,0.0,0.0,0.0,0.0,0.0,0.0,0.0,0.0,0.0,0.0
0,0,0,2,0,2,0,0,0,0,0,0,0,0,0,0,0,0,0,0,0,0,0,0,0,0,0,0,0,0,0,0,0,0,0,0,0,0,0,0,0,0,0,0,0,2,2,0,0,0,0,0,0,0,0,0,0,3.2287155458325065,0.0,0.0,0.0,0.0,0.0,2.494414509523393,benign,0.0,0.0,0.0,0.0,0.7984491479660817,0.6020622543493638,0.0,0.0,0.0,0.0,0.0,0.0,0.0,0.0,0.0,0.0,0.0,0.0,0.0,0.0
0,0,0,6,0,6,0,0,1,0,0,0,0,0,0,0,0,0,0,0,0,0,0,0,0,0,0,0,0,0,0,0,0,0,0,0,0,0,0,0,0,0,0,0,0,6,4,0,0,0,0,0,0,0,0,0,0,3.9016285797865193,0.0,0.0,0.0,0.0,0.0,2.865940970993674,benign,0.0,0.0,0.0,0.0,0.5526377991125979,0.8334215397936292,0.0,0.0,0.0,0.0,0.0,0.0,0.0,0.0,0.0,0.0,0.0,0.0,0.0,0.0
0,0,0,0,0,0,0,0,1,0,0,0,0,0,0,0,0,0,0,0,0,0,0,0,0,0,0,0,0,0,0,0,0,0,0,0,0,0,0,0,0,0,0,0,0,0,2,0,0,0,0,0,0,0,0,0,0,2.3274687740268183,0.0,0.0,0.0,0.0,0.0,2.403917277291339,benign,0.0,0.0,0.0,0.0,0.0,1.0,0.0,0.0,0.0,0.0,0.0,0.0,0.0,0.0,0.0,0.0,0.0,0.0,0.0,0.0
0,0,0,0,0,0,0,0,0,0,0,0,0,0,0,0,0,0,0,0,0,0,0,0,0,0,0,0,0,0,0,0,0,0,0,0,0,0,0,0,0,0,0,0,0,0,1,0,0,0,0,0,0,0,0,0,0,1.7817061829263552,0.0,0.0,0.0,0.0,0.0,1.879964948727111,benign,0.0,0.0,0.0,0.0,0.0,0.0,0.0,0.0,0.0,0.0,0.0,0.0,0.0,0.0,0.0,0.0,0.0,0.0,0.0,0.0
1,0,0,0,0,0,0,0,0,0,0,0,0,0,0,0,0,0,0,0,0,0,0,0,0,0,0,0,0,0,0,0,0,0,0,0,0,0,0,0,0,0,0,0,0,0,0,0,0,0,0,0,0,0,0,0,0,0.009950330853168,,,,,,,benign,0.0,0.0,0.0,0.0,0.0,0.0,0.0,0.0,0.0,0.0,0.0,0.0,0.0,0.0,0.0,0.0,0.0,0.0,0.0,0.0
1,0,0,2,0,2,1,0,0,0,0,0,0,0,0,0,0,0,0,0,0,0,0,0,0,0,0,0,0,0,0,0,1,0,1,0,0,0,1,0,0,0,0,0,0,2,2,0,0,0,0,0,0,0,0,1,0,3.655881090733683,0.0,0.0,0.0,0.0,0.0,2.383211446643224,benign,0.0,0.0,0.61116560565002,0.0,0.6319746959532976,0.47653392968935737,0.0,0.0,0.0,0.0,0.0,0.0,0.0,0.0,0.0,0.0,0.0,0.0,0.0,0.0
2,0,1,0,0,0,0,0,8,0,0,0,0,0,0,0,0,0,0,0,0,2,0,0,0,0,0,0,0,0,0,0,0,0,0,0,0,0,0,0,0,0,0,0,0,0,6,0,0,0,0,0,0,0,0,0,0,3.660883956494612,0.0,0.0,0.0,0.0,0.0,2.9514195898955555,benign,0.0,0.0,0.33203464348010703,0.41129833540102056,0.0,0.25889181588073057,0.0,0.0,0.4075860072926511,0.41129833540102056,0.0,0.0,0.0,0.0,0.0,0.41129833540102056,0.0,0.0,0.0,0.3861381977314597
0,0,0,0,0,0,0,0,0,0,0,0,0,0,0,0,0,0,0,0,0,0,0,0,0,0,0,0,0,0,0,0,0,0,0,0,0,0,0,0,0,0,0,0,0,0,1,0,0,0,0,0,0,0,0,0,0,1.868058222419032,0.0,0.0,0.0,0.0,0.0,2.9514195898955555,benign,0.0,0.0,0.0,0.4360358749709731,0.0,0.27446286489419697,0.0,0.0,0.4321002688778097,0.4360358749709731,0.0,0.0,0.0,0.0,0.0,0.4360358749709731,0.0,0.0,0.0,0.409362480748649
0,0,0,0,0,0,0,0,0,0,0,0,0,0,0,0,0,0,0,0,0,0,0,0,0,0,0,0,0,0,0,0,0,0,0,0,0,0,0,0,0,0,0,0,0,0,1,0,0,0,0,0,0,0,0,0,0,1.868058222419032,0.0,0.0,0.0,0.0,0.0,2.9514195898955555,benign,0.0,0.0,0.0,0.4360358749709731,0.0,0.27446286489419697,0.0,0.0,0.4321002688778097,0.4360358749709731,0.0,0.0,0.0,0.0,0.0,0.4360358749709731,0.0,0.0,0.0,0.409362480748649
0,0,0,0,0,0,0,0,0,0,0,0,0,0,0,0,0,0,0,0,0,0,0,0,0,0,0,0,0,0,0,0,0,0,0,0,0,0,0,0,0,0,0,0,0,0,1,0,0,0,0,0,0,0,0,0,0,1.868058222419032,0.0,0.0,0.0,0.0,0.0,2.9514195898955555,benign,0.0,0.0,0.0,0.4360358749709731,0.0,0.27446286489419697,0.0,0.0,0.4321002688778097,0.4360358749709731,0.0,0.0,0.0,0.0,0.0,0.4360358749709731,0.0,0.0,0.0,0.409362480748649
0,0,0,0,0,0,0,0,0,0,0,0,0,0,0,0,0,0,0,0,0,0,0,0,0,0,0,0,0,0,0,0,0,0,0,0,0,0,0,0,0,0,0,0,0,0,0,0,0,0,0,0,0,0,0,0,0,0.0,,,,,,,benign,0.0,0.0,0.0,0.0,0.0,0.0,0.0,0.0,0.0,0.0,0.0,0.0,0.0,0.0,0.0,0.0,0.0,0.0,0.0,0.0
0,0,0,2,0,2,0,0,0,3,0,0,3,0,0,0,0,0,0,0,0,0,0,0,0,0,0,0,0,0,0,0,0,0,0,0,0,0,0,0,0,0,0,0,0,2,5,0,0,0,0,0,0,0,0,0,0,3.629552163976295,0.0,0.0,0.0,0.0,0.0,2.791862481134688,benign,0.0,0.0,0.0,0.0,0.7984491479660817,0.6020622543493638,0.0,0.0,0.0,0.0,0.0,0.0,0.0,0.0,0.0,0.0,0.0,0.0,0.0,0.0
0,0,0,2,0,2,0,0,0,0,0,0,0,0,0,0,0,0,0,0,0,0,0,0,0,0,0,0,0,0,0,0,0,0,0,0,0,0,0,0,0,0,0,0,0,2,2,0,0,0,0,0,0,0,0,0,0,3.233616309128968,0.0,0.0,0.0,0.0,0.0,2.74248304892619,benign,0.0,0.0,0.0,0.0,0.7984491479660817,0.6020622543493638,0.0,0.0,0.0,0.0,0.0,0.0,0.0,0.0,0.0,0.0,0.0,0.0,0.0,0.0
0,0,0,2,0,2,0,0,0,0,0,0,0,0,0,0,0,0,0,0,0,0,0,0,0,0,0,0,0,0,0,0,0,0,0,0,0,0,0,0,0,0,0,0,0,2,1,0,0,0,0,0,0,0,0,0,0,3.0578780250005244,0.0,0.0,0.0,0.0,0.0,2.564697203220696,benign,0.0,0.0,0.0,0.0,0.7984491479660817,0.6020622543493638,0.0,0.0,0.0,0.0,0.0,0.0,0.0,0.0,0.0,0.0,0.0,0.0,0.0,0.0
0,0,0,2,0,2,1,0,1,0,0,0,0,0,0,0,0,0,0,0,0,0,1,0,0,0,0,0,0,0,0,0,1,0,1,0,0,0,0,0,0,0,0,0,0,2,2,0,0,0,0,0,0,0,0,0,0,3.747038821922031,0.0,0.0,0.0,0.0,0.0,2.6907114899556874,benign,0.0,0.0,0.0,0.0,0.7984491479660817,0.6020622543493638,0.0,0.0,0.0,0.0,0.0,0.0,0.0,0.0,0.0,0.0,0.0,0.0,0.0,0.0
0,0,0,2,0,2,0,0,0,0,0,0,0,0,0,0,0,0,0,0,0,0,0,0,0,0,0,0,0,0,0,0,0,0,0,0,0,0,0,0,0,0,0,0,0,2,2,0,0,0,0,0,0,0,0,0,0,3.2264392866221203,0.0,0.0,0.0,0.0,0.0,2.379606848991996,benign,0.0,0.0,0.0,0.0,0.7984491479660817,0.6020622543493638,0.0,0.0,0.0,0.0,0.0,0.0,0.0,0.0,0.0,0.0,0.0,0.0,0.0,0.0
0,0,0,2,0,2,0,0,0,0,0,0,0,0,0,0,0,0,0,0,0,0,0,0,0,0,0,0,0,0,0,0,0,0,0,0,0,0,0,0,0,0,0,0,0,2,2,0,0,0,0,0,0,0,0,0,0,3.2293405783065983,0.0,0.0,0.0,0.0,0.0,2.5259850236225696,benign,0.0,0.0,0.0,0.0,0.7984491479660817,0.6020622543493638,0.0,0.0,0.0,0.0,0.0,0.0,0.0,0.0,0.0,0.0,0.0,0.0,0.0,0.0
0,0,0,2,0,2,0,0,0,0,0,0,0,0,0,0,0,0,0,0,0,0,0,0,0,0,0,0,0,0,0,0,0,0,0,0,0,0,0,0,0,0,0,0,0,2,2,0,0,0,0,0,0,0,0,0,0,3.2215400225660225,0.0,0.0,0.0,0.0,0.0,2.133387491316597,benign,0.0,0.0,0.0,0.0,0.7984491479660817,0.6020622543493638,0.0,0.0,0.0,0.0,0.0,0.0,0.0,0.0,0.0,0.0,0.0,0.0,0.0,0.0
0,0,0,2,0,2,0,0,0,0,0,0,0,0,0,0,0,0,0,0,0,0,0,0,0,0,0,0,0,0,0,0,0,0,0,0,0,0,0,0,0,0,0,0,0,2,2,0,0,0,0,0,0,0,0,0,0,3.215851397655844,0.0,0.0,0.0,0.0,0.0,1.8490070880144411,benign,0.0,0.0,0.0,0.0,0.7984491479660817,0.6020622543493638,0.0,0.0,0.0,0.0,0.0,0.0,0.0,0.0,0.0,0.0,0.0,0.0,0.0,0.0
1,0,0,2,0,2,0,0,0,0,0,0,0,0,0,0,0,0,0,0,0,0,0,0,0,0,0,0,0,0,0,0,0,0,0,0,0,0,0,0,0,0,0,0,0,2,2,0,0,0,0,0,0,0,0,0,0,3.223042872011099,0.0,0.0,0.0,0.0,0.0,2.1887870678023824,benign,0.0,0.0,0.0,0.0,0.7984491479660817,0.6020622543493638,0.0,0.0,0.0,0.0,0.0,0.0,0.0,0.0,0.0,0.0,0.0,0.0,0.0,0.0
0,0,0,2,0,2,0,0,0,0,0,0,0,0,0,0,0,0,0,0,0,0,0,0,0,0,0,0,0,0,0,0,0,0,0,0,0,0,0,0,0,0,0,0,0,2,2,0,0,0,0,0,0,0,0,0,0,3.225835386259602,0.0,0.0,0.0,0.0,0.0,2.3491917709150387,benign,0.0,0.0,0.0,0.0,0.7984491479660817,0.6020622543493638,0.0,0.0,0.0,0.0,0.0,0.0,0.0,0.0,0.0,0.0,0.0,0.0,0.0,0.0
0,0,0,2,0,2,0,0,0,0,0,0,0,0,0,0,0,0,0,0,0,0,0,0,0,0,0,0,0,0,0,0,0,0,0,0,0,0,0,0,0,0,0,0,0,2,2,0,0,0,0,0,0,0,0,0,0,3.232442677881578,0.0,0.0,0.0,0.0,0.0,2.682965018191853,benign,0.0,0.0,0.0,0.0,0.7984491479660817,0.6020622543493638,0.0,0.0,0.0,0.0,0.0,0.0,0.0,0.0,0.0,0.0,0.0,0.0,0.0,0.0
0,0,0,2,0,2,0,0,0,0,0,0,0,0,0,0,0,0,0,0,0,0,0,0,0,0,0,0,0,0,0,0,0,0,0,0,0,0,0,0,0,0,0,0,0,2,2,0,0,0,0,0,0,0,0,0,0,3.2314814656497544,0.0,0.0,0.0,0.0,0.0,2.634271338500658,benign,0.0,0.0,0.0,0.0,0.7984491479660817,0.6020622543493638,0.0,0.0,0.0,0.0,0.0,0.0,0.0,0.0,0.0,0.0,0.0,0.0,0.0,0.0
0,0,0,2,0,2,0,0,0,0,0,0,0,0,0,0,0,0,0,0,0,0,0,0,0,0,0,0,0,0,0,0,0,0,0,0,0,0,0,0,0,0,0,0,0,2,2,0,0,0,0,0,0,0,0,0,0,3.230637903580696,0.0,0.0,0.0,0.0,0.0,2.591576198337312,benign,0.0,0.0,0.0,0.0,0.7984491479660817,0.6020622543493638,0.0,0.0,0.0,0.0,0.0,0.0,0.0,0.0,0.0,0.0,0.0,0.0,0.0,0.0
0,0,0,2,0,2,0,0,0,0,0,0,0,0,0,0,0,0,0,0,0,0,0,0,0,0,0,0,0,0,0,0,0,0,0,0,0,0,0,0,0,0,0,0,0,2,2,0,0,0,0,0,0,0,0,0,0,3.2303155271081696,0.0,0.0,0.0,0.0,0.0,2.575269293085449,benign,0.0,0.0,0.0,0.0,0.7984491479660817,0.6020622543493638,0.0,0.0,0.0,0.0,0.0,0.0,0.0,0.0,0.0,0.0,0.0,0.0,0.0,0.0
0,0,0,2,0,2,0,0,0,0,0,0,0,0,0,0,0,0,0,0,0,0,0,0,0,0,0,0,0,0,0,0,0,0,0,0,0,0,0,0,0,0,0,0,0,2,2,0,0,0,0,0,0,0,0,0,0,3.231028392540415,0.0,0.0,0.0,0.0,0.0,2.6113355079425835,benign,0.0,0.0,0.0,0.0,0.7984491479660817,0.6020622543493638,0.0,0.0,0.0,0.0,0.0,0.0,0.0,0.0,0.0,0.0,0.0,0.0,0.0,0.0
1,0,0,0,0,0,0,0,0,0,0,0,0,0,0,0,0,0,0,0,0,0,0,0,0,0,0,0,0,0,0,0,0,0,0,0,0,0,0,0,0,0,0,0,0,0,0,0,0,0,0,0,0,0,0,0,0,0.009950330853168,,,,,,,benign,0.0,0.0,0.0,0.0,0.0,0.0,0.0,0.0,0.0,0.0,0.0,0.0,0.0,0.0,0.0,0.0,0.0,0.0,0.0,0.0
0,0,0,2,0,2,0,0,0,0,0,0,0,0,0,0,0,0,0,0,0,0,0,0,0,0,0,0,0,0,0,0,0,0,0,0,0,0,0,0,0,0,0,0,0,2,2,0,0,0,0,0,0,0,0,0,0,3.216304567244948,0.0,0.0,0.0,0.0,0.0,1.871602261409798,benign,0.0,0.0,0.0,0.0,0.7984491479660817,0.6020622543493638,0.0,0.0,0.0,0.0,0.0,0.0,0.0,0.0,0.0,0.0,0.0,0.0,0.0,0.0
0,0,0,2,0,2,0,0,0,0,0,0,0,0,0,0,0,0,0,0,0,0,0,0,0,0,0,0,0,0,0,0,0,0,0,0,0,0,0,0,0,0,0,0,0,2,2,0,0,0,0,0,0,0,0,0,0,3.2352816405061646,0.0,0.0,0.0,0.0,0.0,2.8270564999694523,benign,0.0,0.0,0.0,0.0,0.7984491479660817,0.6020622543493638,0.0,0.0,0.0,0.0,0.0,0.0,0.0,0.0,0.0,0.0,0.0,0.0,0.0,0.0
0,0,0,2,0,2,0,0,0,0,0,0,0,0,0,0,0,0,0,0,0,0,0,0,0,0,0,0,0,0,0,0,0,0,0,0,0,0,0,0,0,0,0,0,0,2,2,0,0,0,0,0,0,0,0,0,0,3.24064308069847,0.0,0.0,0.0,0.0,0.0,3.1002945437403544,benign,0.0,0.0,0.0,0.0,0.7984491479660817,0.6020622543493638,0.0,0.0,0.0,0.0,0.0,0.0,0.0,0.0,0.0,0.0,0.0,0.0,0.0,0.0
0,0,0,2,0,2,0,0,0,0,0,0,0,0,0,0,0,0,0,0,0,0,0,0,0,0,0,0,0,0,0,0,0,0,0,0,0,0,0,0,0,0,0,0,0,2,2,0,0,0,0,0,0,0,0,0,0,3.2281648090420414,0.0,0.0,0.0,0.0,0.0,2.4666130340903747,benign,0.0,0.0,0.0,0.0,0.7984491479660817,0.6020622543493638,0.0,0.0,0.0,0.0,0.0,0.0,0.0,0.0,0.0,0.0,0.0,0.0,0.0,0.0
0,0,0,2,0,2,0,0,0,0,0,0,0,0,0,0,0,0,0,0,0,0,0,0,0,0,0,0,0,0,0,0,0,0,0,0,0,0,0,0,0,0,0,0,0,2,84,0,0,0,0,0,0,0,0,0,0,5.868277982787001,0.0,0.0,0.0,0.0,0.0,3.2789647192315785,benign,0.6651328254811263,0.19913883622294623,0.0,0.0,0.016589269525238294,0.0011371787003725661,0.0,0.3890598542389328,0.0,0.0,0.0,0.15931106897835698,0.0,0.0,0.15931106897835698,0.0,0.0,0.5607024492842632,0.0,0.033922133256059354
0,0,0,0,0,0,0,0,0,0,0,0,0,0,0,0,0,0,0,0,0,0,0,0,0,0,0,0,0,0,0,0,0,0,0,0,0,0,0,0,0,0,0,0,0,0,81,0,0,0,0,0,0,0,0,0,0,5.788857062267277,0.0,0.0,0.0,0.0,0.0,3.2789647192315785,benign,0.6651491404025834,0.19914372086304755,0.0,0.0,0.015081524036724674,0.0,0.0,0.38906939741695806,0.0,0.0,0.0,0.15931497669043804,0.0,0.0,0.15931497669043804,0.0,0.0,0.5607162026521175,0.0,0.033922965325863357
0,0,0,0,0,0,0,0,0,0,0,0,0,0,0,0,0,0,0,0,0,0,0,0,0,0,0,0,0,0,0,0,0,0,0,0,0,0,0,0,0,0,0,0,0,0,1,0,0,0,0,0,0,0,0,0,0,1.8001879351926722,0.0,0.0,0.0,0.0,0.0,2.1015690258342747,benign,0.0,0.0,0.0,0.0,0.0,0.0,0.0,0.0,0.0,0.0,0.0,0.0,0.0,0.0,0.0,0.0,0.0,0.0,0.0,0.0
0,0,0,0,0,0,0,0,0,0,0,0,0,0,0,0,0,0,0,0,0,0,0,0,0,0,0,0,0,0,0,0,0,0,0,0,0,0,0,0,0,0,0,0,0,0,1,0,0,0,0,0,0,0,0,0,0,1.793070312405364,0.0,0.0,0.0,0.0,0.0,2.015740432493068,benign,0.0,0.0,0.0,0.0,0.0,0.0,0.0,0.0,0.0,0.0,0.0,0.0,0.0,0.0,0.0,0.0,0.0,0.0,0.0,0.0
0,0,0,0,0,0,0,0,0,0,0,0,0,0,0,0,0,0,0,0,0,0,0,0,0,0,0,0,0,0,0,0,0,0,0,0,0,0,0,0,0,0,0,0,0,0,4,0,0,0,0,0,0,0,0,0,0,2.919542738798615,0.0,0.0,0.0,0.0,0.0,3.0656223729018888,benign,0.0,0.0,0.0,0.0,0.0,0.0,0.0,0.0,0.0,0.0,0.0,0.7701892467858632,0.0,0.0,0.0,0.0,0.0,0.6378154310891395,0.0,0.0
4,0,0,0,0,0,0,0,0,0,0,0,0,0,0,0,0,0,0,0,0,0,0,0,0,0,0,0,0,0,0,0,0,0,0,0,0,0,0,0,0,0,0,0,0,0,2,0,0,0,0,0,0,0,0,0,0,2.368624908831872,0.0,0.0,0.0,0.0,0.0,3.285385007089348,benign,0.0,0.0,0.0,0.0,0.0,0.0,0.0,0.0,0.0,0.0,0.0,0.0,0.0,0.0,0.0,0.0,0.0,0.0,0.0,0.0
0,0,0,0,0,0,0,0,0,0,0,0,0,0,0,0,0,0,0,0,0,0,0,0,0,0,0,0,0,0,0,0,0,0,0,0,0,0,0,0,0,0,0,0,0,0,4,0,0,0,0,0,0,0,0,0,0,2.9201272130373352,0.0,0.0,0.0,0.0,0.0,3.087292606550741,benign,0.0,0.0,0.0,0.0,0.0,0.0,0.0,0.0,0.0,0.0,0.0,0.7701892467858632,0.0,0.0,0.0,0.0,0.0,0.6378154310891395,0.0,0.0
0,0,0,0,0,0,0,0,0,0,0,0,0,0,0,0,0,0,0,0,0,0,0,0,0,0,0,0,0,0,0,0,0,0,0,0,0,0,0,0,0,0,0,0,0,0,0,0,0,0,0,0,0,0,0,0,0,0.0,,,,,,,benign,0.0,0.0,0.0,0.0,0.0,0.0,0.0,0.0,0.0,0.0,0.0,0.0,0.0,0.0,0.0,0.0,0.0,0.0,0.0,0.0
4,0,0,0,0,0,0,0,0,0,0,0,0,0,0,0,0,0,0,0,0,0,0,0,0,0,0,0,0,0,0,0,0,0,0,0,0,0,0,0,0,0,0,0,0,0,2,0,0,0,0,0,0,0,0,0,0,2.368624908831872,0.0,0.0,0.0,0.0,0.0,3.285385007089348,benign,0.0,0.0,0.0,0.0,0.0,0.0,0.0,0.0,0.0,0.0,0.0,0.0,0.0,0.0,0.0,0.0,0.0,0.0,0.0,0.0
0,0,0,0,0,0,0,0,0,0,0,0,0,0,0,0,0,0,0,0,0,0,0,0,0,0,0,0,0,0,0,0,0,0,0,0,0,0,0,0,0,0,0,0,0,0,0,0,0,0,0,0,0,0,0,0,0,0.0,,,,,,,benign,0.0,0.0,0.0,0.0,0.0,0.0,0.0,0.0,0.0,0.0,0.0,0.0,0.0,0.0,0.0,0.0,0.0,0.0,0.0,0.0
4,0,0,0,0,0,0,0,0,0,0,0,0,0,0,0,0,0,0,0,0,0,0,0,0,0,0,0,0,0,0,0,0,0,0,0,0,0,0,0,0,0,0,0,0,0,2,0,0,0,0,0,0,0,0,0,0,2.368624908831872,0.0,0.0,0.0,0.0,0.0,3.285385007089348,benign,0.0,0.0,0.0,0.0,0.0,0.0,0.0,0.0,0.0,0.0,0.0,0.0,0.0,0.0,0.0,0.0,0.0,0.0,0.0,0.0
0,0,0,0,0,0,0,0,0,0,0,0,0,0,0,0,0,0,0,0,0,0,0,0,0,0,0,0,0,0,0,0,0,0,0,0,0,0,0,0,0,0,0,0,0,0,4,0,0,0,0,0,0,0,0,0,0,2.9183041548393334,0.0,0.0,0.0,0.0,0.0,3.0197419068600624,benign,0.0,0.0,0.0,0.0,0.0,0.0,0.0,0.0,0.0,0.0,0.0,0.7701892467858632,0.0,0.0,0.0,0.0,0.0,0.6378154310891395,0.0,0.0
0,0,0,0,0,0,0,0,0,0,0,0,0,0,0,0,0,0,0,0,0,0,0,0,0,0,0,0,0,0,0,0,0,0,0,0,0,0,0,0,0,0,0,0,0,0,0,0,0,0,0,0,0,0,0,0,0,0.0,,,,,,,benign,0.0,0.0,0.0,0.0,0.0,0.0,0.0,0.0,0.0,0.0,0.0,0.0,0.0,0.0,0.0,0.0,0.0,0.0,0.0,0.0
4,0,0,0,0,0,0,0,0,0,0,0,0,0,0,0,0,0,0,0,0,0,0,0,0,0,0,0,0,0,0,0,0,0,0,0,0,0,0,0,0,0,0,0,0,0,2,0,0,0,0,0,0,0,0,0,0,2.368624908831872,0.0,0.0,0.0,0.0,0.0,3.285385007089348,benign,0.0,0.0,0.0,0.0,0.0,0.0,0.0,0.0,0.0,0.0,0.0,0.0,0.0,0.0,0.0,0.0,0.0,0.0,0.0,0.0
0,0,0,0,0,0,0,0,0,0,0,0,0,0,0,0,0,0,0,0,0,0,0,0,0,0,0,0,0,0,0,0,0,0,0,0,0,0,0,0,0,0,0,0,0,0,0,0,0,0,0,0,0,0,0,0,0,0.0,,,,,,,benign,0.0,0.0,0.0,0.0,0.0,0.0,0.0,0.0,0.0,0.0,0.0,0.0,0.0,0.0,0.0,0.0,0.0,0.0,0.0,0.0
4,0,0,0,0,0,0,0,0,0,0,0,0,0,0,0,0,0,0,0,0,0,0,0,0,0,0,0,0,0,0,0,0,0,0,0,0,0,0,0,0,0,0,0,0,0,2,0,0,0,0,0,0,0,0,0,0,2.368624908831872,0.0,0.0,0.0,0.0,0.0,3.285385007089348,benign,0.0,0.0,0.0,0.0,0.0,0.0,0.0,0.0,0.0,0.0,0.0,0.0,0.0,0.0,0.0,0.0,0.0,0.0,0.0,0.0
0,0,0,0,0,0,0,0,0,0,0,0,0,0,0,0,0,0,0,0,0,0,0,0,0,0,0,0,0,0,0,0,0,0,0,0,0,0,0,0,0,0,0,0,0,0,0,0,0,0,0,0,0,0,0,0,0,0.0,,,,,,,benign,0.0,0.0,0.0,0.0,0.0,0.0,0.0,0.0,0.0,0.0,0.0,0.0,0.0,0.0,0.0,0.0,0.0,0.0,0.0,0.0
4,0,0,0,0,0,0,0,0,0,0,0,0,0,0,0,0,0,0,0,0,0,0,0,0,0,0,0,0,0,0,0,0,0,0,0,0,0,0,0,0,0,0,0,0,0,2,0,0,0,0,0,0,0,0,0,0,2.368624908831872,0.0,0.0,0.0,0.0,0.0,3.285385007089348,benign,0.0,0.0,0.0,0.0,0.0,0.0,0.0,0.0,0.0,0.0,0.0,0.0,0.0,0.0,0.0,0.0,0.0,0.0,0.0,0.0
0,0,0,0,0,0,0,0,0,0,0,0,0,0,0,0,0,0,0,0,0,0,0,0,0,0,0,0,0,0,0,0,0,0,0,0,0,0,0,0,0,0,0,0,0,0,4,0,0,0,0,0,0,0,0,0,0,2.920676306002546,0.0,0.0,0.0,0.0,0.0,3.107662570009731,benign,0.0,0.0,0.0,0.0,0.0,0.0,0.0,0.0,0.0,0.0,0.0,0.7701892467858632,0.0,0.0,0.0,0.0,0.0,0.6378154310891395,0.0,0.0
0,0,0,0,0,0,0,0,0,0,0,0,0,0,0,0,0,0,0,0,0,0,0,0,0,0,0,0,0,0,0,0,0,0,0,0,0,0,0,0,0,0,0,0,0,0,0,0,0,0,0,0,0,0,0,0,0,0.0,,,,,,,benign,0.0,0.0,0.0,0.0,0.0,0.0,0.0,0.0,0.0,0.0,0.0,0.0,0.0,0.0,0.0,0.0,0.0,0.0,0.0,0.0
4,0,0,0,0,0,0,0,0,0,0,0,0,0,0,0,0,0,0,0,0,0,0,0,0,0,0,0,0,0,0,0,0,0,0,0,0,0,0,0,0,0,0,0,0,0,2,0,0,0,0,0,0,0,0,0,0,2.368624908831872,0.0,0.0,0.0,0.0,0.0,3.285385007089348,benign,0.0,0.0,0.0,0.0,0.0,0.0,0.0,0.0,0.0,0.0,0.0,0.0,0.0,0.0,0.0,0.0,0.0,0.0,0.0,0.0
0,0,0,0,0,0,0,0,0,0,0,0,0,0,0,0,0,0,0,0,0,0,0,0,0,0,0,0,0,0,0,0,0,0,0,0,0,0,0,0,0,0,0,0,0,0,0,0,0,0,0,0,0,0,0,0,0,0.0,,,,,,,benign,0.0,0.0,0.0,0.0,0.0,0.0,0.0,0.0,0.0,0.0,0.0,0.0,0.0,0.0,0.0,0.0,0.0,0.0,0.0,0.0
4,0,0,0,0,0,0,0,0,0,0,0,0,0,0,0,0,0,0,0,0,0,0,0,0,0,0,0,0,0,0,0,0,0,0,0,0,0,0,0,0,0,0,0,0,0,2,0,0,0,0,0,0,0,0,0,0,2.368624908831872,0.0,0.0,0.0,0.0,0.0,3.285385007089348,benign,0.0,0.0,0.0,0.0,0.0,0.0,0.0,0.0,0.0,0.0,0.0,0.0,0.0,0.0,0.0,0.0,0.0,0.0,0.0,0.0
0,0,0,0,0,0,0,0,0,0,0,0,0,0,0,0,0,0,0,0,0,0,0,0,0,0,0,0,0,0,0,0,0,0,0,0,0,0,0,0,0,0,0,0,0,0,0,0,0,0,0,0,0,0,0,0,0,0.0,,,,,,,benign,0.0,0.0,0.0,0.0,0.0,0.0,0.0,0.0,0.0,0.0,0.0,0.0,0.0,0.0,0.0,0.0,0.0,0.0,0.0,0.0
4,0,0,0,0,0,0,0,0,0,0,0,0,0,0,0,0,0,0,0,0,0,0,0,0,0,0,0,0,0,0,0,0,0,0,0,0,0,0,0,0,0,0,0,0,0,2,0,0,0,0,0,0,0,0,0,0,2.368624908831872,0.0,0.0,0.0,0.0,0.0,3.285385007089348,benign,0.0,0.0,0.0,0.0,0.0,0.0,0.0,0.0,0.0,0.0,0.0,0.0,0.0,0.0,0.0,0.0,0.0,0.0,0.0,0.0
0,0,0,0,0,0,0,0,0,0,0,0,0,0,0,0,0,0,0,0,0,0,0,0,0,0,0,0,0,0,0,0,0,0,0,0,0,0,0,0,0,0,0,0,0,0,0,0,0,0,0,0,0,0,0,0,0,0.0,,,,,,,benign,0.0,0.0,0.0,0.0,0.0,0.0,0.0,0.0,0.0,0.0,0.0,0.0,0.0,0.0,0.0,0.0,0.0,0.0,0.0,0.0
4,0,0,0,0,0,0,0,0,0,0,0,0,0,0,0,0,0,0,0,0,0,0,0,0,0,0,0,0,0,0,0,0,0,0,0,0,0,0,0,0,0,0,0,0,0,2,0,0,0,0,0,0,0,0,0,0,2.368624908831872,0.0,0.0,0.0,0.0,0.0,3.285385007089348,benign,0.0,0.0,0.0,0.0,0.0,0.0,0.0,0.0,0.0,0.0,0.0,0.0,0.0,0.0,0.0,0.0,0.0,0.0,0.0,0.0
0,0,0,0,0,0,0,0,0,0,0,0,0,0,0,0,0,0,0,0,0,0,0,0,0,0,0,0,0,0,0,0,0,0,0,0,0,0,0,0,0,0,0,0,0,0,4,0,0,0,0,0,0,0,0,0,0,2.924874878357528,0.0,0.0,0.0,0.0,0.0,3.263789301573448,benign,0.836763674886987,0.0,0.0,0.0,0.0,0.0,0.0,0.40046141820501474,0.0,0.0,0.0,0.0,0.0,0.0,0.0,0.0,0.0,0.3734396938179618,0.0,0.0
0,0,0,0,0,0,0,0,0,0,0,0,0,0,0,0,0,0,0,0,0,0,0,0,0,0,0,0,0,0,0,0,0,0,0,0,0,0,0,0,0,0,0,0,0,0,0,0,0,0,0,0,0,0,0,0,0,0.0,,,,,,,benign,0.0,0.0,0.0,0.0,0.0,0.0,0.0,0.0,0.0,0.0,0.0,0.0,0.0,0.0,0.0,0.0,0.0,0.0,0.0,0.0
4,0,0,0,0,0,0,0,0,0,0,0,0,0,0,0,0,0,0,0,0,0,0,0,0,0,0,0,0,0,0,0,0,0,0,0,0,0,0,0,0,0,0,0,0,0,2,0,0,0,0,0,0,0,0,0,0,2.368624908831872,0.0,0.0,0.0,0.0,0.0,3.285385007089348,benign,0.0,0.0,0.0,0.0,0.0,0.0,0.0,0.0,0.0,0.0,0.0,0.0,0.0,0.0,0.0,0.0,0.0,0.0,0.0,0.0
0,0,0,0,0,0,0,0,0,0,0,0,0,0,0,0,0,0,0,0,0,0,0,0,0,0,0,0,0,0,0,0,0,0,0,0,0,0,0,0,0,0,0,0,0,0,0,0,0,0,0,0,0,0,0,0,0,0.0,,,,,,,benign,0.0,0.0,0.0,0.0,0.0,0.0,0.0,0.0,0.0,0.0,0.0,0.0,0.0,0.0,0.0,0.0,0.0,0.0,0.0,0.0
4,0,0,0,0,0,0,0,0,0,0,0,0,0,0,0,0,0,0,0,0,0,0,0,0,0,0,0,0,0,0,0,0,0,0,0,0,0,0,0,0,0,0,0,0,0,2,0,0,0,0,0,0,0,0,0,0,2.368624908831872,0.0,0.0,0.0,0.0,0.0,3.285385007089348,benign,0.0,0.0,0.0,0.0,0.0,0.0,0.0,0.0,0.0,0.0,0.0,0.0,0.0,0.0,0.0,0.0,0.0,0.0,0.0,0.0
0,0,0,0,0,0,0,0,0,0,0,0,0,0,0,0,0,0,0,0,0,0,0,0,0,0,0,0,0,0,0,0,0,0,0,0,0,0,0,0,0,0,0,0,0,0,4,0,0,0,0,0,0,0,0,0,0,2.9197803264004407,0.0,0.0,0.0,0.0,0.0,3.0744297514522034,benign,0.0,0.0,0.0,0.0,0.0,0.0,0.0,0.7313506228016193,0.0,0.0,0.0,0.0,0.0,0.0,0.0,0.0,0.0,0.682001661675163,0.0,0.0
0,0,0,0,0,0,0,0,0,0,0,0,0,0,0,0,0,0,0,0,0,0,0,0,0,0,0,0,0,0,0,0,0,0,0,0,0,0,0,0,0,0,0,0,0,0,0,0,0,0,0,0,0,0,0,0,0,0.0,,,,,,,benign,0.0,0.0,0.0,0.0,0.0,0.0,0.0,0.0,0.0,0.0,0.0,0.0,0.0,0.0,0.0,0.0,0.0,0.0,0.0,0.0
4,0,0,0,0,0,0,0,0,0,0,0,0,0,0,0,0,0,0,0,0,0,0,0,0,0,0,0,0,0,0,0,0,0,0,0,0,0,0,0,0,0,0,0,0,0,2,0,0,0,0,0,0,0,0,0,0,2.368624908831872,0.0,0.0,0.0,0.0,0.0,3.285385007089348,benign,0.0,0.0,0.0,0.0,0.0,0.0,0.0,0.0,0.0,0.0,0.0,0.0,0.0,0.0,0.0,0.0,0.0,0.0,0.0,0.0
0,0,0,0,0,0,0,0,0,0,0,0,0,0,0,0,0,0,0,0,0,0,0,0,0,0,0,0,0,0,0,0,0,0,0,0,0,0,0,0,0,0,0,0,0,0,0,0,0,0,0,0,0,0,0,0,0,0.0,,,,,,,benign,0.0,0.0,0.0,0.0,0.0,0.0,0.0,0.0,0.0,0.0,0.0,0.0,0.0,0.0,0.0,0.0,0.0,0.0,0.0,0.0
0,0,0,0,0,0,0,0,0,0,0,0,0,0,0,0,0,0,0,0,0,0,0,0,0,0,0,0,0,0,0,0,0,0,0,0,0,0,0,0,0,0,0,0,0,0,4,0,0,0,0,0,0,0,0,0,0,2.914393741251725,0.0,0.0,0.0,0.0,0.0,2.8752620771497504,benign,0.7055078302001337,0.3802085916765373,0.0,0.0,0.0,0.0,0.0,0.3376445162666108,0.0,0.0,0.0,0.0,0.0,0.0,0.3802085916765373,0.0,0.0,0.31486145491640277,0.0,0.0
0,0,0,0,0,0,0,0,0,0,0,0,0,0,0,0,0,0,0,0,0,0,0,0,0,0,0,0,0,0,0,0,0,0,0,0,0,0,0,0,0,0,0,0,0,0,4,0,0,0,0,0,0,0,0,0,0,2.918196766751392,0.0,0.0,0.0,0.0,0.0,3.015766641012517,benign,0.7055078302001337,0.3802085916765373,0.0,0.0,0.0,0.0,0.0,0.3376445162666108,0.0,0.0,0.0,0.0,0.0,0.0,0.3802085916765373,0.0,0.0,0.31486145491640277,0.0,0.0
0,0,0,0,0,0,0,0,0,0,0,0,0,0,0,0,0,0,0,0,0,0,0,0,0,0,0,0,0,0,0,0,0,0,0,0,0,0,0,0,0,0,0,0,0,0,4,0,0,0,0,0,0,0,0,0,0,2.916477856352932,0.0,0.0,0.0,0.0,0.0,2.9521945078794456,benign,0.7055078302001337,0.3802085916765373,0.0,0.0,0.0,0.0,0.0,0.3376445162666108,0.0,0.0,0.0,0.0,0.0,0.0,0.3802085916765373,0.0,0.0,0.31486145491640277,0.0,0.0
0,0,0,0,0,0,0,0,0,0,0,0,0,0,0,0,0,0,0,0,0,0,0,0,0,0,0,0,0,0,0,0,0,0,0,0,0,0,0,0,0,0,0,0,0,0,4,0,0,0,0,0,0,0,0,0,0,2.913057466033148,0.0,0.0,0.0,0.0,0.0,2.826019486411796,benign,0.7380692940116694,0.5303419273768958,0.0,0.0,0.0,0.0,0.0,0.2354852670944051,0.0,0.0,0.0,0.0,0.0,0.0,0.2651709636884479,0.0,0.0,0.21959555164276845,0.0,0.0
0,0,0,0,0,0,0,0,0,0,0,0,0,0,0,0,0,0,0,0,0,0,0,0,0,0,0,0,0,0,0,0,0,0,0,0,0,0,0,0,0,0,0,0,0,0,4,0,0,0,0,0,0,0,0,0,0,2.9199476203621444,0.0,0.0,0.0,0.0,0.0,3.080632598518183,benign,0.0,0.0,0.0,0.0,0.0,0.0,0.0,0.7313506228016193,0.0,0.0,0.0,0.0,0.0,0.0,0.0,0.0,0.0,0.682001661675163,0.0,0.0
0,0,0,0,0,0,0,0,0,0,0,0,0,0,0,0,0,0,0,0,0,0,0,0,0,0,0,0,0,0,0,0,0,0,0,0,0,0,0,0,0,0,0,0,0,0,4,0,0,0,0,0,0,0,0,0,0,2.9215707658733403,0.0,0.0,0.0,0.0,0.0,3.1408687336540977,benign,0.0,0.0,0.0,0.0,0.0,0.0,0.0,0.7313506228016193,0.0,0.0,0.0,0.0,0.0,0.0,0.0,0.0,0.0,0.682001661675163,0.0,0.0
0,0,0,0,0,0,0,0,0,0,0,0,0,0,0,0,0,0,0,0,0,0,0,0,0,0,0,0,0,0,0,0,0,0,0,0,0,0,0,0,0,0,0,0,0,0,4,0,0,0,0,0,0,0,0,0,0,2.925282038464962,0.0,0.0,0.0,0.0,0.0,3.2789647192315785,benign,0.836763674886987,0.0,0.0,0.0,0.0,0.0,0.0,0.40046141820501474,0.0,0.0,0.0,0.0,0.0,0.0,0.0,0.0,0.0,0.3734396938179618,0.0,0.0
0,0,0,0,0,0,0,0,0,0,0,0,0,0,0,0,0,0,0,0,0,0,0,0,0,0,0,0,0,0,0,0,0,0,0,0,0,0,0,0,0,0,0,0,0,0,4,0,0,0,0,0,0,0,0,0,0,2.9199026893330715,0.0,0.0,0.0,0.0,0.0,3.0789665649654365,benign,0.9165756889838682,0.0,0.0,0.0,0.0,0.0,0.0,0.2924387624357558,0.0,0.0,0.0,0.0,0.0,0.0,0.0,0.0,0.0,0.2727060259488058,0.0,0.0
4,0,0,0,0,0,0,0,0,0,0,0,0,0,0,0,0,0,0,0,0,0,0,0,0,0,0,0,0,0,0,0,0,0,0,0,0,0,0,0,0,0,0,0,0,0,2,0,0,0,0,0,0,0,0,0,0,2.368624908831872,0.0,0.0,0.0,0.0,0.0,3.285385007089348,benign,0.0,0.0,0.0,0.0,0.0,0.0,0.0,0.0,0.0,0.0,0.0,0.0,0.0,0.0,0.0,0.0,0.0,0.0,0.0,0.0
0,0,0,0,0,0,0,0,0,0,0,0,0,0,0,0,0,0,0,0,0,0,0,0,0,0,0,0,0,0,0,0,0,0,0,0,0,0,0,0,0,0,0,0,0,0,0,0,0,0,0,0,0,0,0,0,0,0.0,,,,,,,benign,0.0,0.0,0.0,0.0,0.0,0.0,0.0,0.0,0.0,0.0,0.0,0.0,0.0,0.0,0.0,0.0,0.0,0.0,0.0,0.0
0,0,0,0,0,0,0,0,0,0,0,0,0,0,0,0,0,0,0,0,0,0,0,0,0,0,0,0,0,0,0,0,0,0,0,0,0,0,0,0,0,0,0,0,0,0,4,0,0,0,0,0,0,0,0,0,0,2.9244218541201787,0.0,0.0,0.0,0.0,0.0,3.2469117251086166,benign,0.836763674886987,0.0,0.0,0.0,0.0,0.0,0.0,0.40046141820501474,0.0,0.0,0.0,0.0,0.0,0.0,0.0,0.0,0.0,0.3734396938179618,0.0,0.0
4,0,0,0,0,0,0,0,0,0,0,0,0,0,0,0,0,0,0,0,0,0,0,0,0,0,0,0,0,0,0,0,0,0,0,0,0,0,0,0,0,0,0,0,0,0,2,0,0,0,0,0,0,0,0,0,0,2.368624908831872,0.0,0.0,0.0,0.0,0.0,3.285385007089348,benign,0.0,0.0,0.0,0.0,0.0,0.0,0.0,0.0,0.0,0.0,0.0,0.0,0.0,0.0,0.0,0.0,0.0,0.0,0.0,0.0
0,0,0,0,0,0,0,0,0,0,0,0,0,0,0,0,0,0,0,0,0,0,0,0,0,0,0,0,0,0,0,0,0,0,0,0,0,0,0,0,0,0,0,0,0,0,0,0,0,0,0,0,0,0,0,0,0,0.0,,,,,,,benign,0.0,0.0,0.0,0.0,0.0,0.0,0.0,0.0,0.0,0.0,0.0,0.0,0.0,0.0,0.0,0.0,0.0,0.0,0.0,0.0
4,0,0,0,0,0,0,0,0,0,0,0,0,0,0,0,0,0,0,0,0,0,0,0,0,0,0,0,0,0,0,0,0,0,0,0,0,0,0,0,0,0,0,0,0,0,2,0,0,0,0,0,0,0,0,0,0,2.368624908831872,0.0,0.0,0.0,0.0,0.0,3.285385007089348,benign,0.0,0.0,0.0,0.0,0.0,0.0,0.0,0.0,0.0,0.0,0.0,0.0,0.0,0.0,0.0,0.0,0.0,0.0,0.0,0.0
0,0,0,0,0,0,0,0,0,0,0,0,0,0,0,0,0,0,0,0,0,0,0,0,0,0,0,0,0,0,0,0,0,0,0,0,0,0,0,0,0,0,0,0,0,0,0,0,0,0,0,0,0,0,0,0,0,0.0,,,,,,,benign,0.0,0.0,0.0,0.0,0.0,0.0,0.0,0.0,0.0,0.0,0.0,0.0,0.0,0.0,0.0,0.0,0.0,0.0,0.0,0.0
0,0,0,0,0,0,0,0,0,0,0,0,0,0,0,0,0,0,0,0,0,0,0,0,0,0,0,0,0,0,0,0,0,0,0,0,0,0,0,0,0,0,0,0,0,0,4,0,0,0,0,0,0,0,0,0,0,2.9203844442004225,0.0,0.0,0.0,0.0,0.0,3.096833841062497,benign,0.0,0.0,0.0,0.0,0.0,0.0,0.0,0.0,0.0,0.0,0.0,0.0,0.0,0.0,0.0,0.0,0.0,1.0,0.0,0.0
4,0,0,0,0,0,0,0,0,0,0,0,0,0,0,0,0,0,0,0,0,0,0,0,0,0,0,0,0,0,0,0,0,0,0,0,0,0,0,0,0,0,0,0,0,0,2,0,0,0,0,0,0,0,0,0,0,2.368624908831872,0.0,0.0,0.0,0.0,0.0,3.285385007089348,benign,0.0,0.0,0.0,0.0,0.0,0.0,0.0,0.0,0.0,0.0,0.0,0.0,0.0,0.0,0.0,0.0,0.0,0.0,0.0,0.0
0,0,0,0,0,0,0,0,0,0,0,0,0,0,0,0,0,0,0,0,0,0,0,0,0,0,0,0,0,0,0,0,0,0,0,0,0,0,0,0,0,0,0,0,0,0,0,0,0,0,0,0,0,0,0,0,0,0.0,,,,,,,benign,0.0,0.0,0.0,0.0,0.0,0.0,0.0,0.0,0.0,0.0,0.0,0.0,0.0,0.0,0.0,0.0,0.0,0.0,0.0,0.0
4,0,0,0,0,0,0,0,0,0,0,0,0,0,0,0,0,0,0,0,0,0,0,0,0,0,0,0,0,0,0,0,0,0,0,0,0,0,0,0,0,0,0,0,0,0,2,0,0,0,0,0,0,0,0,0,0,2.368624908831872,0.0,0.0,0.0,0.0,0.0,3.285385007089348,benign,0.0,0.0,0.0,0.0,0.0,0.0,0.0,0.0,0.0,0.0,0.0,0.0,0.0,0.0,0.0,0.0,0.0,0.0,0.0,0.0
0,0,0,0,0,0,0,0,0,0,0,0,0,0,0,0,0,0,0,0,0,0,0,0,0,0,0,0,0,0,0,0,0,0,0,0,0,0,0,0,0,0,0,0,0,0,0,0,0,0,0,0,0,0,0,0,0,0.0,,,,,,,benign,0.0,0.0,0.0,0.0,0.0,0.0,0.0,0.0,0.0,0.0,0.0,0.0,0.0,0.0,0.0,0.0,0.0,0.0,0.0,0.0
0,0,0,0,0,0,0,0,0,0,0,0,0,0,0,0,0,0,0,0,0,0,0,0,0,0,0,0,0,0,0,0,0,0,0,0,0,0,0,0,0,0,0,0,0,0,4,0,0,0,0,0,0,0,0,0,0,2.918940071203893,0.0,0.0,0.0,0.0,0.0,3.0432908533370533,benign,0.0,0.0,0.0,0.0,0.0,0.0,0.0,0.0,0.0,0.0,0.0,0.0,0.0,0.0,0.0,0.0,0.0,1.0,0.0,0.0
4,0,0,0,0,0,0,0,0,0,0,0,0,0,0,0,0,0,0,0,0,0,0,0,0,0,0,0,0,0,0,0,0,0,0,0,0,0,0,0,0,0,0,0,0,0,2,0,0,0,0,0,0,0,0,0,0,2.368624908831872,0.0,0.0,0.0,0.0,0.0,3.285385007089348,benign,0.0,0.0,0.0,0.0,0.0,0.0,0.0,0.0,0.0,0.0,0.0,0.0,0.0,0.0,0.0,0.0,0.0,0.0,0.0,0.0
0,0,0,0,0,0,0,0,0,0,0,0,0,0,0,0,0,0,0,0,0,0,0,0,0,0,0,0,0,0,0,0,0,0,0,0,0,0,0,0,0,0,0,0,0,0,0,0,0,0,0,0,0,0,0,0,0,0.0,,,,,,,benign,0.0,0.0,0.0,0.0,0.0,0.0,0.0,0.0,0.0,0.0,0.0,0.0,0.0,0.0,0.0,0.0,0.0,0.0,0.0,0.0
4,0,0,0,0,0,0,0,0,0,0,0,0,0,0,0,0,0,0,0,0,0,0,0,0,0,0,0,0,0,0,0,0,0,0,0,0,0,0,0,0,0,0,0,0,0,2,0,0,0,0,0,0,0,0,0,0,2.368624908831872,0.0,0.0,0.0,0.0,0.0,3.285385007089348,benign,0.0,0.0,0.0,0.0,0.0,0.0,0.0,0.0,0.0,0.0,0.0,0.0,0.0,0.0,0.0,0.0,0.0,0.0,0.0,0.0
0,0,0,0,0,0,0,0,0,0,0,0,0,0,0,0,0,0,0,0,0,0,0,0,0,0,0,0,0,0,0,0,0,0,0,0,0,0,0,0,0,0,0,0,0,0,0,0,0,0,0,0,0,0,0,0,0,0.0,,,,,,,benign,0.0,0.0,0.0,0.0,0.0,0.0,0.0,0.0,0.0,0.0,0.0,0.0,0.0,0.0,0.0,0.0,0.0,0.0,0.0,0.0
4,0,0,0,0,0,0,0,0,0,0,0,0,0,0,0,0,0,0,0,0,0,0,0,0,0,0,0,0,0,0,0,0,0,0,0,0,0,0,0,0,0,0,0,0,0,2,0,0,0,0,0,0,0,0,0,0,2.368624908831872,0.0,0.0,0.0,0.0,0.0,3.285385007089348,benign,0.0,0.0,0.0,0.0,0.0,0.0,0.0,0.0,0.0,0.0,0.0,0.0,0.0,0.0,0.0,0.0,0.0,0.0,0.0,0.0
0,0,0,0,0,0,0,0,0,0,0,0,0,0,0,0,0,0,0,0,0,0,0,0,0,0,0,0,0,0,0,0,0,0,0,0,0,0,0,0,0,0,0,0,0,0,0,0,0,0,0,0,0,0,0,0,0,0.0,,,,,,,benign,0.0,0.0,0.0,0.0,0.0,0.0,0.0,0.0,0.0,0.0,0.0,0.0,0.0,0.0,0.0,0.0,0.0,0.0,0.0,0.0
4,0,0,0,0,0,0,0,0,0,0,0,0,0,0,0,0,0,0,0,0,0,0,0,0,0,0,0,0,0,0,0,0,0,0,0,0,0,0,0,0,0,0,0,0,0,2,0,0,0,0,0,0,0,0,0,0,2.368624908831872,0.0,0.0,0.0,0.0,0.0,3.285385007089348,benign,0.0,0.0,0.0,0.0,0.0,0.0,0.0,0.0,0.0,0.0,0.0,0.0,0.0,0.0,0.0,0.0,0.0,0.0,0.0,0.0
0,0,0,0,0,0,0,0,0,0,0,0,0,0,0,0,0,0,0,0,0,0,0,0,0,0,0,0,0,0,0,0,0,0,0,0,0,0,0,0,0,0,0,0,0,0,0,0,0,0,0,0,0,0,0,0,0,0.0,,,,,,,benign,0.0,0.0,0.0,0.0,0.0,0.0,0.0,0.0,0.0,0.0,0.0,0.0,0.0,0.0,0.0,0.0,0.0,0.0,0.0,0.0
0,0,0,0,0,0,0,0,0,0,0,0,0,0,0,0,0,0,0,0,0,0,0,0,0,0,0,0,0,0,0,0,0,0,0,0,0,0,0,0,0,0,0,0,0,0,4,0,0,0,0,0,0,0,0,0,0,2.917608224094426,0.0,0.0,0.0,0.0,0.0,2.993987692912633,benign,0.0,0.0,0.0,0.0,0.6644782920828429,0.0,0.0,0.0,0.0,0.0,0.0,0.0,0.0,0.0,0.0,0.0,0.0,0.0,0.0,0.7473075667693109
0,0,0,0,0,0,0,0,0,0,0,0,0,0,0,0,0,0,0,0,0,0,0,0,0,0,0,0,0,0,0,0,0,0,0,0,0,0,0,0,0,0,0,0,0,0,4,0,0,0,0,0,0,0,0,0,0,2.922381387887777,0.0,0.0,0.0,0.0,0.0,3.1709881455647797,benign,0.0,0.0,0.0,0.0,0.0,0.0,0.0,0.0,0.0,0.0,0.0,0.0,0.0,0.0,0.0,0.0,0.0,0.0,0.0,1.0
0,0,0,0,0,0,0,0,0,0,0,0,0,0,0,0,0,0,0,0,0,0,0,0,0,0,0,0,0,0,0,0,0,0,0,0,0,0,0,0,0,0,0,0,0,0,4,0,0,0,0,0,0,0,0,0,0,2.9149452139236773,0.0,0.0,0.0,0.0,0.0,2.8956033847784988,benign,0.0,0.0,0.0,0.0,0.0,0.0,0.0,0.0,0.0,0.0,0.0,0.0,0.0,0.0,0.0,0.0,0.0,0.0,0.0,0.0
0,0,0,2,0,2,0,0,0,0,0,0,0,0,0,0,0,0,0,0,0,0,0,0,0,0,0,0,0,0,0,0,0,0,0,0,0,0,0,0,0,0,0,0,0,2,2,0,0,0,0,0,0,0,0,0,0,3.2368229283167573,0.0,0.0,0.0,0.0,0.0,2.9054560251971573,benign,0.0,0.0,0.0,0.0,0.7984491479660817,0.6020622543493638,0.0,0.0,0.0,0.0,0.0,0.0,0.0,0.0,0.0,0.0,0.0,0.0,0.0,0.0
0,0,0,2,0,2,0,0,0,0,0,0,0,0,0,0,0,0,0,0,0,0,0,0,0,0,0,0,0,0,0,0,0,0,0,0,0,0,0,0,0,0,0,0,0,2,2,0,0,0,0,0,0,0,0,0,0,3.2272041932919064,0.0,0.0,0.0,0.0,0.0,2.418157288156418,benign,0.0,0.0,0.0,0.0,0.5193502743602245,0.3916106589565302,0.7595501196850618,0.0,0.0,0.0,0.0,0.0,0.0,0.0,0.0,0.0,0.0,0.0,0.0,0.0
1,0,0,0,0,0,0,0,0,0,0,0,0,0,0,0,0,0,0,0,0,0,0,0,0,0,0,0,0,0,0,0,0,0,0,0,0,0,0,0,0,0,0,0,0,0,0,0,0,0,0,0,0,0,0,0,0,0.009950330853168,,,,,,,benign,0.0,0.0,0.0,0.0,0.0,0.0,0.0,0.0,0.0,0.0,0.0,0.0,0.0,0.0,0.0,0.0,0.0,0.0,0.0,0.0
0,0,0,2,0,2,0,0,0,0,0,0,0,0,0,0,0,0,0,0,0,0,0,0,0,0,0,0,0,0,0,0,0,0,0,0,0,0,0,0,0,0,0,0,0,2,2,0,0,0,0,0,0,0,0,0,0,3.212866599951006,0.0,0.0,0.0,0.0,0.0,1.7004397181410922,benign,0.0,0.0,0.0,0.0,0.7984491479660817,0.6020622543493638,0.0,0.0,0.0,0.0,0.0,0.0,0.0,0.0,0.0,0.0,0.0,0.0,0.0,0.0
7,0,0,2,0,2,0,0,0,0,0,0,0,0,0,0,0,0,0,0,0,0,0,0,0,0,0,0,0,0,0,0,0,0,0,0,0,0,0,0,0,0,0,0,0,2,2,0,0,0,0,0,0,0,0,0,0,3.2199074360531506,0.0,0.0,0.0,0.0,0.0,1.9116071739396192,benign,0.0,0.0,0.0,0.0,0.7984491479660817,0.6020622543493638,0.0,0.0,0.0,0.0,0.0,0.0,0.0,0.0,0.0,0.0,0.0,0.0,0.0,0.0
0,0,0,2,0,2,0,0,0,0,0,0,0,0,0,0,0,0,0,0,0,0,0,0,0,0,0,0,0,0,0,0,0,0,0,0,0,0,0,0,0,0,0,0,0,2,2,0,0,0,0,0,0,0,0,0,0,3.2270278516672244,0.0,0.0,0.0,0.0,0.0,2.4092672522514684,benign,0.0,0.0,0.0,0.0,0.7984491479660817,0.6020622543493638,0.0,0.0,0.0,0.0,0.0,0.0,0.0,0.0,0.0,0.0,0.0,0.0,0.0,0.0
3,0,0,4,0,4,0,0,0,0,0,4,0,0,0,0,0,0,0,0,0,0,0,0,0,0,0,0,0,0,0,0,0,0,0,0,0,0,0,0,0,0,0,0,0,4,2,0,0,0,0,0,0,0,0,0,0,3.4935410107422067,0.0,0.0,0.0,0.0,0.0,1.6644977792004616,benign,0.0,0.0,0.0,0.0,0.7984491479660817,0.6020622543493638,0.0,0.0,0.0,0.0,0.0,0.0,0.0,0.0,0.0,0.0,0.0,0.0,0.0,0.0
2,0,0,4,0,4,0,0,0,0,0,0,0,0,0,0,0,0,0,0,0,0,0,0,0,0,0,0,0,0,0,0,0,0,0,0,0,0,0,0,0,0,0,0,0,2,2,0,0,0,0,0,0,0,0,0,0,3.375164803182701,0.0,0.0,0.0,0.0,0.0,2.418200866206268,benign,0.0,0.0,0.0,0.0,0.7984491479660817,0.6020622543493638,0.0,0.0,0.0,0.0,0.0,0.0,0.0,0.0,0.0,0.0,0.0,0.0,0.0,0.0
0,0,0,0,0,0,0,0,0,0,0,0,0,0,0,0,0,0,0,0,0,0,0,0,0,0,0,0,0,0,0,0,0,0,0,0,0,0,0,0,0,0,0,0,0,0,1,0,0,0,0,0,0,0,0,0,0,1.7641255650833616,0.0,0.0,0.0,0.0,0.0,1.6729330318733675,benign,0.0,0.0,0.0,0.0,0.0,0.0,0.0,0.0,0.0,0.0,0.0,0.0,0.0,0.0,0.0,0.0,0.0,0.0,0.0,0.0
2,0,0,2,0,2,0,0,0,0,0,0,0,0,0,0,0,0,0,0,0,0,0,0,0,0,0,0,0,0,0,0,0,0,0,0,0,0,0,0,0,0,0,0,0,2,0,0,0,0,0,0,0,0,0,0,0,2.773837941640213,,,,,,,benign,0.0,0.0,0.0,0.0,0.0,0.0,0.0,0.0,0.0,0.0,0.0,0.0,0.0,0.0,0.0,0.0,0.0,0.0,0.0,0.0
0,0,0,2,0,2,0,0,0,0,0,0,0,0,0,0,0,0,0,0,0,0,0,0,0,0,0,0,0,0,0,0,0,0,0,0,0,0,0,0,0,0,0,0,0,2,2,0,0,0,0,0,0,0,0,0,0,3.2121431668887324,0.0,0.0,0.0,0.0,0.0,1.6644977792004616,benign,0.0,0.0,0.0,0.0,0.7984491479660817,0.6020622543493638,0.0,0.0,0.0,0.0,0.0,0.0,0.0,0.0,0.0,0.0,0.0,0.0,0.0,0.0
0,0,0,2,0,2,0,0,0,0,0,0,0,0,0,0,0,0,0,0,0,0,0,0,0,0,0,0,0,0,0,0,0,0,0,0,0,0,0,0,0,0,0,0,0,2,1,0,0,0,0,0,0,0,0,0,0,3.055136317649989,0.0,0.0,0.0,0.0,0.0,2.4481570924667446,benign,0.0,0.0,0.0,0.0,0.7984491479660817,0.6020622543493638,0.0,0.0,0.0,0.0,0.0,0.0,0.0,0.0,0.0,0.0,0.0,0.0,0.0,0.0
0,0,0,2,0,2,0,0,0,0,0,0,0,0,0,0,0,0,0,0,0,0,0,0,0,0,0,0,0,0,0,0,0,0,0,0,0,0,0,0,0,0,0,0,0,2,2,0,0,0,0,0,0,0,0,0,0,3.2215400225660225,0.0,0.0,0.0,0.0,0.0,2.133387491316597,benign,0.0,0.0,0.0,0.0,0.7984491479660817,0.6020622543493638,0.0,0.0,0.0,0.0,0.0,0.0,0.0,0.0,0.0,0.0,0.0,0.0,0.0,0.0
0,0,0,2,0,2,0,0,0,0,0,1,0,0,0,0,0,0,0,0,0,0,0,0,0,0,0,0,0,0,0,0,0,0,0,0,0,0,0,0,0,0,0,0,0,2,2,0,0,0,0,0,0,0,0,0,0,3.232223085606738,0.0,0.0,0.0,0.0,0.0,2.651836652504163,benign,0.0,0.0,0.0,0.0,0.7984491479660817,0.6020622543493638,0.0,0.0,0.0,0.0,0.0,0.0,0.0,0.0,0.0,0.0,0.0,0.0,0.0,0.0
5,1,0,0,0,0,0,0,0,0,0,0,0,0,0,0,0,0,0,0,0,0,0,0,0,0,0,0,0,0,0,0,0,0,0,0,0,0,0,0,0,0,0,0,0,0,0,0,0,0,0,0,0,0,0,0,0,0.0769610411361283,,,,,,,benign,0.0,0.0,0.0,0.0,0.0,0.0,0.0,0.0,0.0,0.0,0.0,0.0,0.0,0.0,0.0,0.0,0.0,0.0,0.0,0.0
0,0,0,2,0,2,0,0,0,0,0,0,0,0,0,0,0,0,0,0,0,0,0,0,0,0,0,0,0,0,0,0,0,0,0,0,0,0,0,0,0,0,0,0,0,2,2,0,0,0,0,0,0,0,0,0,0,3.2216686318239005,0.0,0.0,0.0,0.0,0.0,2.139835523706203,benign,0.0,0.0,0.0,0.0,0.7984491479660817,0.6020622543493638,0.0,0.0,0.0,0.0,0.0,0.0,0.0,0.0,0.0,0.0,0.0,0.0,0.0,0.0
0,0,0,2,0,2,0,0,0,0,0,0,0,0,0,0,0,0,0,0,0,0,0,0,0,0,0,0,0,0,0,0,0,0,0,0,0,0,0,0,0,0,0,0,0,2,1,0,0,0,0,0,0,0,0,0,0,3.0598331184365177,0.0,0.0,0.0,0.0,0.0,2.6479965658127216,benign,0.0,0.0,0.0,0.0,0.7984491479660817,0.6020622543493638,0.0,0.0,0.0,0.0,0.0,0.0,0.0,0.0,0.0,0.0,0.0,0.0,0.0,0.0
0,0,0,2,0,2,0,0,0,0,0,0,0,0,0,0,0,0,0,0,0,0,0,0,0,0,0,0,0,0,0,0,0,0,0,0,0,0,0,0,0,0,0,0,0,2,1,0,0,0,0,0,0,0,0,0,0,3.058144511667796,0.0,0.0,0.0,0.0,0.0,2.5760416390251253,benign,0.0,0.0,0.0,0.0,0.7984491479660817,0.6020622543493638,0.0,0.0,0.0,0.0,0.0,0.0,0.0,0.0,0.0,0.0,0.0,0.0,0.0,0.0
0,0,0,2,0,2,0,0,0,0,0,0,0,0,0,0,0,0,0,0,0,0,0,0,0,0,0,0,0,0,0,0,0,0,0,0,0,0,0,0,0,0,0,0,0,2,2,0,0,0,0,0,0,0,0,0,0,3.228177122334805,0.0,0.0,0.0,0.0,0.0,2.4672344480973054,benign,0.0,0.0,0.0,0.0,0.7984491479660817,0.6020622543493638,0.0,0.0,0.0,0.0,0.0,0.0,0.0,0.0,0.0,0.0,0.0,0.0,0.0,0.0
0,0,0,2,0,2,0,0,0,0,0,0,0,0,0,0,0,0,0,0,0,0,0,0,0,0,0,0,0,0,0,0,0,0,0,0,0,0,0,0,0,0,0,0,0,2,2,0,0,0,0,0,0,0,0,0,0,3.227484823847206,0.0,0.0,0.0,0.0,0.0,2.4323081491224783,benign,0.0,0.0,0.0,0.0,0.7984491479660817,0.6020622543493638,0.0,0.0,0.0,0.0,0.0,0.0,0.0,0.0,0.0,0.0,0.0,0.0,0.0,0.0
0,0,0,2,0,2,0,0,0,0,0,0,0,0,0,0,0,0,0,0,0,0,0,0,0,0,0,0,0,0,0,0,0,0,0,0,0,0,0,0,0,0,0,0,0,2,2,0,0,0,0,0,0,0,0,0,0,3.2297474985642767,0.0,0.0,0.0,0.0,0.0,2.5465492541850745,benign,0.0,0.0,0.0,0.0,0.7984491479660817,0.6020622543493638,0.0,0.0,0.0,0.0,0.0,0.0,0.0,0.0,0.0,0.0,0.0,0.0,0.0,0.0
0,0,0,0,0,1,0,0,0,0,0,0,0,0,0,0,0,0,0,0,0,0,0,0,0,0,0,0,0,0,0,0,0,0,0,0,0,0,0,0,0,0,0,0,0,0,0,0,0,0,0,0,0,0,0,0,0,0.6931471805599453,,,,,,,benign,0.0,0.0,0.0,0.0,0.0,0.0,0.0,0.0,0.0,0.0,0.0,0.0,0.0,0.0,0.0,0.0,0.0,0.0,0.0,0.0
1,0,0,0,0,0,0,0,0,0,0,0,0,0,0,0,0,0,0,0,0,0,0,0,0,0,0,0,0,0,0,0,0,0,0,0,0,0,0,0,0,0,0,0,0,0,0,0,0,0,0,0,0,0,0,0,0,0.009950330853168,,,,,,,benign,0.0,0.0,0.0,0.0,0.0,0.0,0.0,0.0,0.0,0.0,0.0,0.0,0.0,0.0,0.0,0.0,0.0,0.0,0.0,0.0
7,0,0,2,0,2,0,0,0,0,0,0,0,0,0,0,0,0,0,0,0,0,0,0,0,0,0,0,0,0,0,0,0,0,0,0,0,0,0,0,0,0,0,0,0,2,2,0,0,0,0,0,0,0,0,0,0,3.2277132919182594,0.0,0.0,0.0,0.0,0.0,2.303831637608537,benign,0.0,0.0,0.0,0.0,0.7984491479660817,0.6020622543493638,0.0,0.0,0.0,0.0,0.0,0.0,0.0,0.0,0.0,0.0,0.0,0.0,0.0,0.0
0,0,0,2,0,2,0,0,0,0,0,0,0,0,0,0,0,0,0,0,0,0,0,0,0,0,0,0,0,0,0,0,0,0,0,0,0,0,0,0,0,0,0,0,0,2,1,0,0,0,0,0,0,0,0,0,0,3.056078768424663,0.0,0.0,0.0,0.0,0.0,2.4881812484379022,benign,0.0,0.0,0.0,0.0,0.7984491479660817,0.6020622543493638,0.0,0.0,0.0,0.0,0.0,0.0,0.0,0.0,0.0,0.0,0.0,0.0,0.0,0.0
0,0,0,2,0,2,0,0,0,0,0,0,0,0,0,0,0,0,0,0,0,0,0,0,0,0,0,0,0,0,0,0,0,0,0,0,0,0,0,0,0,0,0,0,0,2,2,0,0,0,0,0,0,0,0,0,0,3.2309534667516857,0.0,0.0,0.0,0.0,0.0,2.607543555770294,benign,0.0,0.0,0.0,0.0,0.7984491479660817,0.6020622543493638,0.0,0.0,0.0,0.0,0.0,0.0,0.0,0.0,0.0,0.0,0.0,0.0,0.0,0.0
1,0,0,2,0,2,0,0,0,0,0,0,0,0,0,0,0,0,0,0,0,0,0,0,0,0,0,0,0,0,0,0,0,0,0,0,0,0,0,0,0,0,0,0,0,2,2,0,0,0,0,0,0,0,0,0,0,3.2127155499146847,0.0,0.0,0.0,0.0,0.0,1.6729330318733675,benign,0.0,0.0,0.0,0.0,0.7984491479660817,0.6020622543493638,0.0,0.0,0.0,0.0,0.0,0.0,0.0,0.0,0.0,0.0,0.0,0.0,0.0,0.0
1,0,0,2,0,2,1,0,0,0,0,0,0,0,0,0,0,0,0,0,0,0,0,0,0,0,0,0,0,0,0,0,1,0,1,0,0,0,1,0,0,0,0,0,0,2,2,0,0,0,0,0,0,0,0,1,0,3.658548339944105,0.0,0.0,0.0,0.0,0.0,2.589940677888053,benign,0.0,0.0,0.0,0.0,0.7984491479660817,0.6020622543493638,0.0,0.0,0.0,0.0,0.0,0.0,0.0,0.0,0.0,0.0,0.0,0.0,0.0,0.0
0,0,0,2,0,2,0,0,0,0,0,0,0,0,0,0,0,0,0,0,0,0,0,0,0,0,0,0,0,0,0,0,0,0,0,0,0,0,0,0,0,0,0,0,0,2,1,0,0,0,0,0,0,0,0,0,0,3.0592911985263607,0.0,0.0,0.0,0.0,0.0,2.6248910285861875,benign,0.0,0.0,0.0,0.0,0.0,0.0,0.0,0.0,0.0,0.0,0.0,0.0,0.0,0.0,0.0,0.0,0.0,0.0,0.0,0.0
0,0,0,0,0,0,0,0,0,0,0,0,0,0,0,0,0,0,0,0,0,0,0,0,0,0,0,0,0,0,0,0,0,0,0,0,0,0,0,0,0,0,0,0,0,0,0,0,0,0,0,0,0,0,0,0,0,0.0,,,,,,,benign,0.0,0.0,0.0,0.0,0.0,0.0,0.0,0.0,0.0,0.0,0.0,0.0,0.0,0.0,0.0,0.0,0.0,0.0,0.0,0.0
0,0,0,2,0,2,0,0,0,0,0,0,0,0,0,0,0,0,0,0,0,0,0,0,0,0,0,0,0,0,0,0,0,0,0,0,0,0,0,0,0,0,0,0,0,2,2,0,0,0,0,0,0,0,0,0,0,3.2311423278424,0.0,0.0,0.0,0.0,0.0,2.617102254249279,benign,0.0,0.0,0.0,0.0,0.7984491479660817,0.6020622543493638,0.0,0.0,0.0,0.0,0.0,0.0,0.0,0.0,0.0,0.0,0.0,0.0,0.0,0.0
0,0,0,2,0,2,0,0,0,0,0,0,0,0,0,0,0,0,0,0,0,0,0,0,0,0,0,0,0,0,0,0,0,0,0,0,0,0,0,0,0,0,0,0,0,2,2,0,0,0,0,0,0,0,0,0,0,3.2198643775447437,0.0,0.0,0.0,0.0,0.0,2.049452072789394,benign,0.0,0.0,0.0,0.0,0.7984491479660817,0.6020622543493638,0.0,0.0,0.0,0.0,0.0,0.0,0.0,0.0,0.0,0.0,0.0,0.0,0.0,0.0
0,0,0,2,0,2,0,0,0,0,0,0,0,0,0,0,0,0,0,0,0,0,0,0,0,0,0,0,0,0,0,0,0,0,0,0,0,0,0,0,0,0,0,0,0,2,2,0,0,0,0,0,0,0,0,0,0,3.231200801314019,0.0,0.0,0.0,0.0,0.0,2.6200620984767373,benign,0.0,0.0,0.0,0.0,0.7984491479660817,0.6020622543493638,0.0,0.0,0.0,0.0,0.0,0.0,0.0,0.0,0.0,0.0,0.0,0.0,0.0,0.0
0,0,0,2,0,2,0,0,0,0,0,0,0,0,0,0,0,0,0,0,0,0,0,0,0,0,0,0,0,0,0,0,0,0,0,0,0,0,0,0,0,0,0,0,0,2,2,0,0,0,0,0,0,0,0,0,0,3.2294982451238736,0.0,0.0,0.0,0.0,0.0,2.5339519229122627,benign,0.0,0.0,0.0,0.0,0.7984491479660817,0.6020622543493638,0.0,0.0,0.0,0.0,0.0,0.0,0.0,0.0,0.0,0.0,0.0,0.0,0.0,0.0
0,0,0,2,0,2,0,0,0,0,0,0,0,0,0,0,0,0,0,0,0,0,0,0,0,0,0,0,0,0,0,0,0,0,0,0,0,0,0,0,0,0,0,0,0,2,2,0,0,0,0,0,0,0,0,0,0,3.215851397655844,0.0,0.0,0.0,0.0,0.0,1.8490070880144411,benign,0.0,0.0,0.0,0.0,0.7984491479660817,0.6020622543493638,0.0,0.0,0.0,0.0,0.0,0.0,0.0,0.0,0.0,0.0,0.0,0.0,0.0,0.0
1,0,0,0,0,0,0,0,0,0,0,0,0,0,0,0,0,0,0,0,0,0,0,0,0,0,0,0,0,0,0,0,0,0,0,0,0,0,0,0,0,0,0,0,0,0,0,0,0,0,0,0,0,0,0,0,0,0.009950330853168,,,,,,,benign,0.0,0.0,0.0,0.0,0.0,0.0,0.0,0.0,0.0,0.0,0.0,0.0,0.0,0.0,0.0,0.0,0.0,0.0,0.0,0.0
0,0,0,2,0,2,0,0,0,0,0,0,0,0,0,0,0,0,0,0,0,0,0,0,0,0,0,0,0,0,0,0,0,0,0,0,0,0,0,0,0,0,0,0,0,2,2,0,0,0,0,0,0,0,0,0,0,3.227440170302097,0.0,0.0,0.0,0.0,0.0,2.4300562180543115,benign,0.0,0.0,0.0,0.0,0.7984491479660817,0.6020622543493638,0.0,0.0,0.0,0.0,0.0,0.0,0.0,0.0,0.0,0.0,0.0,0.0,0.0,0.0
2,0,0,4,0,4,0,0,0,0,0,0,0,0,0,0,0,0,0,0,0,0,0,0,0,0,0,0,0,0,0,0,0,0,0,0,0,0,0,0,0,0,0,0,0,2,2,0,0,0,0,0,0,0,0,0,0,3.3804648883092554,0.0,0.0,0.0,0.0,0.0,2.728856831455938,benign,0.0,0.0,0.0,0.0,0.7984491479660817,0.6020622543493638,0.0,0.0,0.0,0.0,0.0,0.0,0.0,0.0,0.0,0.0,0.0,0.0,0.0,0.0
0,0,0,0,0,0,0,0,0,0,0,0,0,0,0,0,0,0,0,0,0,0,0,0,0,0,0,0,0,0,0,0,0,0,0,0,0,0,0,0,0,0,0,0,0,0,1,0,0,0,0,0,0,0,0,0,0,1.8001879351926722,0.0,0.0,0.0,0.0,0.0,2.1015690258342747,benign,0.0,0.0,0.0,0.0,0.0,0.0,0.0,0.0,0.0,0.0,0.0,0.0,0.0,0.0,0.0,0.0,0.0,0.0,0.0,0.0
2,0,0,2,0,2,0,0,0,0,0,0,0,0,0,0,0,0,0,0,0,0,0,0,0,0,0,0,0,0,0,0,0,0,0,0,0,0,0,0,0,0,0,0,0,2,0,0,0,0,0,0,0,0,0,0,0,2.773837941640213,,,,,,,benign,0.0,0.0,0.0,0.0,0.0,0.0,0.0,0.0,0.0,0.0,0.0,0.0,0.0,0.0,0.0,0.0,0.0,0.0,0.0,0.0
2,0,0,2,0,2,0,0,0,0,0,0,0,0,0,0,0,0,0,0,0,0,0,0,0,0,0,0,0,0,0,0,0,0,0,0,0,0,0,0,0,0,0,0,0,2,2,0,0,0,0,0,0,0,0,0,0,3.236905359949828,0.0,0.0,0.0,0.0,0.0,2.8696524180248906,benign,0.0,0.0,0.0,0.0,0.7984491479660817,0.6020622543493638,0.0,0.0,0.0,0.0,0.0,0.0,0.0,0.0,0.0,0.0,0.0,0.0,0.0,0.0
0,0,0,2,0,2,0,0,0,0,0,0,0,0,0,0,0,0,0,0,0,0,0,0,0,0,0,0,0,0,0,0,0,0,0,0,0,0,0,0,0,0,0,0,0,2,2,0,0,0,0,0,0,0,0,0,0,3.2215400225660225,0.0,0.0,0.0,0.0,0.0,2.133387491316597,benign,0.0,0.0,0.0,0.0,0.7984491479660817,0.6020622543493638,0.0,0.0,0.0,0.0,0.0,0.0,0.0,0.0,0.0,0.0,0.0,0.0,0.0,0.0
0,0,0,2,0,2,0,0,0,0,0,2,0,0,0,0,0,0,0,0,0,0,0,0,0,0,0,0,0,0,0,0,0,0,0,0,0,0,0,0,0,0,0,0,0,2,2,0,0,0,0,0,0,0,0,0,0,3.2327207362614034,0.0,0.0,0.0,0.0,0.0,2.65705980082497,benign,0.0,0.0,0.0,0.0,0.7984491479660817,0.6020622543493638,0.0,0.0,0.0,0.0,0.0,0.0,0.0,0.0,0.0,0.0,0.0,0.0,0.0,0.0
0,0,0,2,0,2,0,0,0,0,0,0,0,0,0,0,0,0,0,0,0,0,0,0,0,0,0,0,0,0,0,0,0,0,0,0,0,0,0,0,0,0,0,0,0,2,2,0,0,0,0,0,0,0,0,0,0,3.2311340921334293,0.0,0.0,0.0,0.0,0.0,2.616685388242796,benign,0.0,0.0,0.0,0.0,0.9357063656844298,0.3527798140733625,0.0,0.0,0.0,0.0,0.0,0.0,0.0,0.0,0.0,0.0,0.0,0.0,0.0,0.0
0,0,0,0,0,0,0,0,0,0,0,0,0,0,0,0,0,0,0,0,0,0,0,0,0,0,0,0,0,0,0,0,0,0,0,0,0,0,0,0,0,0,0,0,0,0,0,0,0,0,0,0,0,0,0,0,0,0.0,,,,,,,benign,0.0,0.0,0.0,0.0,1.0,0.0,0.0,0.0,0.0,0.0,0.0,0.0,0.0,0.0,0.0,0.0,0.0,0.0,0.0,0.0
0,0,0,0,0,0,0,0,0,0,0,0,0,0,0,0,0,0,0,0,0,0,0,0,0,0,0,0,0,0,0,0,0,0,0,0,0,0,0,0,0,0,0,0,0,0,1,0,0,0,0,0,0,0,0,0,0,1.794433268541895,0.0,0.0,0.0,0.0,0.0,2.032128525239341,benign,0.0,0.0,0.0,0.0,0.0,0.0,0.0,0.0,0.0,0.0,0.0,0.0,0.0,0.0,0.0,0.0,0.0,0.0,0.0,0.0
0,0,0,2,0,2,0,0,0,0,0,0,0,0,0,0,0,0,0,0,0,0,0,0,0,0,0,0,0,0,0,0,0,0,0,0,0,0,0,0,0,0,0,0,0,2,2,0,0,0,0,0,0,0,0,0,0,3.2215400225660225,0.0,0.0,0.0,0.0,0.0,2.133387491316597,benign,0.0,0.0,0.0,0.0,0.7984491479660817,0.6020622543493638,0.0,0.0,0.0,0.0,0.0,0.0,0.0,0.0,0.0,0.0,0.0,0.0,0.0,0.0
0,0,0,2,0,2,0,0,0,0,0,0,0,0,0,0,0,0,0,0,0,0,0,0,0,0,0,0,0,0,0,0,0,0,0,0,0,0,0,0,0,0,0,0,0,2,1,0,0,0,0,0,0,0,0,0,0,3.0547019519902885,0.0,0.0,0.0,0.0,0.0,2.4297230745502008,benign,0.0,0.0,0.0,0.0,0.7984491479660817,0.6020622543493638,0.0,0.0,0.0,0.0,0.0,0.0,0.0,0.0,0.0,0.0,0.0,0.0,0.0,0.0
0,0,0,2,0,2,0,0,0,0,0,0,0,0,0,0,0,0,0,0,0,0,0,0,0,0,0,0,0,0,0,0,0,0,0,0,0,0,0,0,0,0,0,0,0,2,1,0,0,0,0,0,0,0,0,0,0,3.052170828164994,0.0,0.0,0.0,0.0,0.0,2.3224639918491388,benign,0.0,0.0,0.0,0.0,0.7984491479660817,0.6020622543493638,0.0,0.0,0.0,0.0,0.0,0.0,0.0,0.0,0.0,0.0,0.0,0.0,0.0,0.0
1,0,0,0,0,0,0,0,0,0,0,0,0,0,0,0,0,0,0,0,0,0,0,0,0,0,0,0,0,0,0,0,0,0,0,0,0,0,0,0,0,0,0,0,0,0,0,0,0,0,0,0,0,0,0,0,0,0.009950330853168,,,,,,,benign,0.0,0.0,0.0,0.0,0.0,0.0,0.0,0.0,0.0,0.0,0.0,0.0,0.0,0.0,0.0,0.0,0.0,0.0,0.0,0.0
1,0,0,2,0,2,0,0,0,0,0,0,0,0,0,0,0,0,0,0,0,0,0,0,0,0,0,0,0,0,0,0,0,0,0,0,0,0,0,0,0,0,0,0,0,2,2,0,0,0,0,0,0,0,0,0,0,3.2127155499146847,0.0,0.0,0.0,0.0,0.0,1.6729330318733675,benign,0.0,0.0,0.0,0.0,0.7984491479660817,0.6020622543493638,0.0,0.0,0.0,0.0,0.0,0.0,0.0,0.0,0.0,0.0,0.0,0.0,0.0,0.0
0,0,0,2,0,2,0,0,1,0,0,0,0,0,0,0,0,0,0,0,0,0,0,0,0,0,0,0,0,0,0,0,0,0,0,0,0,0,0,0,0,0,0,0,0,2,4,0,0,0,0,0,0,0,0,0,0,3.5104788778268543,0.0,0.0,0.0,0.0,0.0,2.8285785071808767,benign,0.0,0.0,0.0,0.0,0.5526377991125979,0.8334215397936292,0.0,0.0,0.0,0.0,0.0,0.0,0.0,0.0,0.0,0.0,0.0,0.0,0.0,0.0
0,0,0,0,0,0,0,0,1,0,0,0,0,0,0,0,0,0,0,0,0,0,0,0,0,0,0,0,0,0,0,0,0,0,0,0,0,0,0,0,0,0,0,0,0,0,2,0,0,0,0,0,0,0,0,0,0,2.3274687740268183,0.0,0.0,0.0,0.0,0.0,2.403917277291339,benign,0.0,0.0,0.0,0.0,0.0,1.0,0.0,0.0,0.0,0.0,0.0,0.0,0.0,0.0,0.0,0.0,0.0,0.0,0.0,0.0
0,0,0,0,0,0,0,0,0,0,0,0,0,0,0,0,0,0,0,0,0,0,0,0,0,0,0,0,0,0,0,0,0,0,0,0,0,0,0,0,0,0,0,0,0,0,1,0,0,0,0,0,0,0,0,0,0,1.7817061829263552,0.0,0.0,0.0,0.0,0.0,1.879964948727111,benign,0.0,0.0,0.0,0.0,0.0,0.0,0.0,0.0,0.0,0.0,0.0,0.0,0.0,0.0,0.0,0.0,0.0,0.0,0.0,0.0
0,0,0,2,0,2,0,0,1,0,0,0,0,0,0,0,0,0,0,0,0,0,0,0,0,0,0,0,0,0,0,0,0,0,0,0,0,0,0,0,0,0,0,0,0,2,4,0,0,0,0,0,0,0,0,0,0,3.512713491250411,0.0,0.0,0.0,0.0,0.0,2.9783052355061077,benign,0.0,0.0,0.0,0.0,0.5526377991125979,0.8334215397936292,0.0,0.0,0.0,0.0,0.0,0.0,0.0,0.0,0.0,0.0,0.0,0.0,0.0,0.0
0,0,0,0,0,0,0,0,1,0,0,0,0,0,0,0,0,0,0,0,0,0,0,0,0,0,0,0,0,0,0,0,0,0,0,0,0,0,0,0,0,0,0,0,0,0,2,0,0,0,0,0,0,0,0,0,0,2.3274687740268183,0.0,0.0,0.0,0.0,0.0,2.403917277291339,benign,0.0,0.0,0.0,0.0,0.0,1.0,0.0,0.0,0.0,0.0,0.0,0.0,0.0,0.0,0.0,0.0,0.0,0.0,0.0,0.0
0,0,0,0,0,0,0,0,0,0,0,0,0,0,0,0,0,0,0,0,0,0,0,0,0,0,0,0,0,0,0,0,0,0,0,0,0,0,0,0,0,0,0,0,0,0,1,0,0,0,0,0,0,0,0,0,0,1.7817061829263552,0.0,0.0,0.0,0.0,0.0,1.879964948727111,benign,0.0,0.0,0.0,0.0,0.0,0.0,0.0,0.0,0.0,0.0,0.0,0.0,0.0,0.0,0.0,0.0,0.0,0.0,0.0,0.0
0,0,0,2,0,2,0,0,0,0,0,0,0,0,0,0,0,0,0,0,0,0,0,0,0,0,0,0,0,0,0,0,0,0,0,0,0,0,0,0,0,0,0,0,0,2,2,0,0,0,0,0,0,0,0,0,0,3.223728542902953,0.0,0.0,0.0,0.0,0.0,2.2432255770024763,benign,0.0,0.0,0.0,0.0,0.7984491479660817,0.6020622543493638,0.0,0.0,0.0,0.0,0.0,0.0,0.0,0.0,0.0,0.0,0.0,0.0,0.0,0.0
0,0,0,2,0,3,0,0,0,0,0,0,0,0,0,0,0,0,0,0,0,0,0,0,0,0,0,0,0,0,0,0,0,0,0,0,0,0,0,0,0,0,0,0,0,2,2,0,0,0,0,0,0,0,0,0,0,3.2663700844185137,0.0,0.0,0.0,0.0,0.0,2.4320090718903087,benign,0.0,0.0,0.0,0.0,0.7984491479660817,0.6020622543493638,0.0,0.0,0.0,0.0,0.0,0.0,0.0,0.0,0.0,0.0,0.0,0.0,0.0,0.0
0,0,0,2,0,2,0,0,0,0,0,0,0,0,0,0,0,0,0,0,0,0,0,0,0,0,0,0,0,0,0,0,0,0,0,0,0,0,0,0,0,0,0,0,0,2,1,0,0,0,0,0,0,0,0,0,0,3.058666360704167,0.0,0.0,0.0,0.0,0.0,2.5982657036259327,benign,0.0,0.0,0.0,0.0,0.7984491479660817,0.6020622543493638,0.0,0.0,0.0,0.0,0.0,0.0,0.0,0.0,0.0,0.0,0.0,0.0,0.0,0.0
2,0,0,4,0,4,0,0,0,0,0,0,0,0,0,0,0,0,0,0,0,0,0,0,0,0,0,0,0,0,0,0,0,0,0,0,0,0,0,0,0,0,0,0,0,2,2,0,0,0,0,0,0,0,0,0,0,3.3800908444058684,0.0,0.0,0.0,0.0,0.0,2.706878809477916,benign,0.0,0.0,0.0,0.0,0.7984491479660817,0.6020622543493638,0.0,0.0,0.0,0.0,0.0,0.0,0.0,0.0,0.0,0.0,0.0,0.0,0.0,0.0
0,0,0,0,0,0,0,0,0,0,0,0,0,0,0,0,0,0,0,0,0,0,0,0,0,0,0,0,0,0,0,0,0,0,0,0,0,0,0,0,0,0,0,0,0,0,1,0,0,0,0,0,0,0,0,0,0,1.8001879351926722,0.0,0.0,0.0,0.0,0.0,2.1015690258342747,benign,0.0,0.0,0.0,0.0,0.0,0.0,0.0,0.0,0.0,0.0,0.0,0.0,0.0,0.0,0.0,0.0,0.0,0.0,0.0,0.0
2,0,0,2,0,2,0,0,0,0,0,0,0,0,0,0,0,0,0,0,0,0,0,0,0,0,0,0,0,0,0,0,0,0,0,0,0,0,0,0,0,0,0,0,0,2,0,0,0,0,0,0,0,0,0,0,0,2.773837941640213,,,,,,,benign,0.0,0.0,0.0,0.0,0.0,0.0,0.0,0.0,0.0,0.0,0.0,0.0,0.0,0.0,0.0,0.0,0.0,0.0,0.0,0.0
1,0,0,2,0,2,1,0,0,0,0,0,0,0,0,0,0,0,0,0,0,0,0,0,0,0,0,0,0,0,0,0,1,0,1,0,0,0,1,0,0,0,0,0,0,2,2,0,0,0,0,0,0,0,0,1,0,3.6564818107581303,0.0,0.0,0.0,0.0,0.0,2.4297230745502008,benign,0.0,0.0,0.61116560565002,0.0,0.6319746959532976,0.47653392968935737,0.0,0.0,0.0,0.0,0.0,0.0,0.0,0.0,0.0,0.0,0.0,0.0,0.0,0.0
1,0,0,0,0,0,0,0,8,0,0,0,0,0,0,0,0,0,0,0,0,1,0,0,0,0,0,0,0,0,0,0,0,0,0,0,0,0,0,0,0,0,0,0,0,0,5,0,0,0,0,0,0,0,0,0,0,3.3633470020643514,0.0,0.0,0.0,0.0,0.0,2.9514195898955555,benign,0.0,0.0,0.33203464348010703,0.41129833540102056,0.0,0.25889181588073057,0.0,0.0,0.4075860072926511,0.41129833540102056,0.0,0.0,0.0,0.0,0.0,0.41129833540102056,0.0,0.0,0.0,0.3861381977314597
0,0,0,0,0,0,0,0,0,0,0,0,0,0,0,0,0,0,0,0,0,0,0,0,0,0,0,0,0,0,0,0,0,0,0,0,0,0,0,0,0,0,0,0,0,0,1,0,0,0,0,0,0,0,0,0,0,1.868058222419032,0.0,0.0,0.0,0.0,0.0,2.9514195898955555,benign,0.0,0.0,0.0,0.4360358749709731,0.0,0.27446286489419697,0.0,0.0,0.4321002688778097,0.4360358749709731,0.0,0.0,0.0,0.0,0.0,0.4360358749709731,0.0,0.0,0.0,0.409362480748649
0,0,0,0,0,0,0,0,0,0,0,0,0,0,0,0,0,0,0,0,0,0,0,0,0,0,0,0,0,0,0,0,0,0,0,0,0,0,0,0,0,0,0,0,0,0,1,0,0,0,0,0,0,0,0,0,0,1.868058222419032,0.0,0.0,0.0,0.0,0.0,2.9514195898955555,benign,0.0,0.0,0.0,0.4360358749709731,0.0,0.27446286489419697,0.0,0.0,0.4321002688778097,0.4360358749709731,0.0,0.0,0.0,0.0,0.0,0.4360358749709731,0.0,0.0,0.0,0.409362480748649
0,0,0,0,0,0,0,0,0,0,0,0,0,0,0,0,0,0,0,0,0,0,0,0,0,0,0,0,0,0,0,0,0,0,0,0,0,0,0,0,0,0,0,0,0,0,1,0,0,0,0,0,0,0,0,0,0,1.868058222419032,0.0,0.0,0.0,0.0,0.0,2.9514195898955555,benign,0.0,0.0,0.0,0.4360358749709731,0.0,0.27446286489419697,0.0,0.0,0.4321002688778097,0.4360358749709731,0.0,0.0,0.0,0.0,0.0,0.4360358749709731,0.0,0.0,0.0,0.409362480748649
0,0,0,0,0,0,0,0,0,0,0,0,0,0,0,0,0,0,0,0,0,0,0,0,0,0,0,0,0,0,0,0,0,0,0,0,0,0,0,0,0,0,0,0,0,0,0,0,0,0,0,0,0,0,0,0,0,0.0,,,,,,,benign,0.0,0.0,0.0,0.0,0.0,0.0,0.0,0.0,0.0,0.0,0.0,0.0,0.0,0.0,0.0,0.0,0.0,0.0,0.0,0.0
0,0,0,2,0,2,0,0,0,0,0,0,0,0,0,0,0,0,0,0,0,0,0,0,0,0,0,0,0,0,0,0,0,0,0,0,0,0,0,0,0,0,0,0,0,2,2,0,0,0,0,0,0,0,0,0,0,3.225878993256309,0.0,0.0,0.0,0.0,0.0,2.3513873958267637,benign,0.0,0.0,0.0,0.0,0.7984491479660817,0.6020622543493638,0.0,0.0,0.0,0.0,0.0,0.0,0.0,0.0,0.0,0.0,0.0,0.0,0.0,0.0
1,0,0,2,0,2,0,0,0,0,0,0,0,0,0,0,0,0,0,0,0,0,0,0,0,0,0,0,0,0,0,0,0,0,0,0,0,0,0,0,0,0,0,0,0,2,2,0,0,0,0,0,0,0,0,0,0,3.1974130553128344,0.0,0.0,0.0,0.0,0.0,0.9182958340544896,benign,0.0,0.0,0.0,0.0,0.7984491479660817,0.6020622543493638,0.0,0.0,0.0,0.0,0.0,0.0,0.0,0.0,0.0,0.0,0.0,0.0,0.0,0.0
0,0,0,2,0,2,0,0,0,0,0,0,0,0,0,0,0,0,0,0,0,0,0,0,0,0,0,0,0,0,0,0,0,0,0,0,0,0,0,0,0,0,0,0,0,2,2,0,0,0,0,0,0,0,0,0,0,3.2164722375396773,0.0,0.0,0.0,0.0,0.0,1.879964948727111,benign,0.0,0.0,0.0,0.0,0.7984491479660817,0.6020622543493638,0.0,0.0,0.0,0.0,0.0,0.0,0.0,0.0,0.0,0.0,0.0,0.0,0.0,0.0
0,0,0,2,0,2,0,0,0,0,0,0,0,0,0,0,0,0,0,0,0,0,0,0,0,0,0,0,0,0,0,0,0,0,0,0,0,0,0,0,0,0,0,0,0,2,2,0,0,0,0,0,0,0,0,0,0,3.2301064685081027,0.0,0.0,0.0,0.0,0.0,2.564697203220696,benign,0.0,0.0,0.0,0.0,0.7984491479660817,0.6020622543493638,0.0,0.0,0.0,0.0,0.0,0.0,0.0,0.0,0.0,0.0,0.0,0.0,0.0,0.0
0,0,1,2,0,2,0,0,0,0,1,0,0,0,0,0,0,0,0,0,0,0,0,0,0,0,0,0,0,0,0,0,0,0,0,0,0,0,0,0,0,0,0,0,0,2,2,0,0,0,0,0,0,0,0,0,0,3.445368415104786,0.0,0.0,0.0,0.0,0.0,2.609665826186049,benign,0.0,0.0,0.0,0.0,0.7984491479660817,0.6020622543493638,0.0,0.0,0.0,0.0,0.0,0.0,0.0,0.0,0.0,0.0,0.0,0.0,0.0,0.0
0,0,0,2,0,2,0,0,0,0,0,0,0,0,0,0,0,0,0,0,0,0,0,0,0,0,0,0,0,0,0,0,0,0,0,0,0,0,0,0,0,0,0,0,0,2,2,0,0,0,0,0,0,0,0,0,0,3.234450243514028,0.0,0.0,0.0,0.0,0.0,2.784816599572358,benign,0.0,0.0,0.0,0.0,0.7984491479660817,0.6020622543493638,0.0,0.0,0.0,0.0,0.0,0.0,0.0,0.0,0.0,0.0,0.0,0.0,0.0,0.0
0,0,0,2,0,2,0,0,0,0,0,0,0,0,0,0,0,0,0,0,0,0,0,0,0,0,0,0,0,0,0,0,0,0,0,0,0,0,0,0,0,0,0,0,0,2,2,0,0,0,0,0,0,0,0,0,0,3.228355445003116,0.0,0.0,0.0,0.0,0.0,2.476234702457177,benign,0.0,0.0,0.0,0.0,0.5193502743602245,0.3916106589565302,0.7595501196850618,0.0,0.0,0.0,0.0,0.0,0.0,0.0,0.0,0.0,0.0,0.0,0.0,0.0
1,0,0,2,0,2,0,0,0,0,0,0,0,0,0,0,0,0,0,0,0,0,0,0,0,0,0,0,0,0,0,0,0,0,0,0,0,0,0,0,0,0,0,0,0,2,2,0,0,0,0,0,0,0,0,0,0,3.223042872011099,0.0,0.0,0.0,0.0,0.0,2.1887870678023824,benign,0.0,0.0,0.0,0.0,0.7984491479660817,0.6020622543493638,0.0,0.0,0.0,0.0,0.0,0.0,0.0,0.0,0.0,0.0,0.0,0.0,0.0,0.0
0,0,0,2,0,2,0,0,0,0,0,0,0,0,0,0,0,0,0,0,0,0,0,0,0,0,0,0,0,0,0,0,0,0,0,0,0,0,0,0,0,0,0,0,0,2,2,0,0,0,0,0,0,0,0,0,0,3.2257779229811763,0.0,0.0,0.0,0.0,0.0,2.346298624415442,benign,0.0,0.0,0.0,0.0,0.7984491479660817,0.6020622543493638,0.0,0.0,0.0,0.0,0.0,0.0,0.0,0.0,0.0,0.0,0.0,0.0,0.0,0.0
0,0,0,2,0,2,0,0,0,0,0,0,0,0,0,0,0,0,0,0,0,0,0,0,0,0,0,0,0,0,0,0,0,0,0,0,0,0,0,0,0,0,0,0,0,2,2,0,0,0,0,0,0,0,0,0,0,3.215851397655844,0.0,0.0,0.0,0.0,0.0,1.8490070880144411,benign,0.0,0.0,0.0,0.0,0.7984491479660817,0.6020622543493638,0.0,0.0,0.0,0.0,0.0,0.0,0.0,0.0,0.0,0.0,0.0,0.0,0.0,0.0
0,0,0,2,0,2,0,0,0,0,0,0,0,0,0,0,0,0,0,0,0,0,0,0,0,0,0,0,0,0,0,0,0,0,0,0,0,0,0,0,0,0,0,0,0,2,1,0,0,0,0,0,0,0,0,0,0,3.066228949387762,0.0,0.0,0.0,0.0,0.0,2.921640098324864,benign,0.0,0.0,0.0,0.0,0.7984491479660817,0.6020622543493638,0.0,0.0,0.0,0.0,0.0,0.0,0.0,0.0,0.0,0.0,0.0,0.0,0.0,0.0
1,0,0,2,0,2,0,0,0,0,0,0,0,0,0,0,0,0,0,0,0,0,0,0,0,0,0,0,0,0,0,0,0,0,0,0,0,0,0,0,0,0,0,0,0,2,2,0,0,0,0,0,0,0,0,0,0,3.213104640889833,0.0,0.0,0.0,0.0,0.0,1.6922718656836104,benign,0.0,0.0,0.0,0.0,0.7984491479660817,0.6020622543493638,0.0,0.0,0.0,0.0,0.0,0.0,0.0,0.0,0.0,0.0,0.0,0.0,0.0,0.0
0,0,0,2,0,2,0,0,0,0,0,0,0,0,0,0,0,0,0,0,0,0,0,0,0,0,0,0,0,0,0,0,0,0,0,0,0,0,0,0,0,0,0,0,0,2,1,0,0,0,0,0,0,0,0,0,0,3.0587411584721464,0.0,0.0,0.0,0.0,0.0,2.601452077985717,benign,0.0,0.0,0.0,0.0,0.7984491479660817,0.6020622543493638,0.0,0.0,0.0,0.0,0.0,0.0,0.0,0.0,0.0,0.0,0.0,0.0,0.0,0.0
0,0,0,2,0,2,0,0,0,0,0,0,0,0,0,0,0,0,0,0,0,0,0,0,0,0,0,0,0,0,0,0,0,0,0,0,0,0,0,0,0,0,0,0,0,2,1,0,0,0,0,0,0,0,0,0,0,3.0631831392466244,0.0,0.0,0.0,0.0,0.0,2.791107820818295,benign,0.0,0.0,0.0,0.0,0.7984491479660817,0.6020622543493638,0.0,0.0,0.0,0.0,0.0,0.0,0.0,0.0,0.0,0.0,0.0,0.0,0.0,0.0
2,0,0,2,0,2,0,0,0,0,0,0,0,0,0,0,0,0,0,0,0,1,0,0,0,0,0,0,0,0,0,0,0,0,0,0,0,0,0,0,0,0,0,0,0,2,4,0,0,0,0,0,0,0,0,0,0,3.669566262760868,0.0,0.0,0.0,0.0,0.0,2.429769077366675,benign,0.0,0.0,0.0,0.0,0.5193502743602245,0.3916106589565302,0.7595501196850618,0.0,0.0,0.0,0.0,0.0,0.0,0.0,0.0,0.0,0.0,0.0,0.0,0.0
0,0,0,2,0,2,0,0,0,0,0,0,0,0,0,0,0,0,0,0,0,0,0,0,0,0,0,0,0,0,0,0,0,0,0,0,0,0,0,0,0,0,0,0,0,2,2,0,0,0,0,0,0,0,0,0,0,3.2325234418298763,0.0,0.0,0.0,0.0,0.0,2.6870585398604416,benign,0.0,0.0,0.0,0.0,0.7984491479660817,0.6020622543493638,0.0,0.0,0.0,0.0,0.0,0.0,0.0,0.0,0.0,0.0,0.0,0.0,0.0,0.0
1,0,0,0,0,0,0,0,0,0,0,0,0,0,0,0,0,0,0,0,0,0,0,0,0,0,0,0,0,0,0,0,0,0,0,0,0,0,0,0,0,0,0,0,0,0,0,0,0,0,0,0,0,0,0,0,0,0.009950330853168,,,,,,,benign,0.0,0.0,0.0,0.0,0.0,0.0,0.0,0.0,0.0,0.0,0.0,0.0,0.0,0.0,0.0,0.0,0.0,0.0,0.0,0.0
0,0,0,2,0,2,0,0,0,0,0,0,0,0,0,0,0,0,0,0,0,0,0,0,0,0,0,0,0,0,0,0,0,0,0,0,0,0,0,0,0,0,0,0,0,2,3,0,0,0,0,0,0,0,0,0,0,3.372485651045346,0.0,0.0,0.0,0.0,0.0,2.3017920674499868,benign,0.0,0.0,0.0,0.0,0.7984491479660817,0.6020622543493638,0.0,0.0,0.0,0.0,0.0,0.0,0.0,0.0,0.0,0.0,0.0,0.0,0.0,0.0
0,0,0,0,0,0,0,0,0,0,0,0,0,0,0,0,0,0,0,0,0,0,0,0,0,0,0,0,0,0,0,0,0,0,0,0,0,0,0,0,0,0,0,0,0,0,1,0,0,0,0,0,0,0,0,0,0,1.7379147292006898,0.0,0.0,0.0,0.0,0.0,1.3709505944546687,benign,0.0,0.0,0.0,0.0,0.0,0.0,0.0,0.0,0.0,0.0,0.0,0.0,0.0,0.0,0.0,0.0,0.0,0.0,0.0,0.0
0,0,0,0,0,0,0,0,0,0,0,0,0,0,0,0,0,0,0,0,0,0,0,0,0,0,0,0,0,0,0,0,0,0,0,0,0,0,0,0,0,0,0,0,0,0,1,0,0,0,0,0,0,0,0,0,0,1.7641255650833616,0.0,0.0,0.0,0.0,0.0,1.6729330318733675,benign,0.0,0.0,0.0,0.0,0.0,0.0,0.0,0.0,0.0,0.0,0.0,0.0,0.0,0.0,0.0,0.0,0.0,0.0,0.0,0.0
1,0,0,2,0,2,1,0,0,0,0,0,0,0,0,0,0,0,0,0,0,0,0,0,0,0,0,0,0,0,0,0,1,0,1,0,0,0,1,0,0,0,0,0,0,2,2,0,0,0,0,0,0,0,0,1,0,3.659368168832783,0.0,0.0,0.0,0.0,0.0,2.65359363800698,benign,0.0,0.0,0.0,0.0,0.7984491479660817,0.6020622543493638,0.0,0.0,0.0,0.0,0.0,0.0,0.0,0.0,0.0,0.0,0.0,0.0,0.0,0.0
0,0,0,2,0,2,0,0,0,0,0,0,0,0,0,0,0,0,0,0,0,0,0,0,0,0,0,0,0,0,0,0,0,0,0,0,0,0,0,0,0,0,0,0,0,2,1,0,0,0,0,0,0,0,0,0,0,3.059946796134449,0.0,0.0,0.0,0.0,0.0,2.6528449674560703,benign,0.0,0.0,0.0,0.0,0.0,0.0,0.0,0.0,0.0,0.0,0.0,0.0,0.0,0.0,0.0,0.0,0.0,0.0,0.0,0.0
0,0,0,0,0,0,0,0,0,0,0,0,0,0,0,0,0,0,0,0,0,0,0,0,0,0,0,0,0,0,0,0,0,0,0,0,0,0,0,0,0,0,0,0,0,0,0,0,0,0,0,0,0,0,0,0,0,0.0,,,,,,,benign,0.0,0.0,0.0,0.0,0.0,0.0,0.0,0.0,0.0,0.0,0.0,0.0,0.0,0.0,0.0,0.0,0.0,0.0,0.0,0.0
0,0,0,2,0,2,0,0,0,0,0,0,0,0,0,0,0,0,0,0,0,0,0,0,0,0,0,0,0,0,0,0,0,0,0,0,0,0,0,0,0,0,0,0,0,2,4,0,0,0,0,0,0,0,0,0,0,3.5031826702452435,0.0,0.0,0.0,0.0,0.0,2.442030840069936,benign,0.0,0.0,0.0,0.0,0.7984491479660817,0.6020622543493638,0.0,0.0,0.0,0.0,0.0,0.0,0.0,0.0,0.0,0.0,0.0,0.0,0.0,0.0
0,0,0,0,0,0,0,0,0,0,0,0,0,0,0,0,0,0,0,0,0,0,0,0,0,0,0,0,0,0,0,0,0,0,0,0,0,0,0,0,0,0,0,0,0,0,1,0,0,0,0,0,0,0,0,0,0,1.7790968934696378,0.0,0.0,0.0,0.0,0.0,1.8490070880144411,benign,0.0,0.0,0.0,0.0,0.0,0.0,0.0,0.0,0.0,0.0,0.0,0.0,0.0,0.0,0.0,0.0,0.0,0.0,0.0,0.0
0,0,0,0,0,0,0,0,0,0,0,0,0,0,0,0,0,0,0,0,0,0,0,0,0,0,0,0,0,0,0,0,0,0,0,0,0,0,0,0,0,0,0,0,0,0,1,0,0,0,0,0,0,0,0,0,0,1.793070312405364,0.0,0.0,0.0,0.0,0.0,2.015740432493068,benign,0.0,0.0,0.0,0.0,0.0,0.0,0.0,0.0,0.0,0.0,0.0,0.0,0.0,0.0,0.0,0.0,0.0,0.0,0.0,0.0
0,0,0,0,0,0,0,0,0,0,0,0,0,0,0,0,0,0,0,0,0,0,0,0,0,0,0,0,0,0,0,0,0,0,0,0,0,0,0,0,0,0,0,0,0,0,1,0,0,0,0,0,0,0,0,0,0,1.8001879351926722,0.0,0.0,0.0,0.0,0.0,2.1015690258342747,benign,0.0,0.0,0.0,0.0,0.0,0.0,0.0,0.0,0.0,0.0,0.0,0.0,0.0,0.0,0.0,0.0,0.0,0.0,0.0,0.0
0,0,0,2,0,2,0,0,0,0,0,0,0,0,0,0,0,0,0,0,0,0,0,0,0,0,0,0,0,0,0,0,0,0,0,0,0,0,0,0,0,0,0,0,0,2,2,0,0,0,0,0,0,0,0,0,0,3.231712928778216,0.0,0.0,0.0,0.0,0.0,2.64599266182679,benign,0.0,0.0,0.0,0.0,0.5794952261019019,0.43696233266746043,0.0,0.0,0.6879311032035965,0.0,0.0,0.0,0.0,0.0,0.0,0.0,0.0,0.0,0.0,0.0
0,0,0,2,0,2,0,0,0,0,0,2,0,0,0,0,0,0,0,0,0,0,0,0,0,0,0,0,0,0,0,0,0,0,0,0,0,0,0,0,0,0,0,0,0,2,2,0,0,0,0,0,0,0,0,0,0,3.229708735476608,0.0,0.0,0.0,0.0,0.0,2.5045899518395114,benign,0.0,0.0,0.0,0.0,0.7984491479660817,0.6020622543493638,0.0,0.0,0.0,0.0,0.0,0.0,0.0,0.0,0.0,0.0,0.0,0.0,0.0,0.0
0,0,0,2,0,2,0,0,0,0,0,0,0,0,0,0,0,0,0,0,0,0,0,0,0,0,0,0,0,0,0,0,0,0,0,0,0,0,0,0,0,0,0,0,0,2,2,0,0,0,0,0,0,0,0,0,0,3.2278314299003923,0.0,0.0,0.0,0.0,0.0,2.4497913221148813,benign,0.0,0.0,0.0,0.0,0.7984491479660817,0.6020622543493638,0.0,0.0,0.0,0.0,0.0,0.0,0.0,0.0,0.0,0.0,0.0,0.0,0.0,0.0
0,0,0,2,0,2,0,0,0,0,0,0,0,0,0,0,0,0,0,0,0,0,0,0,0,0,0,0,0,0,0,0,0,0,0,0,0,0,0,0,0,0,0,0,0,2,2,0,0,0,0,0,0,0,0,0,0,3.223059612581807,0.0,0.0,0.0,0.0,0.0,2.209627598587938,benign,0.0,0.0,0.0,0.0,0.7984491479660817,0.6020622543493638,0.0,0.0,0.0,0.0,0.0,0.0,0.0,0.0,0.0,0.0,0.0,0.0,0.0,0.0
0,0,0,2,0,2,0,0,0,0,0,0,0,0,0,0,0,0,0,0,0,0,0,0,0,0,0,0,0,0,0,0,0,0,0,0,0,0,0,0,0,0,0,0,0,2,2,0,0,0,0,0,0,0,0,0,0,3.2198643775447437,0.0,0.0,0.0,0.0,0.0,2.049452072789394,benign,0.0,0.0,0.0,0.0,0.7984491479660817,0.6020622543493638,0.0,0.0,0.0,0.0,0.0,0.0,0.0,0.0,0.0,0.0,0.0,0.0,0.0,0.0
0,0,0,2,0,2,0,0,0,0,0,0,0,0,0,0,0,0,0,0,0,0,0,0,0,0,0,0,0,0,0,0,0,0,0,0,0,0,0,0,0,0,0,0,0,2,2,0,0,0,0,0,0,0,0,0,0,3.223371202155266,0.0,0.0,0.0,0.0,0.0,2.2252748326658103,benign,0.0,0.0,0.0,0.0,0.7984491479660817,0.6020622543493638,0.0,0.0,0.0,0.0,0.0,0.0,0.0,0.0,0.0,0.0,0.0,0.0,0.0,0.0
0,0,0,2,0,2,0,0,0,0,0,0,0,0,0,0,0,0,0,0,0,0,0,0,0,0,0,0,0,0,0,0,0,0,0,0,0,0,0,0,0,0,0,0,0,2,1,0,0,0,0,0,0,0,0,0,0,3.056279423889832,0.0,0.0,0.0,0.0,0.0,2.496707589610338,benign,0.0,0.0,0.0,0.0,0.7984491479660817,0.6020622543493638,0.0,0.0,0.0,0.0,0.0,0.0,0.0,0.0,0.0,0.0,0.0,0.0,0.0,0.0
1,0,0,2,0,2,1,0,0,0,0,0,0,0,0,0,0,0,0,0,0,0,0,0,0,0,0,0,0,0,0,0,1,0,1,0,0,0,1,0,0,0,0,0,0,2,2,0,0,0,0,0,0,0,0,1,0,3.658997684607016,0.0,0.0,0.0,0.0,0.0,2.624822126830004,benign,0.0,0.0,0.0,0.0,0.7984491479660817,0.6020622543493638,0.0,0.0,0.0,0.0,0.0,0.0,0.0,0.0,0.0,0.0,0.0,0.0,0.0,0.0
0,0,0,0,0,0,0,0,0,0,0,2,0,0,0,0,0,0,0,0,0,0,0,0,0,0,0,0,0,0,0,0,0,0,0,0,0,0,0,0,0,0,0,0,0,0,1,0,0,0,0,0,0,0,0,0,0,1.8373011916973685,0.0,0.0,0.0,0.0,0.0,2.519136042604431,benign,0.0,0.0,0.0,0.0,0.0,0.0,0.0,0.0,0.0,0.0,0.0,0.0,0.0,0.0,0.0,0.0,0.0,0.0,0.0,0.0
0,0,0,0,0,0,0,0,0,0,0,0,0,0,0,0,0,0,0,0,0,0,0,0,0,0,0,0,0,0,0,0,0,0,0,0,0,0,0,0,0,0,0,0,0,0,0,0,0,0,0,0,0,0,0,0,0,0.0,,,,,,,benign,0.0,0.0,0.0,0.0,0.0,0.0,0.0,0.0,0.0,0.0,0.0,0.0,0.0,0.0,0.0,0.0,0.0,0.0,0.0,0.0
0,0,0,2,0,2,0,0,0,0,0,0,0,0,0,0,0,0,0,0,0,0,0,0,0,0,0,0,0,0,0,0,0,0,0,0,0,0,0,0,0,0,0,0,0,2,1,0,0,0,0,0,0,0,0,0,0,3.0668671279501987,0.0,0.0,0.0,0.0,0.0,2.949040511148323,benign,0.0,0.0,0.0,0.0,0.7984491479660817,0.6020622543493638,0.0,0.0,0.0,0.0,0.0,0.0,0.0,0.0,0.0,0.0,0.0,0.0,0.0,0.0
0,0,0,0,0,0,0,0,0,0,0,0,0,0,0,0,0,0,0,0,0,0,0,0,0,0,0,0,0,0,0,0,0,0,0,0,0,0,0,0,0,0,0,0,0,0,0,0,0,0,0,0,0,0,0,0,0,0.0,,,,,,,benign,0.0,0.0,0.0,0.0,1.0,0.0,0.0,0.0,0.0,0.0,0.0,0.0,0.0,0.0,0.0,0.0,0.0,0.0,0.0,0.0
1,0,0,2,0,2,0,0,0,0,0,0,0,0,0,0,0,0,0,0,0,0,0,0,0,0,0,0,0,0,0,0,0,0,0,0,0,0,0,0,0,0,0,0,0,2,2,0,0,0,0,0,0,0,0,0,0,3.223042872011099,0.0,0.0,0.0,0.0,0.0,2.1887870678023824,benign,0.0,0.0,0.0,0.0,0.7984491479660817,0.6020622543493638,0.0,0.0,0.0,0.0,0.0,0.0,0.0,0.0,0.0,0.0,0.0,0.0,0.0,0.0
2,0,0,4,0,4,0,0,0,0,0,0,0,0,0,0,0,0,0,0,0,0,0,0,0,0,0,0,0,0,0,0,0,0,0,0,0,0,0,0,0,0,0,0,0,4,1,0,0,0,0,0,0,0,0,0,0,3.375067831438304,0.0,0.0,0.0,0.0,0.0,2.412532347341446,benign,0.0,0.0,0.0,0.0,0.7984491479660817,0.6020622543493638,0.0,0.0,0.0,0.0,0.0,0.0,0.0,0.0,0.0,0.0,0.0,0.0,0.0,0.0
0,0,0,2,0,2,0,0,0,0,0,0,0,0,0,0,0,0,0,0,0,0,0,0,0,0,0,0,0,0,0,0,0,0,0,0,0,0,0,0,0,0,0,0,0,2,2,0,0,0,0,0,0,0,0,0,0,3.2314135558130554,0.0,0.0,0.0,0.0,0.0,2.63083289015625,benign,0.0,0.0,0.0,0.0,0.7984491479660817,0.6020622543493638,0.0,0.0,0.0,0.0,0.0,0.0,0.0,0.0,0.0,0.0,0.0,0.0,0.0,0.0
1,0,0,2,0,2,0,0,0,0,0,0,0,0,0,0,0,0,0,0,0,0,0,0,0,0,0,0,0,0,0,0,0,0,0,0,0,0,0,0,0,0,0,0,0,2,2,0,0,0,0,0,0,0,0,0,0,3.213104640889833,0.0,0.0,0.0,0.0,0.0,1.6922718656836104,benign,0.0,0.0,0.0,0.0,0.7984491479660817,0.6020622543493638,0.0,0.0,0.0,0.0,0.0,0.0,0.0,0.0,0.0,0.0,0.0,0.0,0.0,0.0
0,0,0,2,0,2,0,0,0,0,0,0,0,0,0,0,0,0,0,0,0,0,0,0,0,0,0,0,0,0,0,0,0,0,0,0,0,0,0,0,0,0,0,0,0,2,2,0,0,0,0,0,0,0,0,0,0,3.225304397085114,0.0,0.0,0.0,0.0,0.0,2.3224639918491388,benign,0.0,0.0,0.0,0.0,0.7984491479660817,0.6020622543493638,0.0,0.0,0.0,0.0,0.0,0.0,0.0,0.0,0.0,0.0,0.0,0.0,0.0,0.0
0,0,0,2,0,2,0,0,0,0,0,0,0,0,0,0,0,0,0,0,0,0,0,0,0,0,0,0,0,0,0,0,0,0,0,0,0,0,0,0,0,0,0,0,0,2,2,0,0,0,0,0,0,0,0,0,0,3.231018060064845,0.0,0.0,0.0,0.0,0.0,2.6108125702564906,benign,0.0,0.0,0.0,0.0,0.7984491479660817,0.6020622543493638,0.0,0.0,0.0,0.0,0.0,0.0,0.0,0.0,0.0,0.0,0.0,0.0,0.0,0.0
0,0,0,2,0,2,0,0,0,0,0,0,0,0,0,0,0,0,0,0,0,0,0,0,0,0,0,0,0,0,0,0,0,0,0,0,0,0,0,0,0,0,0,0,0,2,2,0,0,0,0,0,0,0,0,0,0,3.230439048090613,0.0,0.0,0.0,0.0,0.0,2.5815167858761416,benign,0.0,0.0,0.0,0.0,0.7984491479660817,0.6020622543493638,0.0,0.0,0.0,0.0,0.0,0.0,0.0,0.0,0.0,0.0,0.0,0.0,0.0,0.0
0,0,0,2,0,2,0,0,0,0,0,0,0,0,0,0,0,0,0,0,0,0,0,0,0,0,0,0,0,0,0,0,0,0,0,0,0,0,0,0,0,0,0,0,0,2,3,0,0,0,0,0,0,0,0,0,0,3.378377967179236,0.0,0.0,0.0,0.0,0.0,2.6463387496004804,benign,0.0,0.0,0.0,0.0,0.7984491479660817,0.6020622543493638,0.0,0.0,0.0,0.0,0.0,0.0,0.0,0.0,0.0,0.0,0.0,0.0,0.0,0.0
0,0,0,0,0,0,0,0,0,0,0,0,0,0,0,0,0,0,0,0,0,0,0,0,0,0,0,0,0,0,0,0,0,0,0,0,0,0,0,0,0,0,0,0,0,0,1,0,0,0,0,0,0,0,0,0,0,1.7641255650833616,0.0,0.0,0.0,0.0,0.0,1.6729330318733675,benign,0.0,0.0,0.0,0.0,0.0,0.0,0.0,0.0,0.0,0.0,0.0,0.0,0.0,0.0,0.0,0.0,0.0,0.0,0.0,0.0
0,0,0,0,0,0,0,0,0,0,0,0,0,0,0,0,0,0,0,0,0,0,0,0,0,0,0,0,0,0,0,0,0,0,0,0,0,0,0,0,0,0,0,0,0,0,1,0,0,0,0,0,0,0,0,0,0,1.8391679953947728,0.0,0.0,0.0,0.0,0.0,2.582603381847579,benign,0.0,0.0,0.0,0.0,0.0,0.0,0.0,0.0,0.0,0.0,0.0,0.0,0.0,0.0,0.0,0.0,0.0,0.0,0.0,0.0
0,0,0,2,0,2,0,0,0,0,0,0,0,0,0,0,0,0,0,0,0,0,0,0,0,0,0,0,0,0,0,0,0,0,0,0,0,0,0,0,0,0,0,0,0,2,2,0,0,0,0,0,0,0,0,0,0,3.229837645987752,0.0,0.0,0.0,0.0,0.0,2.551106100756793,benign,0.0,0.0,0.0,0.0,0.7984491479660817,0.6020622543493638,0.0,0.0,0.0,0.0,0.0,0.0,0.0,0.0,0.0,0.0,0.0,0.0,0.0,0.0
0,0,0,2,0,2,0,0,0,0,0,0,0,0,0,0,0,0,0,0,0,0,0,0,0,0,0,0,0,0,0,0,0,0,0,0,0,0,0,0,0,0,0,0,0,2,2,0,0,0,0,0,0,0,0,0,0,3.22155894434551,0.0,0.0,0.0,0.0,0.0,2.1343361131944514,benign,0.0,0.0,0.0,0.0,0.7984491479660817,0.6020622543493638,0.0,0.0,0.0,0.0,0.0,0.0,0.0,0.0,0.0,0.0,0.0,0.0,0.0,0.0
0,0,0,2,0,2,0,0,0,0,0,0,0,0,0,0,0,0,0,0,0,0,0,0,0,0,0,0,0,0,0,0,0,0,0,0,0,0,0,0,0,0,0,0,0,2,2,0,0,0,0,0,0,0,0,0,0,3.2278314299003923,0.0,0.0,0.0,0.0,0.0,2.4497913221148813,benign,0.0,0.0,0.0,0.0,0.7984491479660817,0.6020622543493638,0.0,0.0,0.0,0.0,0.0,0.0,0.0,0.0,0.0,0.0,0.0,0.0,0.0,0.0
1,0,1,2,0,2,0,0,0,0,0,0,0,0,0,0,0,0,0,0,0,1,0,0,0,0,0,0,0,0,0,0,0,0,0,0,0,0,0,0,0,0,0,0,0,2,3,0,0,0,0,0,0,0,0,0,0,3.7214169411027567,0.0,0.0,0.0,0.0,0.0,2.62580953598665,benign,0.0,0.0,0.0,0.0,0.7984491479660817,0.6020622543493638,0.0,0.0,0.0,0.0,0.0,0.0,0.0,0.0,0.0,0.0,0.0,0.0,0.0,0.0
10,0,0,7,0,7,0,0,0,0,0,0,0,0,0,0,0,0,0,0,0,9,0,0,0,0,0,0,0,0,0,0,0,0,0,0,0,0,0,0,0,0,0,0,0,6,11,0,0,0,0,0,0,0,0,0,0,4.447759569021759,0.0,0.0,0.0,0.0,0.0,2.670634974864295,benign,0.0,0.0,0.0,0.0,0.7984491479660817,0.6020622543493638,0.0,0.0,0.0,0.0,0.0,0.0,0.0,0.0,0.0,0.0,0.0,0.0,0.0,0.0
0,0,0,0,0,0,0,0,0,0,0,0,0,0,0,0,0,0,0,0,0,0,0,0,0,0,0,0,0,0,0,0,0,0,0,0,0,0,0,0,0,0,0,0,0,0,0,0,0,0,0,0,0,0,0,0,0,0.0,,,,,,,benign,0.0,0.0,0.0,0.0,0.0,0.0,0.0,0.0,0.0,0.0,0.0,0.0,0.0,0.0,0.0,0.0,0.0,0.0,0.0,0.0
0,0,0,0,0,0,0,0,0,0,0,0,0,0,0,0,0,0,0,0,0,0,0,0,0,0,0,0,0,0,0,0,0,0,0,0,0,0,0,0,0,0,0,0,0,0,0,0,0,0,0,0,0,0,0,0,0,0.0,,,,,,,benign,0.0,0.0,0.0,0.0,0.0,0.0,0.0,0.0,0.0,0.0,0.0,0.0,0.0,0.0,0.0,0.0,0.0,0.0,0.0,0.0
0,0,0,0,0,0,0,0,0,0,0,0,0,0,0,0,0,0,0,0,0,0,0,0,0,0,0,0,0,0,0,0,0,0,0,0,0,0,0,0,0,0,0,0,0,0,0,0,0,0,0,0,0,0,0,0,0,0.0,,,,,,,benign,0.0,0.0,0.0,0.0,0.0,0.0,0.0,0.0,0.0,0.0,0.0,0.0,0.0,0.0,0.0,0.0,0.0,0.0,0.0,0.0
0,0,0,2,0,2,0,0,0,0,0,0,0,0,0,0,0,0,0,0,0,0,0,0,0,0,0,0,0,0,0,0,0,0,0,0,0,0,0,0,0,0,0,0,0,2,2,0,0,0,0,0,0,0,0,0,0,3.216304567244948,0.0,0.0,0.0,0.0,0.0,1.871602261409798,benign,0.0,0.0,0.0,0.0,0.7984491479660817,0.6020622543493638,0.0,0.0,0.0,0.0,0.0,0.0,0.0,0.0,0.0,0.0,0.0,0.0,0.0,0.0
0,0,0,2,0,2,0,0,0,0,0,0,0,0,0,0,0,0,0,0,0,0,0,0,0,0,0,0,0,0,0,0,0,0,0,0,0,0,0,0,0,0,0,0,0,2,2,0,0,0,0,0,0,0,0,0,0,3.2121431668887324,0.0,0.0,0.0,0.0,0.0,1.6644977792004616,benign,0.0,0.0,0.0,0.0,0.7984491479660817,0.6020622543493638,0.0,0.0,0.0,0.0,0.0,0.0,0.0,0.0,0.0,0.0,0.0,0.0,0.0,0.0
0,0,0,2,0,2,0,0,0,0,0,0,0,0,0,0,0,0,0,0,0,0,0,0,0,0,0,0,0,0,0,0,0,0,0,0,0,0,0,0,0,0,0,0,0,2,2,0,0,0,0,0,0,0,0,0,0,3.2164722375396773,0.0,0.0,0.0,0.0,0.0,1.879964948727111,benign,0.0,0.0,0.0,0.0,0.7984491479660817,0.6020622543493638,0.0,0.0,0.0,0.0,0.0,0.0,0.0,0.0,0.0,0.0,0.0,0.0,0.0,0.0
1,0,0,2,0,2,0,0,0,0,0,0,0,0,0,0,0,0,0,0,0,0,0,0,0,0,0,0,0,0,0,0,0,0,0,0,0,0,0,0,0,0,0,0,0,2,2,0,0,0,0,0,0,0,0,0,0,3.2127155499146847,0.0,0.0,0.0,0.0,0.0,1.6729330318733675,benign,0.0,0.0,0.0,0.0,0.7984491479660817,0.6020622543493638,0.0,0.0,0.0,0.0,0.0,0.0,0.0,0.0,0.0,0.0,0.0,0.0,0.0,0.0
0,1,0,2,0,2,0,0,1,0,0,0,0,0,0,0,0,0,0,0,0,0,0,0,0,0,0,0,0,0,0,0,0,0,0,0,0,0,0,0,0,0,0,0,0,2,2,0,0,0,0,0,0,0,0,0,0,3.23970662991899,0.0,0.0,0.0,0.0,0.0,2.89246403203856,benign,0.0,0.0,0.0,0.0,0.7984491479660817,0.6020622543493638,0.0,0.0,0.0,0.0,0.0,0.0,0.0,0.0,0.0,0.0,0.0,0.0,0.0,0.0
2,0,0,4,0,4,0,0,0,0,0,0,0,0,0,0,0,0,0,0,0,0,0,0,0,0,0,0,0,0,0,0,0,0,0,0,0,0,0,0,0,0,0,0,0,2,2,0,0,0,0,0,0,0,0,0,0,3.375164803182701,0.0,0.0,0.0,0.0,0.0,2.418200866206268,benign,0.0,0.0,0.0,0.0,0.7984491479660817,0.6020622543493638,0.0,0.0,0.0,0.0,0.0,0.0,0.0,0.0,0.0,0.0,0.0,0.0,0.0,0.0
0,0,0,0,0,0,0,0,0,0,0,0,0,0,0,0,0,0,0,0,0,0,0,0,0,0,0,0,0,0,0,0,0,0,0,0,0,0,0,0,0,0,0,0,0,0,1,0,0,0,0,0,0,0,0,0,0,1.7641255650833616,0.0,0.0,0.0,0.0,0.0,1.6729330318733675,benign,0.0,0.0,0.0,0.0,0.0,0.0,0.0,0.0,0.0,0.0,0.0,0.0,0.0,0.0,0.0,0.0,0.0,0.0,0.0,0.0
2,0,0,2,0,2,0,0,0,0,0,0,0,0,0,0,0,0,0,0,0,0,0,0,0,0,0,0,0,0,0,0,0,0,0,0,0,0,0,0,0,0,0,0,0,2,0,0,0,0,0,0,0,0,0,0,0,2.773837941640213,,,,,,,benign,0.0,0.0,0.0,0.0,0.0,0.0,0.0,0.0,0.0,0.0,0.0,0.0,0.0,0.0,0.0,0.0,0.0,0.0,0.0,0.0
0,0,0,2,0,2,0,0,0,0,0,0,0,0,0,0,0,0,0,0,0,0,0,0,0,0,0,0,0,0,0,0,0,0,0,0,0,0,0,0,0,0,0,0,0,2,2,0,0,0,0,0,0,0,0,0,0,3.226759412925789,0.0,0.0,0.0,0.0,0.0,2.3957372680608278,benign,0.0,0.0,0.0,0.0,0.7984491479660817,0.6020622543493638,0.0,0.0,0.0,0.0,0.0,0.0,0.0,0.0,0.0,0.0,0.0,0.0,0.0,0.0
0,0,0,2,0,2,0,0,0,0,0,0,0,0,0,0,0,0,0,0,0,0,0,0,0,0,0,0,0,0,0,0,0,0,0,0,0,0,0,0,0,0,0,0,0,2,2,0,0,0,0,0,0,0,0,0,0,3.2295594705695203,0.0,0.0,0.0,0.0,0.0,2.5370459813556336,benign,0.0,0.0,0.0,0.0,0.7984491479660817,0.6020622543493638,0.0,0.0,0.0,0.0,0.0,0.0,0.0,0.0,0.0,0.0,0.0,0.0,0.0,0.0
0,0,0,2,0,2,0,0,0,0,0,0,0,0,0,0,0,0,0,0,0,0,0,0,0,0,0,0,0,0,0,0,0,0,0,0,0,0,0,0,0,0,0,0,0,2,4,0,0,0,0,0,0,0,0,0,0,3.5036382040974763,0.0,0.0,0.0,0.0,0.0,2.4723043291046998,benign,0.0,0.0,0.0,0.0,0.7984491479660817,0.6020622543493638,0.0,0.0,0.0,0.0,0.0,0.0,0.0,0.0,0.0,0.0,0.0,0.0,0.0,0.0
0,0,0,0,0,0,0,0,0,0,0,0,0,0,0,0,0,0,0,0,0,0,0,0,0,0,0,0,0,0,0,0,0,0,0,0,0,0,0,0,0,0,0,0,0,0,1,0,0,0,0,0,0,0,0,0,0,1.7790968934696378,0.0,0.0,0.0,0.0,0.0,1.8490070880144411,benign,0.0,0.0,0.0,0.0,0.0,0.0,0.0,0.0,0.0,0.0,0.0,0.0,0.0,0.0,0.0,0.0,0.0,0.0,0.0,0.0
0,0,0,0,0,0,0,0,0,0,0,0,0,0,0,0,0,0,0,0,0,0,0,0,0,0,0,0,0,0,0,0,0,0,0,0,0,0,0,0,0,0,0,0,0,0,1,0,0,0,0,0,0,0,0,0,0,1.793070312405364,0.0,0.0,0.0,0.0,0.0,2.015740432493068,benign,0.0,0.0,0.0,0.0,0.0,0.0,0.0,0.0,0.0,0.0,0.0,0.0,0.0,0.0,0.0,0.0,0.0,0.0,0.0,0.0
0,0,0,0,0,0,0,0,0,0,0,0,0,0,0,0,0,0,0,0,0,0,0,0,0,0,0,0,0,0,0,0,0,0,0,0,0,0,0,0,0,0,0,0,0,0,1,0,0,0,0,0,0,0,0,0,0,1.8001879351926722,0.0,0.0,0.0,0.0,0.0,2.1015690258342747,benign,0.0,0.0,0.0,0.0,0.0,0.0,0.0,0.0,0.0,0.0,0.0,0.0,0.0,0.0,0.0,0.0,0.0,0.0,0.0,0.0
0,0,0,2,0,2,0,0,0,0,0,0,0,0,0,0,0,0,0,0,0,0,0,0,0,0,0,0,0,0,0,0,0,0,0,0,0,0,0,0,0,0,0,0,0,2,2,0,0,0,0,0,0,0,0,0,0,3.225427164617758,0.0,0.0,0.0,0.0,0.0,2.328642335832225,benign,0.0,0.0,0.0,0.0,0.7984491479660817,0.6020622543493638,0.0,0.0,0.0,0.0,0.0,0.0,0.0,0.0,0.0,0.0,0.0,0.0,0.0,0.0
0,0,0,0,0,0,0,0,0,0,0,0,0,0,0,0,0,0,0,0,0,0,0,0,0,0,0,0,0,0,0,0,0,0,0,0,0,0,0,0,0,0,0,0,0,0,0,0,0,0,0,0,0,0,0,0,0,0.0,,,,,,,benign,0.0,0.0,0.0,0.0,0.0,0.0,0.0,0.0,0.0,0.0,0.0,0.0,0.0,0.0,0.0,0.0,0.0,0.0,0.0,0.0
0,0,0,2,0,2,0,0,0,0,0,0,0,0,0,0,0,0,0,0,0,0,0,0,0,0,0,0,0,0,0,0,0,0,0,0,0,0,0,0,0,0,0,0,0,2,2,0,0,0,0,0,0,0,0,0,0,3.225838360264312,0.0,0.0,0.0,0.0,0.0,2.349341509871168,benign,0.0,0.0,0.0,0.0,0.7984491479660817,0.6020622543493638,0.0,0.0,0.0,0.0,0.0,0.0,0.0,0.0,0.0,0.0,0.0,0.0,0.0,0.0
0,0,0,2,0,2,0,0,0,0,0,0,0,0,0,0,0,0,0,0,0,0,0,0,0,0,0,0,0,0,0,0,0,0,0,0,0,0,0,0,0,0,0,0,0,2,2,0,0,0,0,0,0,0,0,0,0,3.216304567244948,0.0,0.0,0.0,0.0,0.0,1.871602261409798,benign,0.0,0.0,0.0,0.0,0.7984491479660817,0.6020622543493638,0.0,0.0,0.0,0.0,0.0,0.0,0.0,0.0,0.0,0.0,0.0,0.0,0.0,0.0
1,0,0,2,0,2,1,0,0,0,0,0,0,0,0,0,0,0,0,0,0,0,0,0,0,0,0,0,0,0,0,0,1,0,1,0,0,0,1,0,0,0,0,0,0,2,2,0,0,0,0,0,0,0,0,1,0,3.656719795140355,0.0,0.0,0.0,0.0,0.0,2.4481570924667446,benign,0.0,0.0,0.61116560565002,0.0,0.6319746959532976,0.47653392968935737,0.0,0.0,0.0,0.0,0.0,0.0,0.0,0.0,0.0,0.0,0.0,0.0,0.0,0.0
2,0,1,4,0,4,8,0,8,0,0,0,0,0,0,0,0,0,0,0,0,2,0,4,0,0,0,0,0,0,0,0,4,0,4,0,4,0,0,0,2,0,0,0,0,4,14,0,0,0,0,0,0,0,0,0,0,4.859003626186804,0.0,0.0,0.0,0.0,0.0,2.9514195898955555,benign,0.0,0.0,0.33203464348010703,0.41129833540102056,0.0,0.25889181588073057,0.0,0.0,0.4075860072926511,0.41129833540102056,0.0,0.0,0.0,0.0,0.0,0.41129833540102056,0.0,0.0,0.0,0.3861381977314597
0,0,0,0,0,0,0,0,0,0,0,0,0,0,0,0,0,0,0,0,0,0,0,0,0,0,0,0,0,0,0,0,0,0,0,0,0,0,0,0,0,0,0,0,0,0,1,0,0,0,0,0,0,0,0,0,0,1.868058222419032,0.0,0.0,0.0,0.0,0.0,2.9514195898955555,benign,0.0,0.0,0.0,0.4360358749709731,0.0,0.27446286489419697,0.0,0.0,0.4321002688778097,0.4360358749709731,0.0,0.0,0.0,0.0,0.0,0.4360358749709731,0.0,0.0,0.0,0.409362480748649
0,0,0,0,0,0,0,0,0,0,0,0,0,0,0,0,0,0,0,0,0,0,0,0,0,0,0,0,0,0,0,0,0,0,0,0,0,0,0,0,0,0,0,0,0,0,1,0,0,0,0,0,0,0,0,0,0,1.868058222419032,0.0,0.0,0.0,0.0,0.0,2.9514195898955555,benign,0.0,0.0,0.0,0.4360358749709731,0.0,0.27446286489419697,0.0,0.0,0.4321002688778097,0.4360358749709731,0.0,0.0,0.0,0.0,0.0,0.4360358749709731,0.0,0.0,0.0,0.409362480748649
0,0,0,0,0,0,0,0,0,0,0,0,0,0,0,0,0,0,0,0,0,0,0,0,0,0,0,0,0,0,0,0,0,0,0,0,0,0,0,0,0,0,0,0,0,0,1,0,0,0,0,0,0,0,0,0,0,1.868058222419032,0.0,0.0,0.0,0.0,0.0,2.9514195898955555,benign,0.0,0.0,0.0,0.4360358749709731,0.0,0.27446286489419697,0.0,0.0,0.4321002688778097,0.4360358749709731,0.0,0.0,0.0,0.0,0.0,0.4360358749709731,0.0,0.0,0.0,0.409362480748649
0,0,0,0,0,0,0,0,0,0,0,0,0,0,0,0,0,0,0,0,0,0,0,0,0,0,0,0,0,0,0,0,0,0,0,0,0,0,0,0,0,0,0,0,0,0,0,0,0,0,0,0,0,0,0,0,0,0.0,,,,,,,benign,0.0,0.0,0.0,0.0,0.0,0.0,0.0,0.0,0.0,0.0,0.0,0.0,0.0,0.0,0.0,0.0,0.0,0.0,0.0,0.0
1,0,0,0,0,0,0,0,0,0,0,0,0,0,0,0,0,0,0,0,0,0,0,0,0,0,0,0,0,0,0,0,0,0,0,0,0,0,0,0,0,0,0,0,0,0,0,0,0,0,0,0,0,0,0,0,0,0.009950330853168,,,,,,,benign,0.0,0.0,0.0,0.0,0.0,0.0,0.0,0.0,0.0,0.0,0.0,0.0,0.0,0.0,0.0,0.0,0.0,0.0,0.0,0.0
0,0,0,2,0,2,0,0,0,0,0,0,0,0,0,0,0,0,0,0,0,0,0,0,0,0,0,0,0,0,0,0,0,0,0,0,0,0,0,0,0,0,0,0,0,2,2,0,0,0,0,0,0,0,0,0,0,3.231592771800857,0.0,0.0,0.0,0.0,0.0,2.6399075580243907,benign,0.0,0.0,0.0,0.0,0.7984491479660817,0.6020622543493638,0.0,0.0,0.0,0.0,0.0,0.0,0.0,0.0,0.0,0.0,0.0,0.0,0.0,0.0
0,0,0,2,0,2,0,0,0,0,0,0,0,0,0,0,0,0,0,0,0,0,0,0,0,0,0,0,0,0,0,0,0,0,0,0,0,0,0,0,0,0,0,0,0,2,2,0,0,0,0,0,0,0,0,0,0,3.2271772621998767,0.0,0.0,0.0,0.0,0.0,2.416799490406086,benign,0.0,0.0,0.0,0.0,0.7984491479660817,0.6020622543493638,0.0,0.0,0.0,0.0,0.0,0.0,0.0,0.0,0.0,0.0,0.0,0.0,0.0,0.0
0,0,0,2,0,3,0,0,0,0,0,0,0,0,0,0,0,0,0,0,0,0,0,0,0,0,0,0,0,0,0,0,0,0,0,0,0,0,0,0,0,0,0,0,0,2,2,0,0,0,0,0,0,0,0,0,0,3.2663700844185137,0.0,0.0,0.0,0.0,0.0,2.4320090718903087,benign,0.0,0.0,0.0,0.0,0.7984491479660817,0.6020622543493638,0.0,0.0,0.0,0.0,0.0,0.0,0.0,0.0,0.0,0.0,0.0,0.0,0.0,0.0
0,0,0,2,0,2,0,0,0,0,0,0,0,0,0,0,0,0,0,0,0,0,0,0,0,0,0,0,0,0,0,0,0,0,0,0,0,0,0,0,0,0,0,0,0,2,2,0,0,0,0,0,0,0,0,0,0,3.2255200639632453,0.0,0.0,0.0,0.0,0.0,2.333318050946587,benign,0.0,0.0,0.0,0.0,0.7984491479660817,0.6020622543493638,0.0,0.0,0.0,0.0,0.0,0.0,0.0,0.0,0.0,0.0,0.0,0.0,0.0,0.0
0,0,0,2,0,2,0,0,0,0,0,0,0,0,0,0,0,0,0,0,0,0,0,0,0,0,0,0,0,0,0,0,0,0,0,0,0,0,0,0,0,0,0,0,0,2,2,0,0,0,0,0,0,0,0,0,0,3.228378640770046,0.0,0.0,0.0,0.0,0.0,2.4774055510121467,benign,0.0,0.0,0.0,0.0,0.7984491479660817,0.6020622543493638,0.0,0.0,0.0,0.0,0.0,0.0,0.0,0.0,0.0,0.0,0.0,0.0,0.0,0.0
0,0,0,2,0,2,0,0,0,0,0,2,0,0,0,0,0,0,0,0,0,0,0,0,0,0,0,0,0,0,0,0,0,0,0,0,0,0,0,0,0,0,0,0,0,2,2,0,0,0,0,0,0,0,0,0,0,3.232289054951113,0.0,0.0,0.0,0.0,0.0,2.6351795506096085,benign,0.0,0.0,0.0,0.0,0.7984491479660817,0.6020622543493638,0.0,0.0,0.0,0.0,0.0,0.0,0.0,0.0,0.0,0.0,0.0,0.0,0.0,0.0
0,0,0,2,0,2,0,0,0,0,0,0,0,0,0,0,0,0,0,0,0,0,0,0,0,0,0,0,0,0,0,0,0,0,0,0,0,0,0,0,0,0,0,0,0,2,2,0,0,0,0,0,0,0,0,0,0,3.208645974924326,0.0,0.0,0.0,0.0,0.0,1.4911148500551858,benign,0.0,0.0,0.0,0.0,0.7984491479660817,0.6020622543493638,0.0,0.0,0.0,0.0,0.0,0.0,0.0,0.0,0.0,0.0,0.0,0.0,0.0,0.0
0,0,0,2,0,2,4,0,0,9,0,1,10,0,0,0,0,0,0,0,0,0,2,0,0,0,0,0,0,0,0,1,3,1,3,1,3,0,0,1,3,0,1,1,0,2,12,0,0,0,0,0,0,0,0,0,0,4.697139786011121,0.0,0.0,0.0,0.0,0.0,2.346298624415442,benign,0.0,0.0,0.0,0.0,0.7984491479660817,0.6020622543493638,0.0,0.0,0.0,0.0,0.0,0.0,0.0,0.0,0.0,0.0,0.0,0.0,0.0,0.0
1,0,1,0,0,0,4,0,8,0,0,2,2,0,0,0,0,0,0,0,0,1,2,4,4,0,0,0,0,0,0,0,2,0,2,0,0,0,0,0,0,0,0,0,0,0,16,0,0,0,0,1,0,0,0,0,0,4.80588877239569,0.0,0.0,0.0,0.0,0.0,3.3961514003245497,benign,0.0,0.0,0.6677818795251821,0.0393902637015944,0.0,0.04958841804104854,0.24044856796308628,0.0,0.039034732033825945,0.0393902637015944,0.2056908522648246,0.0,0.40552313455989447,0.2433169269233408,0.0,0.0393902637015944,0.24617894705960092,0.0,0.373052670947156,0.1479226549173421
1,0,1,0,0,0,4,0,8,0,0,2,2,0,0,0,0,0,0,0,0,1,2,4,4,0,0,0,0,0,0,0,2,0,2,0,0,0,0,0,0,0,0,0,0,0,16,0,0,0,0,1,0,0,0,0,0,4.8057948183607095,0.0,0.0,0.0,0.0,0.0,3.3731848374422,benign,0.0,0.0,0.6677818795251821,0.0393902637015944,0.0,0.04958841804104854,0.24044856796308628,0.0,0.039034732033825945,0.0393902637015944,0.2056908522648246,0.0,0.40552313455989447,0.2433169269233408,0.0,0.0393902637015944,0.24617894705960092,0.0,0.373052670947156,0.1479226549173421
2,0,2,0,0,0,4,0,8,0,0,2,2,0,0,0,0,0,0,0,0,2,2,4,4,0,0,0,0,0,0,0,2,0,2,0,0,0,0,0,0,0,0,0,0,0,17,0,0,0,0,1,0,0,0,0,0,4.884659581790416,0.0,0.0,0.0,0.0,0.0,3.410877830563703,benign,0.0,0.0,0.6677818795251821,0.0393902637015944,0.0,0.04958841804104854,0.24044856796308628,0.0,0.039034732033825945,0.0393902637015944,0.2056908522648246,0.0,0.40552313455989447,0.2433169269233408,0.0,0.0393902637015944,0.24617894705960092,0.0,0.373052670947156,0.1479226549173421
0,0,0,0,0,0,4,0,8,0,0,2,2,0,0,0,0,0,0,0,0,0,2,4,4,0,0,0,0,0,0,0,2,0,2,0,0,0,0,0,0,0,0,0,0,0,15,0,0,0,0,1,0,0,0,0,0,4.597402971270302,0.0,0.0,0.0,0.0,0.0,3.41257442940132,benign,0.0,0.0,0.6677818795251821,0.0393902637015944,0.0,0.04958841804104854,0.24044856796308628,0.0,0.039034732033825945,0.0393902637015944,0.2056908522648246,0.0,0.40552313455989447,0.2433169269233408,0.0,0.0393902637015944,0.24617894705960092,0.0,0.373052670947156,0.1479226549173421
0,0,0,0,0,0,4,0,8,0,0,2,2,0,0,0,0,0,0,0,0,0,2,4,4,0,0,0,0,0,0,0,2,0,2,0,0,0,0,0,0,0,0,0,0,0,15,0,0,0,0,1,0,0,0,0,0,4.5973211877227005,0.0,0.0,0.0,0.0,0.0,3.396344937495577,benign,0.0,0.0,0.6677818795251821,0.0393902637015944,0.0,0.04958841804104854,0.24044856796308628,0.0,0.039034732033825945,0.0393902637015944,0.2056908522648246,0.0,0.40552313455989447,0.2433169269233408,0.0,0.0393902637015944,0.24617894705960092,0.0,0.373052670947156,0.1479226549173421
0,0,0,0,0,0,4,0,8,0,0,2,2,0,0,0,0,0,0,0,0,0,2,4,4,0,0,0,0,0,0,0,2,0,2,0,0,0,0,0,0,0,0,0,0,0,15,0,0,0,0,1,0,0,0,0,0,4.597298748314533,0.0,0.0,0.0,0.0,0.0,3.391892193314922,benign,0.0,0.0,0.6677818795251821,0.0393902637015944,0.0,0.04958841804104854,0.24044856796308628,0.0,0.039034732033825945,0.0393902637015944,0.2056908522648246,0.0,0.40552313455989447,0.2433169269233408,0.0,0.0393902637015944,0.24617894705960092,0.0,0.373052670947156,0.1479226549173421
5,0,5,0,0,0,4,0,8,0,0,2,2,0,0,0,0,0,0,0,0,5,2,4,4,0,0,0,0,0,0,0,2,0,2,0,0,0,0,0,0,0,0,0,0,0,20,0,0,0,0,1,0,0,0,0,0,5.089190203151991,0.0,0.0,0.0,0.0,0.0,3.3768249719113115,benign,0.0,0.0,0.6677818795251821,0.0393902637015944,0.0,0.04958841804104854,0.24044856796308628,0.0,0.039034732033825945,0.0393902637015944,0.2056908522648246,0.0,0.40552313455989447,0.2433169269233408,0.0,0.0393902637015944,0.24617894705960092,0.0,0.373052670947156,0.1479226549173421
0,0,0,0,0,0,4,0,8,0,0,2,2,0,0,0,0,0,0,0,0,0,2,4,4,0,0,0,0,0,0,0,2,0,2,0,0,0,0,0,0,0,0,0,0,0,15,0,0,0,0,1,0,0,0,0,0,4.597304121119866,0.0,0.0,0.0,0.0,0.0,3.392958332107706,benign,0.0,0.0,0.6677818795251821,0.0393902637015944,0.0,0.04958841804104854,0.24044856796308628,0.0,0.039034732033825945,0.0393902637015944,0.2056908522648246,0.0,0.40552313455989447,0.2433169269233408,0.0,0.0393902637015944,0.24617894705960092,0.0,0.373052670947156,0.1479226549173421
0,0,0,0,0,0,4,0,8,0,0,2,2,0,0,0,0,0,0,0,0,0,2,4,4,0,0,0,0,0,0,0,2,0,2,0,0,0,0,0,0,0,0,0,0,0,15,0,0,0,0,1,0,0,0,0,0,4.5973612161184105,0.0,0.0,0.0,0.0,0.0,3.4042881850106284,benign,0.0,0.0,0.6677818795251821,0.0393902637015944,0.0,0.04958841804104854,0.24044856796308628,0.0,0.039034732033825945,0.0393902637015944,0.2056908522648246,0.0,0.40552313455989447,0.2433169269233408,0.0,0.0393902637015944,0.24617894705960092,0.0,0.373052670947156,0.1479226549173421
0,0,0,0,0,0,4,0,8,0,0,2,2,0,0,0,0,0,0,0,0,0,2,4,4,0,0,0,0,0,0,0,2,0,2,0,0,0,0,0,0,0,0,0,0,0,15,0,0,0,0,1,0,0,0,0,0,4.597269117329006,0.0,0.0,0.0,0.0,0.0,3.3860125478993783,benign,0.0,0.0,0.6677818795251821,0.0393902637015944,0.0,0.04958841804104854,0.24044856796308628,0.0,0.039034732033825945,0.0393902637015944,0.2056908522648246,0.0,0.40552313455989447,0.2433169269233408,0.0,0.0393902637015944,0.24617894705960092,0.0,0.373052670947156,0.1479226549173421
0,0,0,0,0,0,4,0,8,0,0,2,2,0,0,0,0,0,0,0,0,0,2,4,4,0,0,0,0,0,0,0,2,0,2,0,0,0,0,0,0,0,0,0,0,0,15,0,0,0,0,1,0,0,0,0,0,4.597212536503412,0.0,0.0,0.0,0.0,0.0,3.3747857579038345,benign,0.0,0.0,0.6677818795251821,0.0393902637015944,0.0,0.04958841804104854,0.24044856796308628,0.0,0.039034732033825945,0.0393902637015944,0.2056908522648246,0.0,0.40552313455989447,0.2433169269233408,0.0,0.0393902637015944,0.24617894705960092,0.0,0.373052670947156,0.1479226549173421
0,0,0,0,0,0,4,0,8,0,0,2,2,0,0,0,0,0,0,0,0,0,2,4,4,0,0,0,0,0,0,0,2,0,2,0,0,0,0,0,0,0,0,0,0,0,15,0,0,0,0,1,0,0,0,0,0,4.59729123725818,0.0,0.0,0.0,0.0,0.0,3.390401765787715,benign,0.0,0.0,0.6677818795251821,0.0393902637015944,0.0,0.04958841804104854,0.24044856796308628,0.0,0.039034732033825945,0.0393902637015944,0.2056908522648246,0.0,0.40552313455989447,0.2433169269233408,0.0,0.0393902637015944,0.24617894705960092,0.0,0.373052670947156,0.1479226549173421
