command_chain,count_read_event,count_write_event,count_sensitive_file_access_fails,count_socket_connect_event_successfully,count_socket_connect_event_fails,count_socket_create_event,count_file_modification_event_successfully,count_file_modification_event_fails,count_file_creation_event,count_link_event,count_symlink_event,count_dir_creation_event,count_dir_remove_event,count_mknod_create_event,count_rename_event,count_auth_event_successfully,count_auth_event_fails,count_passwd_change_event_successfully,count_passwd_change_event_fails,count_user_change_event_successfully,count_user_change_event_fails,count_do_not_update_atime,count_was_modified_time_changed,count_owner_changed,count_group_changed,count_suid_set,count_suid_cleared,count_sgid_set,count_sgid_cleared,count_sticky_set,count_sticky_cleared,count_user_write_added,count_user_write_removed,count_user_read_added,count_user_read_removed,count_user_exec_added,count_user_exec_removed,count_group_write_added,count_group_write_removed,count_group_exec_added,count_group_exec_removed,count_world_write_been_added,count_world_read_been_added,count_world_exec_been_added,count_external_ip,is_priviliged_port,count_sensitive_file,count_is_linked_to_sensitive_file,count_linked_file_SGID_or_SUID,count_atime_flag_been_set,count_modified_time_been_changed,is_current_dir_world_writable,is_target_dir_world_writable,is_in_memory_path,is_cross_user_link,is_dev_backdoor,is_fake_device,argv_has_network,argv_is_ip,argv_has_encoding,argv_is_net_tool,argv_is_sudo,argv_entropy,risk_score
python3 -> /bin/bash -c firefox & -> /bin/bash -c find ~/Pictures -name '*.png' -> /bin/bash -c cp ~/Downloads/notes.txt ~/Documents/ -> /bin/bash -c rm ~/Desktop/old_backup.zip -> /bin/bash -c pwd -> /bin/bash -c ls -a ~ -> /bin/bash -c code . -> /bin/bash -c hostname -I -> /bin/bash -c free -h -> /bin/bash -c ps aux -> /bin/bash -c grep 'error' log.txt -> /bin/bash -c mv ~/Documents/report.pdf ~/Desktop/ -> /bin/bash -c sudo mkdir /temp -> sudo -> /bin/bash -c find . -name 'readme.txt' -> /bin/bash -c cp /config.json ./ -> /bin/bash -c rm ~/Downloads/outdated_backup.tar -> /bin/bash -c uname -r -> /bin/bash -c ls -d */ -> /bin/bash -c ps aux --sort=-%mem | head -n 10 -> head -n 10 -> ps -> /bin/bash -c find /var/www -name 'index.html' -> /bin/bash -c mv oldfile.txt newfile.txt -> /bin/bash -c printenv -> /bin/bash -c tar -czvf project.tar.gz ~/project -> /bin/sh -c gzip -> gzip -> /bin/bash -c unzip archive.zip -> /bin/bash -c zip -r files.zip ~/files -> /bin/bash -c sudo apt update && sudo apt upgrade -y -> sudo apt update -> /bin/bash -c mv ~/Desktop/x ~/Downloads/ -> /bin/bash -c mkdir ~/backups -> /bin/bash -c find ~/Documents -name '*.txt' -> /bin/bash -c cp ~/Downloads/data.csv ./ -> /bin/bash -c rm ~/Desktop/old_version.tar -> /bin/bash -c ls -l -> /bin/bash -c du -sh ~/ -> /bin/bash -c nproc -> /bin/bash -c who -> /bin/bash -c grep 'success' /var/log/syslog -> /bin/bash -c tar -xzvf project.tar.gz -> gzip -d -> /bin/bash -c chmod 600 file.txt -> /bin/bash -c rm -r ~/old_folder -> /bin/bash -c find / -name '*config*' -> /bin/bash -c ln -s example.txt symlink_example.txt -> /bin/bash -c ss -tuln -> /bin/bash -c rm -rf /tmp/* -> /bin/bash -c du -sh . -> /bin/bash -c tar -czvf backup_project.tar.gz ~/project -> /bin/bash -c dpkg --get-selections -> /bin/bash -c wc -l large_file.txt -> /bin/bash -c ps aux --sort=-%mem | head -n 5 -> head -n 5 -> /bin/bash -c sudo chown user1 file.txt -> /bin/bash -c mv ~/Documents/old_folder ~/Downloads/ -> /bin/bash -c date '+%Y-%m-%d %H:%M:%S' -> /bin/bash -c uptime -> /bin/bash -c mkdir ~/Documents/projects -> /bin/bash -c mkdir ~/Documents/archive -> /bin/bash -c ls ~/Downloads -> /bin/bash -c find / -name '*backup*' -> /bin/bash -c du -sh ~/Downloads -> /bin/bash -c chmod 666 data.txt -> /bin/bash -c tar -czvf work_backup.tar.gz ~/work -> /bin/bash -c grep 'error' /var/log/* -> /bin/bash -c df -h -> /bin/bash -c zip -r project.zip ~/project_folder -> /bin/bash -c mv ~/Desktop/report.pdf ~/Documents/ -> /bin/bash -c touch ~/Documents/notes.txt -> /bin/bash -c cat message.txt -> /bin/bash -c tail -n 10 error.log -> /bin/bash -c rm old_report.txt -> /bin/bash -c tar -czvf home_backup.tar.gz ~/ -> /bin/bash -c sudo apt install htop -> /bin/bash -c rm /var/log/*.log -> /bin/bash -c pstree -> /bin/bash -c touch new_file.txt -> /bin/bash -c find . -mtime +30 -> /bin/bash -c ls -d /home/*/ -> /bin/bash -c date '+%Y-%m-%d' -> /bin/bash -c grep 'warning' system.log -> /bin/bash -c tail -n 100 /var/log/syslog -> /bin/bash -c sudo systemctl start apache2 -> /bin/bash -c sudo systemctl stop apache2 -> /bin/bash -c sudo systemctl restart apache2 -> /bin/bash -c touch ~/Documents/test_file.txt -> /bin/bash -c du -sh * -> /bin/bash -c ls -l my_file.txt -> /bin/bash -c find / -type f -exec du -h {} + | sort -rh | head -n 10 -> find / -type f -exec du -h {} + -> du -h /sys/kernel/warn_count /sys/kernel/notes /sys/kernel/mm/page_idle/bitmap /sys/kernel/mm/lru_gen/enabled /sys/kernel/mm/lru_gen/min_ttl_ms /sys/kernel/mm/hugepages/hugepages-2048kB/free_hugepages /sys/kernel/mm/hugepages/hugepages-2048kB/resv_hugepages /sys/kernel/mm/hugepages/hugepages-2048kB/surplus_hugepages /sys/kernel/mm/hugepages/hugepages-2048kB/nr_hugepages_mempolic /sys/kernel/mm/hugepages/hugepages-2048kB/nr_hugepages -> du -h /sys/kernel/slab/kmalloc-rnd-06-64/validate /sys/kernel/slab/kmalloc-rnd-06-64/skip_kfence /sys/kernel/slab/kmalloc-rnd-06-64/min_partial /sys/kernel/slab/kmalloc-rnd-06-64/poison /sys/kernel/slab/kmalloc-rnd-06-64/red_zone /sys/kernel/slab/kmalloc-rnd-06-64/slabs /sys/kernel/slab/kmalloc-rnd-06-64/destroy_by_rcu /sys/kernel/slab/kmalloc-rnd-06-64/usersize /sys/kernel/slab/kmalloc-rnd-06-64/sanity_checks /sys/kernel/slab/kmalloc-rnd-06-64/align -> du -h /sys/kernel/slab/kmalloc-rcl-512/usersize /sys/kernel/slab/kmalloc-rcl-512/sanity_checks /sys/kernel/slab/kmalloc-rcl-512/align /sys/kernel/slab/kmalloc-rcl-512/aliases /sys/kernel/slab/kmalloc-rcl-512/store_user /sys/kernel/slab/kmalloc-rcl-512/trace /sys/kernel/slab/kmalloc-rcl-512/reclaim_account /sys/kernel/slab/kmalloc-rcl-512/order /sys/kernel/slab/kmalloc-rcl-512/object_size /sys/kernel/slab/kmalloc-rcl-512/shrink -> du -h /sys/kernel/slab/kmalloc-rnd-01-192/sanity_checks /sys/kernel/slab/kmalloc-rnd-01-192/align /sys/kernel/slab/kmalloc-rnd-01-192/aliases /sys/kernel/slab/kmalloc-rnd-01-192/store_user /sys/kernel/slab/kmalloc-rnd-01-192/trace /sys/kernel/slab/kmalloc-rnd-01-192/reclaim_account /sys/kernel/slab/kmalloc-rnd-01-192/order /sys/kernel/slab/kmalloc-rnd-01-192/object_size /sys/kernel/slab/kmalloc-rnd-01-192/shrink /sys/kernel/slab/kmalloc-rnd-01-192/hwcache_align -> du -h /sys/devices/platform/PNP0C14:00/wmi_bus/wmi_bus-PNP0C14:00/86C /sys/devices/platform/PNP0C14:00/wmi_bus/wmi_bus-PNP0C14:00/86C /sys/devices/platform/PNP0C14:00/wmi_bus/wmi_bus-PNP0C14:00/86C /sys/devices/platform/PNP0C14:00/wmi_bus/wmi_bus-PNP0C14:00/86C /sys/devices/platform/PNP0C14:00/wmi_bus/wmi_bus-PNP0C14:00/86C /sys/devices/platform/PNP0C14:00/wmi_bus/wmi_bus-PNP0C14:00/86C /sys/devices/platform/PNP0C14:00/wmi_bus/wmi_bus-PNP0C14:00/86C /sys/devices/platform/PNP0C14:00/wmi_bus/wmi_bus-PNP0C14:00/86C /sys/devices/platform/PNP0C14:00/wmi_bus/wmi_bus-PNP0C14:00/86C /sys/devices/platform/PNP0C14:00/wmi_bus/wmi_bus-PNP0C14:00/86C -> du -h /sys/devices/platform/serial8250/serial8250:0/serial8250:0.10/t /sys/devices/platform/serial8250/serial8250:0/serial8250:0.10/t /sys/devices/platform/serial8250/serial8250:0/serial8250:0.10/t /sys/devices/platform/serial8250/serial8250:0/serial8250:0.10/t /sys/devices/platform/serial8250/serial8250:0/serial8250:0.10/t /sys/devices/platform/serial8250/serial8250:0/serial8250:0.10/t /sys/devices/platform/serial8250/serial8250:0/serial8250:0.10/t /sys/devices/platform/serial8250/serial8250:0/serial8250:0.10/t /sys/devices/platform/serial8250/serial8250:0/serial8250:0.10/t /sys/devices/platform/serial8250/serial8250:0/serial8250:0.10/t -> du -h /sys/devices/pci0000:00/0000:00:17.0/ata3/host2/target2:0:0/2:0 /sys/devices/pci0000:00/0000:00:17.0/ata3/host2/target2:0:0/2:0 /sys/devices/pci0000:00/0000:00:17.0/ata3/host2/target2:0:0/2:0 /sys/devices/pci0000:00/0000:00:17.0/ata3/host2/target2:0:0/2:0 /sys/devices/pci0000:00/0000:00:17.0/ata3/host2/target2:0:0/2:0 /sys/devices/pci0000:00/0000:00:17.0/ata3/host2/target2:0:0/2:0 /sys/devices/pci0000:00/0000:00:17.0/ata3/host2/target2:0:0/2:0 /sys/devices/pci0000:00/0000:00:17.0/ata3/host2/target2:0:0/2:0 /sys/devices/pci0000:00/0000:00:17.0/ata3/host2/target2:0:0/2:0 /sys/devices/pci0000:00/0000:00:17.0/ata3/host2/target2:0:0/2:0 -> du -h /sys/devices/pci0000:00/0000:00:1f.3/hdaudioC0D0/widgets/21/pin /sys/devices/pci0000:00/0000:00:1f.3/hdaudioC0D0/widgets/21/amp /sys/devices/pci0000:00/0000:00:1f.3/hdaudioC0D0/widgets/21/con /sys/devices/pci0000:00/0000:00:1f.3/hdaudioC0D0/widgets/21/pin /sys/devices/pci0000:00/0000:00:1f.3/hdaudioC0D0/widgets/21/cap /sys/devices/pci0000:00/0000:00:1f.3/hdaudioC0D0/widgets/21/pow /sys/devices/pci0000:00/0000:00:1f.3/hdaudioC0D0/widgets/21/pcm /sys/devices/pci0000:00/0000:00:1f.3/hdaudioC0D0/widgets/11/pcm /sys/devices/pci0000:00/0000:00:1f.3/hdaudioC0D0/widgets/11/amp /sys/devices/pci0000:00/0000:00:1f.3/hdaudioC0D0/widgets/11/pin -> du -h /sys/devices/pci0000:00/0000:00:14.0/usb1/1-5/1-5:1.0/iad_bFunc /sys/devices/pci0000:00/0000:00:14.0/usb1/1-5/1-5:1.0/bInterfac /sys/devices/pci0000:00/0000:00:14.0/usb1/1-5/1-5:1.0/video4lin /sys/devices/pci0000:00/0000:00:14.0/usb1/1-5/1-5:1.0/video4lin /sys/devices/pci0000:00/0000:00:14.0/usb1/1-5/1-5:1.0/video4lin /sys/devices/pci0000:00/0000:00:14.0/usb1/1-5/1-5:1.0/video4lin /sys/devices/pci0000:00/0000:00:14.0/usb1/1-5/1-5:1.0/video4lin /sys/devices/pci0000:00/0000:00:14.0/usb1/1-5/1-5:1.0/video4lin /sys/devices/pci0000:00/0000:00:14.0/usb1/1-5/1-5:1.0/video4lin /sys/devices/pci0000:00/0000:00:14.0/usb1/1-5/1-5:1.0/video4lin -> du -h /sys/devices/pci0000:00/0000:00:1c.2/0000:02:00.0/subsystem_dev /sys/devices/pci0000:00/0000:00:1c.2/0000:02:00.0/dma_mask_bits /sys/devices/pci0000:00/0000:00:1c.2/0000:02:00.0/vendor /sys/devices/pci0000:00/0000:00:1c.2/0000:02:00.0/local_cpus /sys/devices/pci0000:00/0000:00:1c.2/0000:02:00.0/power/runtime /sys/devices/pci0000:00/0000:00:1c.2/0000:02:00.0/power/wakeup /sys/devices/pci0000:00/0000:00:1c.2/0000:02:00.0/power/wakeup_ /sys/devices/pci0000:00/0000:00:1c.2/0000:02:00.0/power/wakeup_ /sys/devices/pci0000:00/0000:00:1c.2/0000:02:00.0/power/wakeup_ /sys/devices/pci0000:00/0000:00:1c.2/0000:02:00.0/power/runtime -> du -h /sys/devices/virtual/thermal/thermal_zone2/trip_point_4_temp /sys/devices/virtual/thermal/thermal_zone2/trip_point_2_type /sys/devices/virtual/thermal/thermal_zone2/mode /sys/devices/virtual/thermal/thermal_zone2/power/runtime_active /sys/devices/virtual/thermal/thermal_zone2/power/runtime_active /sys/devices/virtual/thermal/thermal_zone2/power/runtime_usage /sys/devices/virtual/thermal/thermal_zone2/power/runtime_status /sys/devices/virtual/thermal/thermal_zone2/power/autosuspend_de /sys/devices/virtual/thermal/thermal_zone2/power/async /sys/devices/virtual/thermal/thermal_zone2/power/runtime_suspen -> du -h /sys/devices/virtual/block/loop19/queue/rotational /sys/devices/virtual/block/loop19/queue/discard_max_bytes /sys/devices/virtual/block/loop19/queue/add_random /sys/devices/virtual/block/loop19/queue/discard_max_hw_bytes /sys/devices/virtual/block/loop19/queue/optimal_io_size /sys/devices/virtual/block/loop19/queue/chunk_sectors /sys/devices/virtual/block/loop19/queue/read_ahead_kb /sys/devices/virtual/block/loop19/queue/max_discard_segments /sys/devices/virtual/block/loop19/queue/write_zeroes_max_bytes /sys/devices/virtual/block/loop19/queue/nomerges -> du -h /sys/devices/LNXSYSTM:00/LNXSYBUS:00/PNP0C0F:06/power/runtime_u /sys/devices/LNXSYSTM:00/LNXSYBUS:00/PNP0C0F:06/power/runtime_s /sys/devices/LNXSYSTM:00/LNXSYBUS:00/PNP0C0F:06/power/autosuspe /sys/devices/LNXSYSTM:00/LNXSYBUS:00/PNP0C0F:06/power/async /sys/devices/LNXSYSTM:00/LNXSYBUS:00/PNP0C0F:06/power/runtime_s /sys/devices/LNXSYSTM:00/LNXSYBUS:00/PNP0C0F:06/power/runtime_e /sys/devices/LNXSYSTM:00/LNXSYBUS:00/PNP0C0F:06/power/control /sys/devices/LNXSYSTM:00/LNXSYBUS:00/PNP0C0F:06/uid /sys/devices/LNXSYSTM:00/LNXSYBUS:00/PNP0C0F:06/hid /sys/devices/LNXSYSTM:00/LNXSYBUS:00/PNP0C0F:06/path -> du -h /sys/devices/LNXSYSTM:00/LNXSYBUS:00/PNP0A08:00/device:10/PNP01 /sys/devices/LNXSYSTM:00/LNXSYBUS:00/PNP0A08:00/device:10/PNP01 /sys/devices/LNXSYSTM:00/LNXSYBUS:00/PNP0A08:00/device:10/PNP01 /sys/devices/LNXSYSTM:00/LNXSYBUS:00/PNP0A08:00/device:10/PNP01 /sys/devices/LNXSYSTM:00/LNXSYBUS:00/PNP0A08:00/device:10/PNP0C /sys/devices/LNXSYSTM:00/LNXSYBUS:00/PNP0A08:00/device:10/PNP0C /sys/devices/LNXSYSTM:00/LNXSYBUS:00/PNP0A08:00/device:10/PNP0C /sys/devices/LNXSYSTM:00/LNXSYBUS:00/PNP0A08:00/device:10/PNP0C /sys/devices/LNXSYSTM:00/LNXSYBUS:00/PNP0A08:00/device:10/PNP0C /sys/devices/LNXSYSTM:00/LNXSYBUS:00/PNP0A08:00/device:10/PNP0C -> du -h /sys/devices/LNXSYSTM:00/LNXPWRBN:00/input/input3/id/bustype /sys/devices/LNXSYSTM:00/LNXPWRBN:00/input/input3/id/vendor /sys/devices/LNXSYSTM:00/LNXPWRBN:00/input/input3/id/product /sys/devices/LNXSYSTM:00/LNXPWRBN:00/input/input3/id/version /sys/devices/LNXSYSTM:00/LNXPWRBN:00/input/input3/event3/uevent /sys/devices/LNXSYSTM:00/LNXPWRBN:00/input/input3/event3/power/ /sys/devices/LNXSYSTM:00/LNXPWRBN:00/input/input3/event3/power/ /sys/devices/LNXSYSTM:00/LNXPWRBN:00/input/input3/event3/power/ /sys/devices/LNXSYSTM:00/LNXPWRBN:00/input/input3/event3/power/ /sys/devices/LNXSYSTM:00/LNXPWRBN:00/input/input3/event3/power/ -> du -h /sys/module/videobuf2_vmalloc/sections/__dyndbg /sys/module/videobuf2_vmalloc/sections/.gnu.linkonce.this_modul /sys/module/videobuf2_vmalloc/sections/.symtab /sys/module/videobuf2_vmalloc/sections/.rodata /sys/module/videobuf2_vmalloc/sections/.note.gnu.build-id /sys/module/videobuf2_vmalloc/sections/.text /sys/module/videobuf2_vmalloc/sections/.call_sites /sys/module/videobuf2_vmalloc/sections/.data /sys/module/videobuf2_vmalloc/sections/.smp_locks /sys/module/videobuf2_vmalloc/sections/__bug_table -> du -h /sys/module/vboxdrv/sections/.return_sites /sys/module/vboxdrv/sections/.gnu.linkonce.this_module /sys/module/vboxdrv/sections/.symtab /sys/module/vboxdrv/sections/.rodata /sys/module/vboxdrv/sections/.init.text /sys/module/vboxdrv/sections/.note.gnu.build-id /sys/module/vboxdrv/sections/.text /sys/module/vboxdrv/sections/.fixup /sys/module/vboxdrv/sections/.init.data /sys/module/vboxdrv/sections/.call_sites -> du -h /usr/share/bash-completion/completions/mkfs.bfs /usr/share/bash-completion/completions/nsenter /usr/share/bash-completion/completions/setterm /usr/share/bash-completion/completions/chmem /usr/share/bash-completion/completions/unshare /usr/share/bash-completion/completions/mkfs.minix /usr/share/bash-completion/completions/renice /usr/share/bash-completion/completions/su /usr/share/bash-completion/completions/scriptlive /usr/share/bash-completion/completions/ipcmk -> du -h /usr/lib/python3.12/test/typinganndata/ann_module5.py /usr/lib/python3.12/test/typinganndata/ann_module4.py /usr/lib/python3.12/io.py /usr/lib/python3.12/locale.py /usr/lib/python3.12/sched.py /usr/lib/python3.12/heapq.py /usr/lib/python3.12/copyreg.py /usr/lib/python3.12/selectors.py /usr/lib/python3.12/zipfile/_path/__init__.py /usr/lib/python3.12/zipfile/_path/__pycache__/glob.cpython-312. -> du -h /proc/3545/mem /proc/3545/mounts /proc/3545/mountinfo /proc/3545/mountstats /proc/3545/clear_refs /proc/3545/smaps /proc/3545/smaps_rollup /proc/3545/pagemap /proc/3545/attr/current /proc/3545/attr/prev -> sort -rh -> /bin/bash -c find ~/Pictures -name '*.jpg' -> /bin/bash -c cat config.txt -> /bin/bash -c ls -lt -> /bin/bash -c grep -r 'error' . -> /bin/bash -c hostname -> /bin/bash -c top -> /bin/bash -c ps aux | wc -l -> wc -l -> /bin/bash -c snap list -> /bin/bash -c rm *.bak -> /bin/bash -c mkdir temp_backup -> /bin/bash -c uptime -p -> /bin/bash -c cd ~/Downloads -> /bin/bash -c history -> /bin/bash -c sudo systemctl start mysql -> /bin/bash -c sudo systemctl stop mysql -> /bin/bash -c sudo systemctl status apache2 -> /bin/bash -c grep -r 'backup' . -> /bin/bash -c tree -> /bin/bash -c mv old_name.txt new_name.txt -> /bin/bash -c sudo chown -R user1 data/ -> /bin/bash -c grep 'Linux' readme.txt -> /bin/bash -c clear -> /bin/bash -c tail -n 50 /var/log/syslog -> /bin/bash -c wc -l document.txt -> /bin/bash -c du -sh / -> /bin/bash -c ln file.txt file_link.txt -> /bin/bash -c grep 'error' *.txt -> /bin/bash -c uname -v -> /bin/bash -c mkdir ~/backup -> /bin/bash -c sensors | grep 'Core 0' -> bash -> grep Core 0 -> /bin/bash -c cd ~ -> /bin/bash -c tar -czvf photos_backup.tar.gz ~/photos -> /bin/bash -c tar -czvf documents_backup.tar.gz ~/documents -> /bin/bash -c find . -mtime -7 -> /bin/bash -c docker ps -> /bin/bash -c ps aux --sort=-%cpu | head -n 10 -> /bin/bash -c sudo apt install curl -> /bin/bash -c chmod 444 data.txt -> /bin/bash -c w -> /bin/bash -c date -> /bin/bash -c chmod +x example.sh -> /bin/bash -c ln -s example.txt link_example.txt -> /bin/bash -c mv ~/Downloads/data.txt ~/Documents/ -> /bin/bash -c find . -type f -empty -delete -> /bin/bash -c wget http://example.com/file.txt -> /bin/bash -c df -h / -> /bin/bash -c zip -r archive.zip * -> /bin/bash -c systemctl list-units --type=service -> /bin/bash -c grep -r 'config' /etc/ -> /bin/bash -c cp important.txt important_backup.txt -> /bin/bash -c ls | wc -l -> ls -> /bin/bash -c sudo chown -R user1 project/ -> /bin/bash -c du -ah / | sort -rh | head -n 10 -> du -ah / -> /bin/bash -c mkdir ~/logs -> /bin/bash -c find . -name '*.log' -> /bin/bash -c grep 'error' app.log -> /bin/bash -c sudo reboot -> /bin/bash -c ip link show -> /bin/bash -c sudo mkdir /var/temp -> /bin/bash -c firefox 'https://example.com' & -> /bin/bash -c sudo hostnamectl set-hostname new-hostname -> /bin/bash -c find . -mtime -30 -> /bin/bash -c sudo systemctl start nginx -> /bin/bash -c sudo systemctl stop nginx -> /bin/bash -c ls ~/documents | wc -l -> ls /root/documents -> /bin/bash -c find / -name '*.bak' -exec rm {} + -> /bin/bash -c ls -l log.txt -> /bin/bash -c find /home -type f -> /bin/bash -c python3 -m http.server 8000 -> /bin/bash -c tar -cvf documents_backup.tar ~/documents -> /bin/bash -c find . -name '*.txt' -> /bin/bash -c head -n 20 logfile.log -> /bin/bash -c du -ah . | sort -rh | head -n 10 -> du -ah . -> /bin/bash -c sudo systemctl status ssh -> /bin/bash -c sudo systemctl stop ssh -> /bin/bash -c free -m -> /bin/bash -c sudo apt install nginx -> /bin/bash -c sudo systemctl restart nginx -> /bin/bash -c rm -rf old_files -> /bin/bash -c ls -l example.sh -> /bin/bash -c chmod 755 backup -> /bin/bash -c mkdir ~/projects -> /bin/bash -c find / -type f -empty -delete,87,1,3,541,0,550,24,0,8,12,2,15,14,0,0,0,0,0,0,0,0,15,8,0,0,0,0,0,0,0,0,2,22,2,22,2,6,0,12,1,4,0,1,1,0,6,620,0,0,0,0,0,0,0,0,1,0,0,0,0,0,0,3.32538682083584,8.222825538434812
systemd -> udisksd -> pool-tracker-mi -> cupsd -> snapd -> systemd-timesyn -> systemd-logind,106,2,0,1,0,4,5,0,1,0,0,0,2,0,0,0,0,0,0,0,0,0,3,2,6,0,0,0,0,0,0,0,4,0,4,0,0,0,0,0,0,0,0,0,0,1,7,0,0,0,0,0,0,0,0,0,0,0,0,0,0,0,0.0,4.397776944765114
udisksd,4,0,0,0,0,0,0,0,0,0,0,0,0,0,0,0,0,0,0,0,0,0,0,0,0,0,0,0,0,0,0,0,0,0,0,0,0,0,0,0,0,0,0,0,0,0,0,0,0,0,0,0,0,0,0,0,0,0,0,0,0,0,0.0,0.039220713153281295
pool,2,0,0,0,0,0,0,0,0,0,0,0,0,0,0,0,0,0,0,0,0,0,0,0,0,0,0,0,0,0,0,0,0,0,0,0,0,0,0,0,0,0,0,0,0,0,0,0,0,0,0,0,0,0,0,0,0,0,0,0,0,0,0.0,0.019802627296179712
systemd -> pool-tracker-mi,51,1,0,0,0,0,0,0,0,0,0,0,0,0,0,0,0,0,0,0,0,0,0,0,0,0,0,0,0,0,0,0,0,0,0,0,0,0,0,0,0,0,0,0,0,0,0,0,0,0,0,0,0,0,0,0,0,0,0,0,0,0,0.0,0.43178241642553783
/bin/bash -c firefox &,0,0,0,0,0,2,0,0,0,0,0,0,0,0,0,0,0,0,0,0,0,0,0,0,0,0,0,0,0,0,0,0,0,0,0,0,0,0,0,0,0,0,0,0,0,0,1,0,0,0,0,0,0,0,0,0,0,0,0,0,0,0,2.9646249865489063,2.1379831123066038
bash,0,0,0,0,0,0,0,0,0,0,0,0,0,0,0,0,0,0,0,0,0,0,0,0,0,0,0,0,0,0,0,0,0,0,0,0,0,0,0,0,0,0,0,0,0,0,0,0,0,0,0,0,0,0,0,0,0,0,0,0,0,0,0.0,0.0
/bin/bash -c find ~/Pictures -name '*.png',0,0,0,2,0,2,0,0,0,0,0,0,0,0,0,0,0,0,0,0,0,0,0,0,0,0,0,0,0,0,0,0,0,0,0,0,0,0,0,0,0,0,0,0,0,2,2,0,0,0,0,0,0,0,0,0,0,0,0,0,0,0,3.1425078942414393,3.2414688278785775
/bin/bash -c cp ~/Downloads/notes.txt ~/Documents/,0,0,0,2,0,2,0,0,0,0,0,0,0,0,0,0,0,0,0,0,0,0,0,0,0,0,0,0,0,0,0,0,0,0,0,0,0,0,0,0,0,0,0,0,0,2,2,0,0,0,0,0,0,0,0,0,0,0,0,0,0,0,2.891665562376658,3.2365519881823057
/bin/bash -c rm ~/Desktop/old_backup.zip,0,0,0,2,0,2,0,0,0,0,0,0,0,0,0,0,0,0,0,0,0,0,0,0,0,0,0,0,0,0,0,0,0,0,0,0,0,0,0,0,0,0,0,0,0,2,2,0,0,0,0,0,0,0,0,0,0,0,0,0,0,0,3.096351119480036,3.2405659074363404
/bin/bash -c pwd,0,0,0,2,0,2,0,0,0,0,0,0,0,0,0,0,0,0,0,0,0,0,0,0,0,0,0,0,0,0,0,0,0,0,0,0,0,0,0,0,0,0,0,0,0,2,1,0,0,0,0,0,0,0,0,0,0,0,0,0,0,0,2.825046156391832,3.063975941440477
redis-server,0,0,0,0,0,0,0,0,0,0,0,0,1,0,0,0,0,0,0,0,0,0,0,0,0,0,0,0,0,0,0,0,0,0,0,0,0,0,0,0,0,0,0,0,0,0,0,0,0,0,0,0,0,0,0,0,0,0,0,0,0,0,0.0,0.04879016416943201
/bin/bash -c ls -a ~,0,0,0,2,0,2,0,0,0,0,0,0,0,0,0,0,0,0,0,0,0,0,0,0,0,0,0,0,0,0,0,0,0,0,0,0,0,0,0,0,0,0,0,0,0,2,2,0,0,0,0,0,0,0,0,0,0,0,0,0,0,0,2.5580510765444573,3.229975021790151
/bin/bash -c code .,0,0,0,2,0,2,0,0,0,0,0,0,0,0,0,0,0,0,0,0,0,0,0,0,0,0,0,0,0,0,0,0,0,0,0,0,0,0,0,0,0,0,0,0,0,2,1,0,0,0,0,0,0,0,0,0,0,0,0,0,0,0,2.8702169899311403,3.0650301616170497
/bin/bash -c hostname -I,0,0,0,2,0,3,0,0,0,0,0,0,0,0,0,0,0,0,0,0,0,0,0,0,0,0,0,0,0,0,0,0,0,0,0,0,0,0,0,0,0,0,0,0,0,2,2,0,0,0,0,0,0,0,0,0,0,0,0,0,0,0,2.7463840917077538,3.2723480414222097
/bin/bash -c free -h,0,0,0,2,0,2,0,0,0,0,0,0,0,0,0,0,0,0,0,0,0,0,0,0,0,0,0,0,0,0,0,0,0,0,0,0,0,0,0,0,0,0,0,0,0,2,2,0,0,0,0,0,0,0,0,0,0,0,0,0,0,0,2.2221915755066783,3.2233098117136683
/bin/bash -c ps aux,2,0,0,4,0,4,0,0,0,0,0,0,0,0,0,0,0,0,0,0,0,0,0,0,0,0,0,0,0,0,0,0,0,0,0,0,0,0,0,0,0,0,0,0,0,4,1,0,0,0,0,0,0,0,0,0,0,0,0,0,0,0,2.8057008608988823,3.3817715979867793
/bin/bash -c grep 'error' log.txt,0,0,0,2,0,2,0,0,0,0,0,0,0,0,0,0,0,0,0,0,0,0,0,0,0,0,0,0,0,0,0,0,0,0,0,0,0,0,0,0,0,0,0,0,0,2,2,0,0,0,0,0,0,0,0,0,0,0,0,0,0,0,2.5476363447698502,3.229769005055048
/bin/bash -c mv ~/Documents/report.pdf ~/Desktop/,0,0,0,2,0,2,0,0,0,0,0,0,0,0,0,0,0,0,0,0,0,0,0,0,0,0,0,0,0,0,0,0,0,0,0,0,0,0,0,0,0,0,0,0,0,2,2,0,0,0,0,0,0,0,0,0,0,0,0,0,0,0,2.8817827189754146,3.236357775573827
/bin/bash -c sudo mkdir /temp -> sudo,1,0,0,2,0,2,1,0,0,0,0,0,0,0,0,0,0,0,0,0,0,0,0,0,0,0,0,0,0,0,0,0,1,0,1,0,0,0,1,0,0,0,0,0,0,2,2,0,0,0,0,0,0,0,0,1,0,0,0,0,0,0,2.825046156391832,3.661573082508382
mkdir /temp,0,0,0,0,0,0,0,0,0,0,0,2,0,0,0,0,0,0,0,0,0,0,0,0,0,0,0,0,0,0,0,0,0,0,0,0,0,0,0,0,0,0,0,0,0,0,1,0,0,0,0,0,0,0,0,0,0,0,0,0,0,0,2.6411209338130166,1.8469671662622023
sudo,0,0,0,0,0,0,0,0,0,0,0,0,0,0,0,0,0,0,0,0,0,0,0,0,0,0,0,0,0,0,0,0,0,0,0,0,0,0,0,0,0,0,0,0,0,0,0,0,0,0,0,0,0,0,0,0,0,0,0,0,0,0,0.0,0.0
ps,1,0,0,0,0,0,0,0,0,0,0,0,0,0,0,0,0,0,0,0,0,0,0,0,0,0,0,0,0,0,0,0,0,0,0,0,0,0,0,0,0,0,0,0,0,0,0,0,0,0,0,0,0,0,0,0,0,0,0,0,0,0,0.0,0.009950330853168083
/bin/bash -c find . -name 'readme.txt',0,0,0,2,0,2,0,0,0,0,0,0,0,0,0,0,0,0,0,0,0,0,0,0,0,0,0,0,0,0,0,0,0,0,0,0,0,0,0,0,0,0,0,0,0,2,2,0,0,0,0,0,0,0,0,0,0,0,0,0,0,0,2.786286571231695,3.234479188196394
/bin/bash -c cp /config.json ./,0,0,0,2,0,2,0,0,0,0,0,0,0,0,0,0,0,0,0,0,0,0,0,0,0,0,0,0,0,0,0,0,0,0,0,0,0,0,0,0,0,0,0,0,0,2,2,0,0,0,0,0,0,0,0,0,0,0,0,0,0,0,2.7411847318666243,3.233590722409686
/bin/bash -c rm ~/Downloads/outdated_backup.tar,0,0,0,2,0,2,0,0,0,0,0,0,0,0,0,0,0,0,0,0,0,0,0,0,0,0,0,0,0,0,0,0,0,0,0,0,0,0,0,0,0,0,0,0,0,2,2,0,0,0,0,0,0,0,0,0,0,0,0,0,0,0,3.039254654320422,3.2394478552022585
/bin/bash -c uname -r,0,0,0,2,0,2,0,0,0,0,0,0,0,0,0,0,0,0,0,0,0,0,0,0,0,0,0,0,0,0,0,0,0,0,0,0,0,0,0,0,0,0,0,0,0,2,2,0,0,0,0,0,0,0,0,0,0,0,0,0,0,0,2.5073801024236357,3.2289722856859178
/bin/bash -c ls -d */,0,0,0,2,0,2,0,0,0,0,0,0,0,0,0,0,0,0,0,0,0,0,0,0,0,0,0,0,0,0,0,0,0,0,0,0,0,0,0,0,0,0,0,0,0,2,2,0,0,0,0,0,0,0,0,0,0,0,0,0,0,0,2.40400975732486,3.2269235500298343
/bin/bash -c ps aux --sort=-%mem | head -n 10 -> head -n 10 -> ps,2,0,0,4,0,4,0,0,0,0,0,0,0,0,0,0,0,0,0,0,0,0,0,0,0,0,0,0,0,0,0,0,0,0,0,0,0,0,0,0,0,0,0,0,0,2,2,0,0,0,0,0,0,0,0,0,0,0,0,0,0,0,3.1865818803774557,3.388223278801106
head -n 10,0,0,0,0,0,0,0,0,0,0,0,0,0,0,0,0,0,0,0,0,0,0,0,0,0,0,0,0,0,0,0,0,0,0,0,0,0,0,0,0,0,0,0,0,0,0,1,0,0,0,0,0,0,0,0,0,0,0,0,0,0,0,2.596791631981637,1.8402949685907477
ps,2,0,0,2,0,2,0,0,0,0,0,0,0,0,0,0,0,0,0,0,0,0,0,0,0,0,0,0,0,0,0,0,0,0,0,0,0,0,0,0,0,0,0,0,0,2,0,0,0,0,0,0,0,0,0,0,0,0,0,0,0,0,0.0,2.7738379416402132
/bin/bash -c find /var/www -name 'index.html',0,0,0,2,0,2,0,0,0,0,0,0,0,0,0,0,0,0,0,0,0,0,0,0,0,0,0,0,0,0,0,0,0,0,0,0,0,0,0,0,0,0,0,0,0,2,2,0,0,0,0,0,0,0,0,0,0,0,0,0,0,0,3.0161995550161174,3.238996040061654
/bin/bash -c mv oldfile.txt newfile.txt,0,0,0,2,0,2,0,0,0,0,0,0,0,0,0,0,0,0,0,0,0,0,0,0,0,0,0,0,0,0,0,0,0,0,0,0,0,0,0,0,0,0,0,0,0,2,2,0,0,0,0,0,0,0,0,0,0,0,0,0,0,0,2.798169702876824,3.2347131439044854
/bin/bash -c printenv,0,0,0,2,0,2,0,0,0,0,0,0,0,0,0,0,0,0,0,0,0,0,0,0,0,0,0,0,0,0,0,0,0,0,0,0,0,0,0,0,0,0,0,0,0,2,2,0,0,0,0,0,0,0,0,0,0,0,0,0,0,0,2.4634582986483036,3.228102295751375
/bin/bash -c tar -czvf project.tar.gz ~/project -> /bin/sh -c gzip -> gzip,0,0,0,2,0,2,0,0,1,0,0,0,0,0,0,0,0,0,0,0,0,0,0,0,0,0,0,0,0,0,0,0,0,0,0,0,0,0,0,0,0,0,0,0,0,2,4,0,0,0,0,0,0,0,0,0,0,0,0,0,0,0,2.8773953980310876,3.5112079997859307
/bin/sh -c gzip -> gzip,0,0,0,0,0,0,0,0,1,0,0,0,0,0,0,0,0,0,0,0,0,0,0,0,0,0,0,0,0,0,0,0,0,0,0,0,0,0,0,0,0,0,0,0,0,0,2,0,0,0,0,0,0,0,0,0,0,0,0,0,0,0,2.7630741894285697,2.3448336306102555
gzip,0,0,0,0,0,0,0,0,0,0,0,0,0,0,0,0,0,0,0,0,0,0,0,0,0,0,0,0,0,0,0,0,0,0,0,0,0,0,0,0,0,0,0,0,0,0,1,0,0,0,0,0,0,0,0,0,0,0,0,0,0,0,2.128085278891395,1.8023766798862095
/bin/bash -c unzip archive.zip,0,0,0,2,0,2,0,0,0,0,0,0,0,0,0,0,0,0,0,0,0,0,0,0,0,0,0,0,0,0,0,0,0,0,0,0,0,0,0,0,0,0,0,0,0,2,1,0,0,0,0,0,0,0,0,0,0,0,0,0,0,0,2.9692141777392673,3.0673367293645835
cupsd,0,1,0,0,0,0,3,0,1,0,0,0,2,0,0,0,0,0,0,0,0,0,1,0,4,0,0,0,0,0,0,0,2,0,2,0,0,0,0,0,0,0,0,0,0,0,0,0,0,0,0,0,0,0,0,0,0,0,0,0,0,0,0.0,2.4997952622817508
/bin/bash -c zip -r files.zip ~/files,0,0,0,2,0,2,0,0,0,0,0,0,0,0,0,0,0,0,0,0,0,0,0,0,0,0,0,0,0,0,0,0,0,0,0,0,0,0,0,0,0,0,0,0,0,2,1,0,0,0,0,0,0,0,0,0,0,0,0,0,0,0,2.9820497472974266,3.067635400240785
/bin/bash -c sudo apt update && sudo apt upgrade -y -> sudo apt update -> sudo,1,0,0,2,0,2,1,0,0,0,0,0,0,0,0,0,0,0,0,0,0,0,0,0,0,0,0,0,0,0,0,0,1,0,1,0,0,0,1,0,0,0,0,0,0,2,2,0,0,0,0,0,0,0,0,1,0,0,0,0,0,0,3.040352110044453,3.664335091943873
sudo apt update -> sudo,1,0,0,0,0,0,1,0,0,0,0,0,0,0,0,0,0,0,0,0,0,0,0,0,0,0,0,0,0,0,0,0,1,0,1,0,0,0,1,0,0,0,0,0,0,0,1,0,0,0,0,0,0,0,0,1,0,0,0,0,0,0,2.52307418942857,2.9842433830077004
"apt update -> /usr/bin/dpkg --print-foreign-architectures -> /usr/lib/apt/methods/http -> /usr/lib/apt/methods/gpgv -> gpgv -> /usr/bin/apt-key --quiet --readonly --keyring /usr/share/keyrings/ubuntu-archive-keyring.gpg verify --status-fd 3 /tmp/apt.sig.VVp8MB /tmp/apt.data.Drprqk -> apt-key -> apt-config shell MASTER_KEYRING APT::Key::MasterKeyring -> apt-config shell ARCHIVE_KEYRING APT::Key::ArchiveKeyring -> apt-config shell REMOVED_KEYS APT::Key::RemovedKeys -> apt-config shell ARCHIVE_KEYRING_URI APT::Key::ArchiveKeyringURI -> apt-config shell GPGV Apt::Key::gpgvcommand ASSERT_PUBKEY_ALGO Apt::Key::assert-pubkey-algo -> mktemp --directory --tmpdir apt-key-gpghome.XXXXXXXXXX -> chmod 700 /tmp/apt-key-gpghome.OgTwRKzDGo -> gpgv --assert-pubkey-algo=>=rsa1024,ed25519,ed448,nistp256,nistp384, --homedir /tmp/apt-key-gpghome.OgTwRKzDGo --keyring /usr/share/keyrings/ubuntu-archive-keyring.gpg --ignore-time-conflict --status-fd 3 /tmp/apt.sig.VVp8MB /tmp/apt.data.Drprqk -> rm -rf /tmp/apt-key-gpghome.OgTwRKzDGo -> /usr/bin/apt-key --quiet --readonly --keyring /usr/share/keyrings/ubuntu-archive-keyring.gpg verify --status-fd 3 /tmp/apt.sig.0RzEGo /tmp/apt.data.ms5a7r -> chmod 700 /tmp/apt-key-gpghome.uNr0U6g7B9 -> gpgv --assert-pubkey-algo=>=rsa1024,ed25519,ed448,nistp256,nistp384, --homedir /tmp/apt-key-gpghome.uNr0U6g7B9 --keyring /usr/share/keyrings/ubuntu-archive-keyring.gpg --ignore-time-conflict --status-fd 3 /tmp/apt.sig.0RzEGo /tmp/apt.data.ms5a7r -> rm -rf /tmp/apt-key-gpghome.uNr0U6g7B9 -> /usr/bin/apt-key --quiet --readonly --keyring /usr/share/keyrings/ubuntu-archive-keyring.gpg verify --status-fd 3 /tmp/apt.sig.GGcMHF /tmp/apt.data.qMPFaQ -> chmod 700 /tmp/apt-key-gpghome.QL2uLGjmwR -> gpgv --assert-pubkey-algo=>=rsa1024,ed25519,ed448,nistp256,nistp384, --homedir /tmp/apt-key-gpghome.QL2uLGjmwR --keyring /usr/share/keyrings/ubuntu-archive-keyring.gpg --ignore-time-conflict --status-fd 3 /tmp/apt.sig.GGcMHF /tmp/apt.data.qMPFaQ -> rm -rf /tmp/apt-key-gpghome.QL2uLGjmwR -> /usr/bin/apt-key --quiet --readonly --keyring /usr/share/keyrings/ubuntu-archive-keyring.gpg verify --status-fd 3 /tmp/apt.sig.fv5BQq /tmp/apt.data.tZE7ET -> chmod 700 /tmp/apt-key-gpghome.ZvWCQbZGED -> gpgv --assert-pubkey-algo=>=rsa1024,ed25519,ed448,nistp256,nistp384, --homedir /tmp/apt-key-gpghome.ZvWCQbZGED --keyring /usr/share/keyrings/ubuntu-archive-keyring.gpg --ignore-time-conflict --status-fd 3 /tmp/apt.sig.fv5BQq /tmp/apt.data.tZE7ET -> rm -rf /tmp/apt-key-gpghome.ZvWCQbZGED -> apt",5,0,4,58,0,28,56,0,57,0,0,8,8,0,0,0,0,0,0,0,0,5,8,44,16,0,0,0,0,0,0,0,28,0,28,0,4,0,0,0,2,0,8,0,24,26,114,0,0,0,0,1,0,0,0,0,0,0,0,0,0,0,3.527122803826714,6.817987628487568
/usr/bin/dpkg --print-foreign-architectures,0,0,0,0,0,0,0,0,0,0,0,0,0,0,0,0,0,0,0,0,0,0,0,0,0,0,0,0,0,0,0,0,0,0,0,0,0,0,0,0,0,0,0,0,0,0,1,0,0,0,0,0,0,0,0,0,0,0,0,0,0,0,3.046258435293526,1.8753542021604113
/usr/lib/apt/methods/http,0,0,0,0,0,0,0,0,0,0,0,0,0,0,0,0,0,0,0,0,0,0,0,0,0,0,0,0,0,0,0,0,0,0,0,0,0,0,0,0,0,0,0,0,0,0,1,0,0,0,0,0,0,0,0,0,0,0,0,0,0,0,2.846368201426544,1.8599139605946509
/usr/lib/apt/methods/http,0,0,0,26,0,11,0,0,0,0,0,0,0,0,0,0,0,0,0,0,0,0,0,0,0,0,0,0,0,0,0,0,0,0,0,0,0,0,0,0,0,0,0,0,12,26,1,0,0,0,0,0,0,0,0,0,0,0,0,0,0,0,2.846368201426544,4.791012073313644
/usr/lib/apt/methods/http,0,0,0,26,0,11,0,0,0,0,0,0,0,0,0,0,0,0,0,0,0,0,0,0,0,0,0,0,0,0,0,0,0,0,0,0,0,0,0,0,0,0,0,0,12,26,1,0,0,0,0,0,0,0,0,0,0,0,0,0,0,0,2.846368201426544,4.791012073313644
/usr/lib/apt/methods/gpgv,0,0,0,0,0,0,0,0,0,0,0,0,0,0,0,0,0,0,0,0,0,0,0,0,0,0,0,0,0,0,0,0,0,0,0,0,0,0,0,0,0,0,0,0,0,0,1,0,0,0,0,0,0,0,0,0,0,0,0,0,0,0,2.9688171810183803,1.8694006170807131
"/usr/lib/apt/methods/gpgv -> gpgv -> /usr/bin/apt-key --quiet --readonly --keyring /usr/share/keyrings/ubuntu-archive-keyring.gpg verify --status-fd 3 /tmp/apt.sig.VVp8MB /tmp/apt.data.Drprqk -> apt-key -> apt-config shell MASTER_KEYRING APT::Key::MasterKeyring -> /usr/bin/dpkg --print-foreign-architectures -> apt-config shell ARCHIVE_KEYRING APT::Key::ArchiveKeyring -> apt-config shell REMOVED_KEYS APT::Key::RemovedKeys -> apt-config shell ARCHIVE_KEYRING_URI APT::Key::ArchiveKeyringURI -> apt-config shell GPGV Apt::Key::gpgvcommand ASSERT_PUBKEY_ALGO Apt::Key::assert-pubkey-algo -> mktemp --directory --tmpdir apt-key-gpghome.XXXXXXXXXX -> chmod 700 /tmp/apt-key-gpghome.OgTwRKzDGo -> gpgv --assert-pubkey-algo=>=rsa1024,ed25519,ed448,nistp256,nistp384, --homedir /tmp/apt-key-gpghome.OgTwRKzDGo --keyring /usr/share/keyrings/ubuntu-archive-keyring.gpg --ignore-time-conflict --status-fd 3 /tmp/apt.sig.VVp8MB /tmp/apt.data.Drprqk -> rm -rf /tmp/apt-key-gpghome.OgTwRKzDGo -> /usr/bin/apt-key --quiet --readonly --keyring /usr/share/keyrings/ubuntu-archive-keyring.gpg verify --status-fd 3 /tmp/apt.sig.0RzEGo /tmp/apt.data.ms5a7r -> chmod 700 /tmp/apt-key-gpghome.uNr0U6g7B9 -> gpgv --assert-pubkey-algo=>=rsa1024,ed25519,ed448,nistp256,nistp384, --homedir /tmp/apt-key-gpghome.uNr0U6g7B9 --keyring /usr/share/keyrings/ubuntu-archive-keyring.gpg --ignore-time-conflict --status-fd 3 /tmp/apt.sig.0RzEGo /tmp/apt.data.ms5a7r -> rm -rf /tmp/apt-key-gpghome.uNr0U6g7B9 -> /usr/bin/apt-key --quiet --readonly --keyring /usr/share/keyrings/ubuntu-archive-keyring.gpg verify --status-fd 3 /tmp/apt.sig.GGcMHF /tmp/apt.data.qMPFaQ -> chmod 700 /tmp/apt-key-gpghome.QL2uLGjmwR -> gpgv --assert-pubkey-algo=>=rsa1024,ed25519,ed448,nistp256,nistp384, --homedir /tmp/apt-key-gpghome.QL2uLGjmwR --keyring /usr/share/keyrings/ubuntu-archive-keyring.gpg --ignore-time-conflict --status-fd 3 /tmp/apt.sig.GGcMHF /tmp/apt.data.qMPFaQ -> rm -rf /tmp/apt-key-gpghome.QL2uLGjmwR -> /usr/bin/apt-key --quiet --readonly --keyring /usr/share/keyrings/ubuntu-archive-keyring.gpg verify --status-fd 3 /tmp/apt.sig.fv5BQq /tmp/apt.data.tZE7ET -> chmod 700 /tmp/apt-key-gpghome.ZvWCQbZGED -> gpgv --assert-pubkey-algo=>=rsa1024,ed25519,ed448,nistp256,nistp384, --homedir /tmp/apt-key-gpghome.ZvWCQbZGED --keyring /usr/share/keyrings/ubuntu-archive-keyring.gpg --ignore-time-conflict --status-fd 3 /tmp/apt.sig.fv5BQq /tmp/apt.data.tZE7ET -> rm -rf /tmp/apt-key-gpghome.ZvWCQbZGED",4,0,4,2,0,2,16,0,32,0,0,8,8,0,0,0,0,0,0,0,0,4,8,16,16,0,0,0,0,0,0,0,8,0,8,0,0,0,0,0,0,0,0,0,0,2,65,0,0,0,0,1,0,0,0,0,0,0,0,0,0,0,3.527122803826714,6.0231656195587275
"/usr/bin/apt-key --quiet --readonly --keyring /usr/share/keyrings/ubuntu-archive-keyring.gpg verify --status-fd 3 /tmp/apt.sig.VVp8MB /tmp/apt.data.Drprqk -> apt-key -> apt-config shell MASTER_KEYRING APT::Key::MasterKeyring -> /usr/bin/dpkg --print-foreign-architectures -> apt-config shell ARCHIVE_KEYRING APT::Key::ArchiveKeyring -> apt-config shell REMOVED_KEYS APT::Key::RemovedKeys -> apt-config shell ARCHIVE_KEYRING_URI APT::Key::ArchiveKeyringURI -> apt-config shell GPGV Apt::Key::gpgvcommand ASSERT_PUBKEY_ALGO Apt::Key::assert-pubkey-algo -> mktemp --directory --tmpdir apt-key-gpghome.XXXXXXXXXX -> chmod 700 /tmp/apt-key-gpghome.OgTwRKzDGo -> gpgv --assert-pubkey-algo=>=rsa1024,ed25519,ed448,nistp256,nistp384, --homedir /tmp/apt-key-gpghome.OgTwRKzDGo --keyring /usr/share/keyrings/ubuntu-archive-keyring.gpg --ignore-time-conflict --status-fd 3 /tmp/apt.sig.VVp8MB /tmp/apt.data.Drprqk -> rm -rf /tmp/apt-key-gpghome.OgTwRKzDGo",1,0,1,0,0,0,2,0,2,0,0,2,2,0,0,0,0,0,0,0,0,1,0,2,2,0,0,0,0,0,0,0,0,0,0,0,0,0,0,0,0,0,0,0,0,0,16,0,0,0,0,1,0,0,0,0,0,0,0,0,0,0,3.509929398119477,4.614971641394115
apt-key,0,0,0,0,0,0,0,0,0,0,0,0,0,0,0,0,0,0,0,0,0,0,0,0,0,0,0,0,0,0,0,0,0,0,0,0,0,0,0,0,0,0,0,0,0,0,0,0,0,0,0,0,0,0,0,0,0,0,0,0,0,0,0.0,0.0
apt-config shell MASTER_KEYRING APT::Key::MasterKeyring -> /usr/bin/dpkg --print-foreign-architectures,0,0,0,0,0,0,0,0,0,0,0,0,0,0,0,0,0,0,0,0,0,0,0,0,0,0,0,0,0,0,0,0,0,0,0,0,0,0,0,0,0,0,0,0,0,0,2,0,0,0,0,0,0,0,0,0,0,0,0,0,0,0,3.404475479195745,2.370452854144138
/usr/bin/dpkg --print-foreign-architectures,0,0,0,0,0,0,0,0,0,0,0,0,0,0,0,0,0,0,0,0,0,0,0,0,0,0,0,0,0,0,0,0,0,0,0,0,0,0,0,0,0,0,0,0,0,0,1,0,0,0,0,0,0,0,0,0,0,0,0,0,0,0,3.046258435293526,1.8753542021604113
apt-config shell ARCHIVE_KEYRING APT::Key::ArchiveKeyring -> /usr/bin/dpkg --print-foreign-architectures,0,0,0,0,0,0,0,0,0,0,0,0,0,0,0,0,0,0,0,0,0,0,0,0,0,0,0,0,0,0,0,0,0,0,0,0,0,0,0,0,0,0,0,0,0,0,2,0,0,0,0,0,0,0,0,0,0,0,0,0,0,0,3.434509541556848,2.371855038031895
/usr/bin/dpkg --print-foreign-architectures,0,0,0,0,0,0,0,0,0,0,0,0,0,0,0,0,0,0,0,0,0,0,0,0,0,0,0,0,0,0,0,0,0,0,0,0,0,0,0,0,0,0,0,0,0,0,1,0,0,0,0,0,0,0,0,0,0,0,0,0,0,0,3.046258435293526,1.8753542021604113
apt-config shell REMOVED_KEYS APT::Key::RemovedKeys -> /usr/bin/dpkg --print-foreign-architectures,0,0,0,0,0,0,0,0,0,0,0,0,0,0,0,0,0,0,0,0,0,0,0,0,0,0,0,0,0,0,0,0,0,0,0,0,0,0,0,0,0,0,0,0,0,0,2,0,0,0,0,0,0,0,0,0,0,0,0,0,0,0,3.410012539829762,2.3707115077411363
/usr/bin/dpkg --print-foreign-architectures,0,0,0,0,0,0,0,0,0,0,0,0,0,0,0,0,0,0,0,0,0,0,0,0,0,0,0,0,0,0,0,0,0,0,0,0,0,0,0,0,0,0,0,0,0,0,1,0,0,0,0,0,0,0,0,0,0,0,0,0,0,0,3.046258435293526,1.8753542021604113
apt-config shell ARCHIVE_KEYRING_URI APT::Key::ArchiveKeyringURI -> /usr/bin/dpkg --print-foreign-architectures,0,0,0,0,0,0,0,0,0,0,0,0,0,0,0,0,0,0,0,0,0,0,0,0,0,0,0,0,0,0,0,0,0,0,0,0,0,0,0,0,0,0,0,0,0,0,2,0,0,0,0,0,0,0,0,0,0,0,0,0,0,0,3.442184739398549,2.3722130506097017
/usr/bin/dpkg --print-foreign-architectures,0,0,0,0,0,0,0,0,0,0,0,0,0,0,0,0,0,0,0,0,0,0,0,0,0,0,0,0,0,0,0,0,0,0,0,0,0,0,0,0,0,0,0,0,0,0,1,0,0,0,0,0,0,0,0,0,0,0,0,0,0,0,3.046258435293526,1.8753542021604113
apt-key,0,0,0,0,0,0,0,0,0,0,0,0,0,0,0,0,0,0,0,0,0,0,0,0,0,0,0,0,0,0,0,0,0,0,0,0,0,0,0,0,0,0,0,0,0,0,0,0,0,0,0,0,0,0,0,0,0,0,0,0,0,0,0.0,0.0
apt-config shell GPGV Apt::Key::gpgvcommand ASSERT_PUBKEY_ALGO Apt::Key::assert-pubkey-algo -> /usr/bin/dpkg --print-foreign-architectures,1,0,1,0,0,0,0,0,0,0,0,0,0,0,0,0,0,0,0,0,0,1,0,0,0,0,0,0,0,0,0,0,0,0,0,0,0,0,0,0,0,0,0,0,0,0,3,0,0,0,0,0,0,0,0,0,0,0,0,0,0,0,3.4921114445015555,3.2867608298616613
/usr/bin/dpkg --print-foreign-architectures,0,0,0,0,0,0,0,0,0,0,0,0,0,0,0,0,0,0,0,0,0,0,0,0,0,0,0,0,0,0,0,0,0,0,0,0,0,0,0,0,0,0,0,0,0,0,1,0,0,0,0,0,0,0,0,0,0,0,0,0,0,0,3.046258435293526,1.8753542021604113
gpgv --assert-pubkey-algo,0,0,0,0,0,0,0,0,0,0,0,0,0,0,0,0,0,0,0,0,0,0,0,0,0,0,0,0,0,0,0,0,0,0,0,0,0,0,0,0,0,0,0,0,0,0,1,0,0,0,0,0,0,0,0,0,0,0,0,0,0,0,2.899337522071791,1.8640287746108184
apt-key,0,0,0,0,0,0,0,0,0,0,0,0,0,0,0,0,0,0,0,0,0,0,0,0,0,0,0,0,0,0,0,0,0,0,0,0,0,0,0,0,0,0,0,0,0,0,0,0,0,0,0,0,0,0,0,0,0,0,0,0,0,0,0.0,0.0
mktemp --directory --tmpdir apt-key-gpghome.XXXXXXXXXX,0,0,0,0,0,0,0,0,0,0,0,2,0,0,0,0,0,0,0,0,0,0,0,0,0,0,0,0,0,0,0,0,0,0,0,0,0,0,0,0,0,0,0,0,0,0,1,0,0,0,0,1,0,0,0,0,0,0,0,0,0,0,2.89903571102803,2.010830452953769
chmod 700 /tmp/apt-key-gpghome.OgTwRKzDGo,0,0,0,0,0,0,2,0,0,0,0,0,0,0,0,0,0,0,0,0,0,0,0,2,2,0,0,0,0,0,0,0,0,0,0,0,0,0,0,0,0,0,0,0,0,0,1,0,0,0,0,0,0,0,0,0,0,0,0,0,0,0,3.2740489365454195,3.0270867668619457
apt-key,0,0,0,0,0,0,0,0,0,0,0,0,0,0,0,0,0,0,0,0,0,0,0,0,0,0,0,0,0,0,0,0,0,0,0,0,0,0,0,0,0,0,0,0,0,0,0,0,0,0,0,0,0,0,0,0,0,0,0,0,0,0,0.0,0.0
apt-key,0,0,0,0,0,0,0,0,0,0,0,0,0,0,0,0,0,0,0,0,0,0,0,0,0,0,0,0,0,0,0,0,0,0,0,0,0,0,0,0,0,0,0,0,0,0,0,0,0,0,0,0,0,0,0,0,0,0,0,0,0,0,0.0,0.0
"sed -e s#'#''""'#g """,0,0,0,0,0,0,0,0,0,0,0,0,0,0,0,0,0,0,0,0,0,0,0,0,0,0,0,0,0,0,0,0,0,0,0,0,0,0,0,0,0,0,0,0,0,0,1,0,0,0,0,0,0,0,0,0,0,0,0,0,0,0,2.4587690059903835,1.829277532251845
apt-key,0,0,0,0,0,0,0,0,0,0,0,0,0,0,0,0,0,0,0,0,0,0,0,0,0,0,0,0,0,0,0,0,0,0,0,0,0,0,0,0,0,0,0,0,0,0,0,0,0,0,0,0,0,0,0,0,0,0,0,0,0,0,0.0,0.0
apt-key,0,0,0,0,0,0,0,0,0,0,0,0,0,0,0,0,0,0,0,0,0,0,0,0,0,0,0,0,0,0,0,0,0,0,0,0,0,0,0,0,0,0,0,0,0,0,0,0,0,0,0,0,0,0,0,0,0,0,0,0,0,0,0.0,0.0
"sed -e s#'#''""'#g """,0,0,0,0,0,0,0,0,0,0,0,0,0,0,0,0,0,0,0,0,0,0,0,0,0,0,0,0,0,0,0,0,0,0,0,0,0,0,0,0,0,0,0,0,0,0,1,0,0,0,0,0,0,0,0,0,0,0,0,0,0,0,2.4587690059903835,1.829277532251845
apt-key,0,0,0,0,0,0,0,0,0,0,0,0,0,0,0,0,0,0,0,0,0,0,0,0,0,0,0,0,0,0,0,0,0,0,0,0,0,0,0,0,0,0,0,0,0,0,0,0,0,0,0,0,0,0,0,0,0,0,0,0,0,0,0.0,0.0
apt-key,0,0,0,0,0,0,0,0,0,0,0,0,0,0,0,0,0,0,0,0,0,0,0,0,0,0,0,0,0,0,0,0,0,0,0,0,0,0,0,0,0,0,0,0,0,0,0,0,0,0,0,0,0,0,0,0,0,0,0,0,0,0,0.0,0.0
"gpgv --assert-pubkey-algo=>=rsa1024,ed25519,ed448,nistp256,nistp384, --homedir /tmp/apt-key-gpghome.OgTwRKzDGo --keyring /usr/share/keyrings/ubuntu-archive-keyring.gpg --ignore-time-conflict --status-fd 3 /tmp/apt.sig.VVp8MB /tmp/apt.data.Drprqk",0,0,0,0,0,0,0,0,0,0,0,0,0,0,0,0,0,0,0,0,0,0,0,0,0,0,0,0,0,0,0,0,0,0,0,0,0,0,0,0,0,0,0,0,0,0,1,0,0,0,0,0,0,0,0,0,0,0,0,0,0,0,3.509929398119477,1.910277745500615
rm -rf /tmp/apt-key-gpghome.OgTwRKzDGo,0,0,0,0,0,0,0,0,0,0,0,0,2,0,0,0,0,0,0,0,0,0,0,0,0,0,0,0,0,0,0,0,0,0,0,0,0,0,0,0,0,0,0,0,0,0,1,0,0,0,0,0,0,0,0,0,0,0,0,0,0,0,3.212501265959222,1.9030400217833887
"/usr/bin/apt-key --quiet --readonly --keyring /usr/share/keyrings/ubuntu-archive-keyring.gpg verify --status-fd 3 /tmp/apt.sig.0RzEGo /tmp/apt.data.ms5a7r -> apt-key -> apt-config shell MASTER_KEYRING APT::Key::MasterKeyring -> /usr/bin/dpkg --print-foreign-architectures -> apt-config shell ARCHIVE_KEYRING APT::Key::ArchiveKeyring -> apt-config shell REMOVED_KEYS APT::Key::RemovedKeys -> apt-config shell ARCHIVE_KEYRING_URI APT::Key::ArchiveKeyringURI -> apt-config shell GPGV Apt::Key::gpgvcommand ASSERT_PUBKEY_ALGO Apt::Key::assert-pubkey-algo -> mktemp --directory --tmpdir apt-key-gpghome.XXXXXXXXXX -> chmod 700 /tmp/apt-key-gpghome.uNr0U6g7B9 -> gpgv --assert-pubkey-algo=>=rsa1024,ed25519,ed448,nistp256,nistp384, --homedir /tmp/apt-key-gpghome.uNr0U6g7B9 --keyring /usr/share/keyrings/ubuntu-archive-keyring.gpg --ignore-time-conflict --status-fd 3 /tmp/apt.sig.0RzEGo /tmp/apt.data.ms5a7r -> rm -rf /tmp/apt-key-gpghome.uNr0U6g7B9",1,0,1,0,0,0,2,0,2,0,0,2,2,0,0,0,0,0,0,0,0,1,0,2,2,0,0,0,0,0,0,0,0,0,0,0,0,0,0,0,0,0,0,0,0,0,16,0,0,0,0,1,0,0,0,0,0,0,0,0,0,0,3.4921114445015555,4.614883416678314
apt-key,0,0,0,0,0,0,0,0,0,0,0,0,0,0,0,0,0,0,0,0,0,0,0,0,0,0,0,0,0,0,0,0,0,0,0,0,0,0,0,0,0,0,0,0,0,0,0,0,0,0,0,0,0,0,0,0,0,0,0,0,0,0,0.0,0.0
apt-config shell MASTER_KEYRING APT::Key::MasterKeyring -> /usr/bin/dpkg --print-foreign-architectures,0,0,0,0,0,0,0,0,0,0,0,0,0,0,0,0,0,0,0,0,0,0,0,0,0,0,0,0,0,0,0,0,0,0,0,0,0,0,0,0,0,0,0,0,0,0,2,0,0,0,0,0,0,0,0,0,0,0,0,0,0,0,3.404475479195745,2.370452854144138
/usr/bin/dpkg --print-foreign-architectures,0,0,0,0,0,0,0,0,0,0,0,0,0,0,0,0,0,0,0,0,0,0,0,0,0,0,0,0,0,0,0,0,0,0,0,0,0,0,0,0,0,0,0,0,0,0,1,0,0,0,0,0,0,0,0,0,0,0,0,0,0,0,3.046258435293526,1.8753542021604113
apt-config shell ARCHIVE_KEYRING APT::Key::ArchiveKeyring -> /usr/bin/dpkg --print-foreign-architectures,0,0,0,0,0,0,0,0,0,0,0,0,0,0,0,0,0,0,0,0,0,0,0,0,0,0,0,0,0,0,0,0,0,0,0,0,0,0,0,0,0,0,0,0,0,0,2,0,0,0,0,0,0,0,0,0,0,0,0,0,0,0,3.434509541556848,2.371855038031895
/usr/bin/dpkg --print-foreign-architectures,0,0,0,0,0,0,0,0,0,0,0,0,0,0,0,0,0,0,0,0,0,0,0,0,0,0,0,0,0,0,0,0,0,0,0,0,0,0,0,0,0,0,0,0,0,0,1,0,0,0,0,0,0,0,0,0,0,0,0,0,0,0,3.046258435293526,1.8753542021604113
apt-config shell REMOVED_KEYS APT::Key::RemovedKeys -> /usr/bin/dpkg --print-foreign-architectures,1,0,1,0,0,0,0,0,0,0,0,0,0,0,0,0,0,0,0,0,0,1,0,0,0,0,0,0,0,0,0,0,0,0,0,0,0,0,0,0,0,0,0,0,0,0,3,0,0,0,0,0,0,0,0,0,0,0,0,0,0,0,3.410012539829762,3.285225440106128
/usr/bin/dpkg --print-foreign-architectures,0,0,0,0,0,0,0,0,0,0,0,0,0,0,0,0,0,0,0,0,0,0,0,0,0,0,0,0,0,0,0,0,0,0,0,0,0,0,0,0,0,0,0,0,0,0,1,0,0,0,0,0,0,0,0,0,0,0,0,0,0,0,3.046258435293526,1.8753542021604113
apt-config shell ARCHIVE_KEYRING_URI APT::Key::ArchiveKeyringURI -> /usr/bin/dpkg --print-foreign-architectures,0,0,0,0,0,0,0,0,0,0,0,0,0,0,0,0,0,0,0,0,0,0,0,0,0,0,0,0,0,0,0,0,0,0,0,0,0,0,0,0,0,0,0,0,0,0,2,0,0,0,0,0,0,0,0,0,0,0,0,0,0,0,3.442184739398549,2.3722130506097017
/usr/bin/dpkg --print-foreign-architectures,0,0,0,0,0,0,0,0,0,0,0,0,0,0,0,0,0,0,0,0,0,0,0,0,0,0,0,0,0,0,0,0,0,0,0,0,0,0,0,0,0,0,0,0,0,0,1,0,0,0,0,0,0,0,0,0,0,0,0,0,0,0,3.046258435293526,1.8753542021604113
apt-key,0,0,0,0,0,0,0,0,0,0,0,0,0,0,0,0,0,0,0,0,0,0,0,0,0,0,0,0,0,0,0,0,0,0,0,0,0,0,0,0,0,0,0,0,0,0,0,0,0,0,0,0,0,0,0,0,0,0,0,0,0,0,0.0,0.0
apt-config shell GPGV Apt::Key::gpgvcommand ASSERT_PUBKEY_ALGO Apt::Key::assert-pubkey-algo -> /usr/bin/dpkg --print-foreign-architectures,0,0,0,0,0,0,0,0,0,0,0,0,0,0,0,0,0,0,0,0,0,0,0,0,0,0,0,0,0,0,0,0,0,0,0,0,0,0,0,0,0,0,0,0,0,0,2,0,0,0,0,0,0,0,0,0,0,0,0,0,0,0,3.4921114445015555,2.3745387776878233
/usr/bin/dpkg --print-foreign-architectures,0,0,0,0,0,0,0,0,0,0,0,0,0,0,0,0,0,0,0,0,0,0,0,0,0,0,0,0,0,0,0,0,0,0,0,0,0,0,0,0,0,0,0,0,0,0,1,0,0,0,0,0,0,0,0,0,0,0,0,0,0,0,3.046258435293526,1.8753542021604113
gpgv --assert-pubkey-algo,0,0,0,0,0,0,0,0,0,0,0,0,0,0,0,0,0,0,0,0,0,0,0,0,0,0,0,0,0,0,0,0,0,0,0,0,0,0,0,0,0,0,0,0,0,0,1,0,0,0,0,0,0,0,0,0,0,0,0,0,0,0,2.899337522071791,1.8640287746108184
apt-key,0,0,0,0,0,0,0,0,0,0,0,0,0,0,0,0,0,0,0,0,0,0,0,0,0,0,0,0,0,0,0,0,0,0,0,0,0,0,0,0,0,0,0,0,0,0,0,0,0,0,0,0,0,0,0,0,0,0,0,0,0,0,0.0,0.0
mktemp --directory --tmpdir apt-key-gpghome.XXXXXXXXXX,0,0,0,0,0,0,0,0,0,0,0,2,0,0,0,0,0,0,0,0,0,0,0,0,0,0,0,0,0,0,0,0,0,0,0,0,0,0,0,0,0,0,0,0,0,0,1,0,0,0,0,1,0,0,0,0,0,0,0,0,0,0,2.89903571102803,2.010830452953769
chmod 700 /tmp/apt-key-gpghome.uNr0U6g7B9,0,0,0,0,0,0,2,0,0,0,0,0,0,0,0,0,0,0,0,0,0,0,0,2,2,0,0,0,0,0,0,0,0,0,0,0,0,0,0,0,0,0,0,0,0,0,1,0,0,0,0,0,0,0,0,0,0,0,0,0,0,0,3.2480749105713937,3.026457262297088
apt-key,0,0,0,0,0,0,0,0,0,0,0,0,0,0,0,0,0,0,0,0,0,0,0,0,0,0,0,0,0,0,0,0,0,0,0,0,0,0,0,0,0,0,0,0,0,0,0,0,0,0,0,0,0,0,0,0,0,0,0,0,0,0,0.0,0.0
apt-key,0,0,0,0,0,0,0,0,0,0,0,0,0,0,0,0,0,0,0,0,0,0,0,0,0,0,0,0,0,0,0,0,0,0,0,0,0,0,0,0,0,0,0,0,0,0,0,0,0,0,0,0,0,0,0,0,0,0,0,0,0,0,0.0,0.0
"sed -e s#'#''""'#g """,0,0,0,0,0,0,0,0,0,0,0,0,0,0,0,0,0,0,0,0,0,0,0,0,0,0,0,0,0,0,0,0,0,0,0,0,0,0,0,0,0,0,0,0,0,0,1,0,0,0,0,0,0,0,0,0,0,0,0,0,0,0,2.4587690059903835,1.829277532251845
apt-key,0,0,0,0,0,0,0,0,0,0,0,0,0,0,0,0,0,0,0,0,0,0,0,0,0,0,0,0,0,0,0,0,0,0,0,0,0,0,0,0,0,0,0,0,0,0,0,0,0,0,0,0,0,0,0,0,0,0,0,0,0,0,0.0,0.0
apt-key,0,0,0,0,0,0,0,0,0,0,0,0,0,0,0,0,0,0,0,0,0,0,0,0,0,0,0,0,0,0,0,0,0,0,0,0,0,0,0,0,0,0,0,0,0,0,0,0,0,0,0,0,0,0,0,0,0,0,0,0,0,0,0.0,0.0
"sed -e s#'#''""'#g """,0,0,0,0,0,0,0,0,0,0,0,0,0,0,0,0,0,0,0,0,0,0,0,0,0,0,0,0,0,0,0,0,0,0,0,0,0,0,0,0,0,0,0,0,0,0,1,0,0,0,0,0,0,0,0,0,0,0,0,0,0,0,2.4587690059903835,1.829277532251845
apt-key,0,0,0,0,0,0,0,0,0,0,0,0,0,0,0,0,0,0,0,0,0,0,0,0,0,0,0,0,0,0,0,0,0,0,0,0,0,0,0,0,0,0,0,0,0,0,0,0,0,0,0,0,0,0,0,0,0,0,0,0,0,0,0.0,0.0
apt-key,0,0,0,0,0,0,0,0,0,0,0,0,0,0,0,0,0,0,0,0,0,0,0,0,0,0,0,0,0,0,0,0,0,0,0,0,0,0,0,0,0,0,0,0,0,0,0,0,0,0,0,0,0,0,0,0,0,0,0,0,0,0,0.0,0.0
"gpgv --assert-pubkey-algo=>=rsa1024,ed25519,ed448,nistp256,nistp384, --homedir /tmp/apt-key-gpghome.uNr0U6g7B9 --keyring /usr/share/keyrings/ubuntu-archive-keyring.gpg --ignore-time-conflict --status-fd 3 /tmp/apt.sig.0RzEGo /tmp/apt.data.ms5a7r",0,0,0,0,0,0,0,0,0,0,0,0,0,0,0,0,0,0,0,0,0,0,0,0,0,0,0,0,0,0,0,0,0,0,0,0,0,0,0,0,0,0,0,0,0,0,1,0,0,0,0,0,0,0,0,0,0,0,0,0,0,0,3.485885512457998,1.90849644035396
rm -rf /tmp/apt-key-gpghome.uNr0U6g7B9,0,0,0,0,0,0,0,0,0,0,0,0,2,0,0,0,0,0,0,0,0,0,0,0,0,0,0,0,0,0,0,0,0,0,0,0,0,0,0,0,0,0,0,0,0,0,1,0,0,0,0,0,0,0,0,0,0,0,0,0,0,0,3.201869047618891,1.9022469978359158
"/usr/bin/apt-key --quiet --readonly --keyring /usr/share/keyrings/ubuntu-archive-keyring.gpg verify --status-fd 3 /tmp/apt.sig.GGcMHF /tmp/apt.data.qMPFaQ -> apt-key -> apt-config shell MASTER_KEYRING APT::Key::MasterKeyring -> /usr/bin/dpkg --print-foreign-architectures -> apt-config shell ARCHIVE_KEYRING APT::Key::ArchiveKeyring -> apt-config shell REMOVED_KEYS APT::Key::RemovedKeys -> apt-config shell ARCHIVE_KEYRING_URI APT::Key::ArchiveKeyringURI -> apt-config shell GPGV Apt::Key::gpgvcommand ASSERT_PUBKEY_ALGO Apt::Key::assert-pubkey-algo -> mktemp --directory --tmpdir apt-key-gpghome.XXXXXXXXXX -> chmod 700 /tmp/apt-key-gpghome.QL2uLGjmwR -> gpgv --assert-pubkey-algo=>=rsa1024,ed25519,ed448,nistp256,nistp384, --homedir /tmp/apt-key-gpghome.QL2uLGjmwR --keyring /usr/share/keyrings/ubuntu-archive-keyring.gpg --ignore-time-conflict --status-fd 3 /tmp/apt.sig.GGcMHF /tmp/apt.data.qMPFaQ -> rm -rf /tmp/apt-key-gpghome.QL2uLGjmwR",2,0,2,0,0,0,2,0,2,0,0,2,2,0,0,0,0,0,0,0,0,2,0,2,2,0,0,0,0,0,0,0,0,0,0,0,0,0,0,0,0,0,0,0,0,0,17,0,0,0,0,1,0,0,0,0,0,0,0,0,0,0,3.5253466203954344,4.709554284897977
apt-key,0,0,0,0,0,0,0,0,0,0,0,0,0,0,0,0,0,0,0,0,0,0,0,0,0,0,0,0,0,0,0,0,0,0,0,0,0,0,0,0,0,0,0,0,0,0,0,0,0,0,0,0,0,0,0,0,0,0,0,0,0,0,0.0,0.0
apt-config shell MASTER_KEYRING APT::Key::MasterKeyring -> /usr/bin/dpkg --print-foreign-architectures,1,0,1,0,0,0,0,0,0,0,0,0,0,0,0,0,0,0,0,0,0,1,0,0,0,0,0,0,0,0,0,0,0,0,0,0,0,0,0,0,0,0,0,0,0,0,3,0,0,0,0,0,0,0,0,0,0,0,0,0,0,0,3.404475479195745,3.28512180270649
/usr/bin/dpkg --print-foreign-architectures,0,0,0,0,0,0,0,0,0,0,0,0,0,0,0,0,0,0,0,0,0,0,0,0,0,0,0,0,0,0,0,0,0,0,0,0,0,0,0,0,0,0,0,0,0,0,1,0,0,0,0,0,0,0,0,0,0,0,0,0,0,0,3.046258435293526,1.8753542021604113
apt-config shell ARCHIVE_KEYRING APT::Key::ArchiveKeyring -> /usr/bin/dpkg --print-foreign-architectures,0,0,0,0,0,0,0,0,0,0,0,0,0,0,0,0,0,0,0,0,0,0,0,0,0,0,0,0,0,0,0,0,0,0,0,0,0,0,0,0,0,0,0,0,0,0,2,0,0,0,0,0,0,0,0,0,0,0,0,0,0,0,3.434509541556848,2.371855038031895
/usr/bin/dpkg --print-foreign-architectures,0,0,0,0,0,0,0,0,0,0,0,0,0,0,0,0,0,0,0,0,0,0,0,0,0,0,0,0,0,0,0,0,0,0,0,0,0,0,0,0,0,0,0,0,0,0,1,0,0,0,0,0,0,0,0,0,0,0,0,0,0,0,3.046258435293526,1.8753542021604113
apt-config shell REMOVED_KEYS APT::Key::RemovedKeys -> /usr/bin/dpkg --print-foreign-architectures,0,0,0,0,0,0,0,0,0,0,0,0,0,0,0,0,0,0,0,0,0,0,0,0,0,0,0,0,0,0,0,0,0,0,0,0,0,0,0,0,0,0,0,0,0,0,2,0,0,0,0,0,0,0,0,0,0,0,0,0,0,0,3.410012539829762,2.3707115077411363
/usr/bin/dpkg --print-foreign-architectures,0,0,0,0,0,0,0,0,0,0,0,0,0,0,0,0,0,0,0,0,0,0,0,0,0,0,0,0,0,0,0,0,0,0,0,0,0,0,0,0,0,0,0,0,0,0,1,0,0,0,0,0,0,0,0,0,0,0,0,0,0,0,3.046258435293526,1.8753542021604113
apt-config shell ARCHIVE_KEYRING_URI APT::Key::ArchiveKeyringURI -> /usr/bin/dpkg --print-foreign-architectures,0,0,0,0,0,0,0,0,0,0,0,0,0,0,0,0,0,0,0,0,0,0,0,0,0,0,0,0,0,0,0,0,0,0,0,0,0,0,0,0,0,0,0,0,0,0,2,0,0,0,0,0,0,0,0,0,0,0,0,0,0,0,3.442184739398549,2.3722130506097017
/usr/bin/dpkg --print-foreign-architectures,0,0,0,0,0,0,0,0,0,0,0,0,0,0,0,0,0,0,0,0,0,0,0,0,0,0,0,0,0,0,0,0,0,0,0,0,0,0,0,0,0,0,0,0,0,0,1,0,0,0,0,0,0,0,0,0,0,0,0,0,0,0,3.046258435293526,1.8753542021604113
apt-key,0,0,0,0,0,0,0,0,0,0,0,0,0,0,0,0,0,0,0,0,0,0,0,0,0,0,0,0,0,0,0,0,0,0,0,0,0,0,0,0,0,0,0,0,0,0,0,0,0,0,0,0,0,0,0,0,0,0,0,0,0,0,0.0,0.0
apt-config shell GPGV Apt::Key::gpgvcommand ASSERT_PUBKEY_ALGO Apt::Key::assert-pubkey-algo -> /usr/bin/dpkg --print-foreign-architectures,1,0,1,0,0,0,0,0,0,0,0,0,0,0,0,0,0,0,0,0,0,1,0,0,0,0,0,0,0,0,0,0,0,0,0,0,0,0,0,0,0,0,0,0,0,0,3,0,0,0,0,0,0,0,0,0,0,0,0,0,0,0,3.4921114445015555,3.2867608298616613
/usr/bin/dpkg --print-foreign-architectures,0,0,0,0,0,0,0,0,0,0,0,0,0,0,0,0,0,0,0,0,0,0,0,0,0,0,0,0,0,0,0,0,0,0,0,0,0,0,0,0,0,0,0,0,0,0,1,0,0,0,0,0,0,0,0,0,0,0,0,0,0,0,3.046258435293526,1.8753542021604113
gpgv --assert-pubkey-algo,0,0,0,0,0,0,0,0,0,0,0,0,0,0,0,0,0,0,0,0,0,0,0,0,0,0,0,0,0,0,0,0,0,0,0,0,0,0,0,0,0,0,0,0,0,0,1,0,0,0,0,0,0,0,0,0,0,0,0,0,0,0,2.899337522071791,1.8640287746108184
apt-key,0,0,0,0,0,0,0,0,0,0,0,0,0,0,0,0,0,0,0,0,0,0,0,0,0,0,0,0,0,0,0,0,0,0,0,0,0,0,0,0,0,0,0,0,0,0,0,0,0,0,0,0,0,0,0,0,0,0,0,0,0,0,0.0,0.0
mktemp --directory --tmpdir apt-key-gpghome.XXXXXXXXXX,0,0,0,0,0,0,0,0,0,0,0,2,0,0,0,0,0,0,0,0,0,0,0,0,0,0,0,0,0,0,0,0,0,0,0,0,0,0,0,0,0,0,0,0,0,0,1,0,0,0,0,1,0,0,0,0,0,0,0,0,0,0,2.89903571102803,2.010830452953769
chmod 700 /tmp/apt-key-gpghome.QL2uLGjmwR,0,0,0,0,0,0,2,0,0,0,0,0,0,0,0,0,0,0,0,0,0,0,0,2,2,0,0,0,0,0,0,0,0,0,0,0,0,0,0,0,0,0,0,0,0,0,1,0,0,0,0,0,0,0,0,0,0,0,0,0,0,0,3.277486111954386,3.027170040308259
apt-key,0,0,0,0,0,0,0,0,0,0,0,0,0,0,0,0,0,0,0,0,0,0,0,0,0,0,0,0,0,0,0,0,0,0,0,0,0,0,0,0,0,0,0,0,0,0,0,0,0,0,0,0,0,0,0,0,0,0,0,0,0,0,0.0,0.0
apt-key,0,0,0,0,0,0,0,0,0,0,0,0,0,0,0,0,0,0,0,0,0,0,0,0,0,0,0,0,0,0,0,0,0,0,0,0,0,0,0,0,0,0,0,0,0,0,0,0,0,0,0,0,0,0,0,0,0,0,0,0,0,0,0.0,0.0
"sed -e s#'#''""'#g """,0,0,0,0,0,0,0,0,0,0,0,0,0,0,0,0,0,0,0,0,0,0,0,0,0,0,0,0,0,0,0,0,0,0,0,0,0,0,0,0,0,0,0,0,0,0,1,0,0,0,0,0,0,0,0,0,0,0,0,0,0,0,2.4587690059903835,1.829277532251845
apt-key,0,0,0,0,0,0,0,0,0,0,0,0,0,0,0,0,0,0,0,0,0,0,0,0,0,0,0,0,0,0,0,0,0,0,0,0,0,0,0,0,0,0,0,0,0,0,0,0,0,0,0,0,0,0,0,0,0,0,0,0,0,0,0.0,0.0
apt-key,0,0,0,0,0,0,0,0,0,0,0,0,0,0,0,0,0,0,0,0,0,0,0,0,0,0,0,0,0,0,0,0,0,0,0,0,0,0,0,0,0,0,0,0,0,0,0,0,0,0,0,0,0,0,0,0,0,0,0,0,0,0,0.0,0.0
"sed -e s#'#''""'#g """,0,0,0,0,0,0,0,0,0,0,0,0,0,0,0,0,0,0,0,0,0,0,0,0,0,0,0,0,0,0,0,0,0,0,0,0,0,0,0,0,0,0,0,0,0,0,1,0,0,0,0,0,0,0,0,0,0,0,0,0,0,0,2.4587690059903835,1.829277532251845
apt-key,0,0,0,0,0,0,0,0,0,0,0,0,0,0,0,0,0,0,0,0,0,0,0,0,0,0,0,0,0,0,0,0,0,0,0,0,0,0,0,0,0,0,0,0,0,0,0,0,0,0,0,0,0,0,0,0,0,0,0,0,0,0,0.0,0.0
apt-key,0,0,0,0,0,0,0,0,0,0,0,0,0,0,0,0,0,0,0,0,0,0,0,0,0,0,0,0,0,0,0,0,0,0,0,0,0,0,0,0,0,0,0,0,0,0,0,0,0,0,0,0,0,0,0,0,0,0,0,0,0,0,0.0,0.0
"gpgv --assert-pubkey-algo=>=rsa1024,ed25519,ed448,nistp256,nistp384, --homedir /tmp/apt-key-gpghome.QL2uLGjmwR --keyring /usr/share/keyrings/ubuntu-archive-keyring.gpg --ignore-time-conflict --status-fd 3 /tmp/apt.sig.GGcMHF /tmp/apt.data.qMPFaQ",0,0,0,0,0,0,0,0,0,0,0,0,0,0,0,0,0,0,0,0,0,0,0,0,0,0,0,0,0,0,0,0,0,0,0,0,0,0,0,0,0,0,0,0,0,0,1,0,0,0,0,0,0,0,0,0,0,0,0,0,0,0,3.5253466203954344,1.9114182719695607
rm -rf /tmp/apt-key-gpghome.QL2uLGjmwR,0,0,0,0,0,0,0,0,0,0,0,0,2,0,0,0,0,0,0,0,0,0,0,0,0,0,0,0,0,0,0,0,0,0,0,0,0,0,0,0,0,0,0,0,0,0,1,0,0,0,0,0,0,0,0,0,0,0,0,0,0,0,3.2055966885553757,1.9025251025249004
"/usr/bin/apt-key --quiet --readonly --keyring /usr/share/keyrings/ubuntu-archive-keyring.gpg verify --status-fd 3 /tmp/apt.sig.fv5BQq /tmp/apt.data.tZE7ET -> apt-key -> apt-config shell MASTER_KEYRING APT::Key::MasterKeyring -> /usr/bin/dpkg --print-foreign-architectures -> apt-config shell ARCHIVE_KEYRING APT::Key::ArchiveKeyring -> apt-config shell REMOVED_KEYS APT::Key::RemovedKeys -> apt-config shell ARCHIVE_KEYRING_URI APT::Key::ArchiveKeyringURI -> apt-config shell GPGV Apt::Key::gpgvcommand ASSERT_PUBKEY_ALGO Apt::Key::assert-pubkey-algo -> mktemp --directory --tmpdir apt-key-gpghome.XXXXXXXXXX -> chmod 700 /tmp/apt-key-gpghome.ZvWCQbZGED -> gpgv --assert-pubkey-algo=>=rsa1024,ed25519,ed448,nistp256,nistp384, --homedir /tmp/apt-key-gpghome.ZvWCQbZGED --keyring /usr/share/keyrings/ubuntu-archive-keyring.gpg --ignore-time-conflict --status-fd 3 /tmp/apt.sig.fv5BQq /tmp/apt.data.tZE7ET -> rm -rf /tmp/apt-key-gpghome.ZvWCQbZGED",0,0,0,0,0,0,2,0,2,0,0,2,2,0,0,0,0,0,0,0,0,0,0,2,2,0,0,0,0,0,0,0,0,0,0,0,0,0,0,0,0,0,0,0,0,0,15,0,0,0,0,1,0,0,0,0,0,0,0,0,0,0,3.527122803826714,4.356498053220903
apt-key,0,0,0,0,0,0,0,0,0,0,0,0,0,0,0,0,0,0,0,0,0,0,0,0,0,0,0,0,0,0,0,0,0,0,0,0,0,0,0,0,0,0,0,0,0,0,0,0,0,0,0,0,0,0,0,0,0,0,0,0,0,0,0.0,0.0
apt-config shell MASTER_KEYRING APT::Key::MasterKeyring -> /usr/bin/dpkg --print-foreign-architectures,0,0,0,0,0,0,0,0,0,0,0,0,0,0,0,0,0,0,0,0,0,0,0,0,0,0,0,0,0,0,0,0,0,0,0,0,0,0,0,0,0,0,0,0,0,0,2,0,0,0,0,0,0,0,0,0,0,0,0,0,0,0,3.404475479195745,2.370452854144138
/usr/bin/dpkg --print-foreign-architectures,0,0,0,0,0,0,0,0,0,0,0,0,0,0,0,0,0,0,0,0,0,0,0,0,0,0,0,0,0,0,0,0,0,0,0,0,0,0,0,0,0,0,0,0,0,0,1,0,0,0,0,0,0,0,0,0,0,0,0,0,0,0,3.046258435293526,1.8753542021604113
apt-config shell ARCHIVE_KEYRING APT::Key::ArchiveKeyring -> /usr/bin/dpkg --print-foreign-architectures,0,0,0,0,0,0,0,0,0,0,0,0,0,0,0,0,0,0,0,0,0,0,0,0,0,0,0,0,0,0,0,0,0,0,0,0,0,0,0,0,0,0,0,0,0,0,2,0,0,0,0,0,0,0,0,0,0,0,0,0,0,0,3.434509541556848,2.371855038031895
/usr/bin/dpkg --print-foreign-architectures,0,0,0,0,0,0,0,0,0,0,0,0,0,0,0,0,0,0,0,0,0,0,0,0,0,0,0,0,0,0,0,0,0,0,0,0,0,0,0,0,0,0,0,0,0,0,1,0,0,0,0,0,0,0,0,0,0,0,0,0,0,0,3.046258435293526,1.8753542021604113
apt-config shell REMOVED_KEYS APT::Key::RemovedKeys -> /usr/bin/dpkg --print-foreign-architectures,0,0,0,0,0,0,0,0,0,0,0,0,0,0,0,0,0,0,0,0,0,0,0,0,0,0,0,0,0,0,0,0,0,0,0,0,0,0,0,0,0,0,0,0,0,0,2,0,0,0,0,0,0,0,0,0,0,0,0,0,0,0,3.410012539829762,2.3707115077411363
/usr/bin/dpkg --print-foreign-architectures,0,0,0,0,0,0,0,0,0,0,0,0,0,0,0,0,0,0,0,0,0,0,0,0,0,0,0,0,0,0,0,0,0,0,0,0,0,0,0,0,0,0,0,0,0,0,1,0,0,0,0,0,0,0,0,0,0,0,0,0,0,0,3.046258435293526,1.8753542021604113
apt-config shell ARCHIVE_KEYRING_URI APT::Key::ArchiveKeyringURI -> /usr/bin/dpkg --print-foreign-architectures,0,0,0,0,0,0,0,0,0,0,0,0,0,0,0,0,0,0,0,0,0,0,0,0,0,0,0,0,0,0,0,0,0,0,0,0,0,0,0,0,0,0,0,0,0,0,2,0,0,0,0,0,0,0,0,0,0,0,0,0,0,0,3.442184739398549,2.3722130506097017
/usr/bin/dpkg --print-foreign-architectures,0,0,0,0,0,0,0,0,0,0,0,0,0,0,0,0,0,0,0,0,0,0,0,0,0,0,0,0,0,0,0,0,0,0,0,0,0,0,0,0,0,0,0,0,0,0,1,0,0,0,0,0,0,0,0,0,0,0,0,0,0,0,3.046258435293526,1.8753542021604113
apt-key,0,0,0,0,0,0,0,0,0,0,0,0,0,0,0,0,0,0,0,0,0,0,0,0,0,0,0,0,0,0,0,0,0,0,0,0,0,0,0,0,0,0,0,0,0,0,0,0,0,0,0,0,0,0,0,0,0,0,0,0,0,0,0.0,0.0
apt-config shell GPGV Apt::Key::gpgvcommand ASSERT_PUBKEY_ALGO Apt::Key::assert-pubkey-algo -> /usr/bin/dpkg --print-foreign-architectures,0,0,0,0,0,0,0,0,0,0,0,0,0,0,0,0,0,0,0,0,0,0,0,0,0,0,0,0,0,0,0,0,0,0,0,0,0,0,0,0,0,0,0,0,0,0,2,0,0,0,0,0,0,0,0,0,0,0,0,0,0,0,3.4921114445015555,2.3745387776878233
/usr/bin/dpkg --print-foreign-architectures,0,0,0,0,0,0,0,0,0,0,0,0,0,0,0,0,0,0,0,0,0,0,0,0,0,0,0,0,0,0,0,0,0,0,0,0,0,0,0,0,0,0,0,0,0,0,1,0,0,0,0,0,0,0,0,0,0,0,0,0,0,0,3.046258435293526,1.8753542021604113
gpgv --assert-pubkey-algo,0,0,0,0,0,0,0,0,0,0,0,0,0,0,0,0,0,0,0,0,0,0,0,0,0,0,0,0,0,0,0,0,0,0,0,0,0,0,0,0,0,0,0,0,0,0,1,0,0,0,0,0,0,0,0,0,0,0,0,0,0,0,2.899337522071791,1.8640287746108184
apt-key,0,0,0,0,0,0,0,0,0,0,0,0,0,0,0,0,0,0,0,0,0,0,0,0,0,0,0,0,0,0,0,0,0,0,0,0,0,0,0,0,0,0,0,0,0,0,0,0,0,0,0,0,0,0,0,0,0,0,0,0,0,0,0.0,0.0
mktemp --directory --tmpdir apt-key-gpghome.XXXXXXXXXX,0,0,0,0,0,0,0,0,0,0,0,2,0,0,0,0,0,0,0,0,0,0,0,0,0,0,0,0,0,0,0,0,0,0,0,0,0,0,0,0,0,0,0,0,0,0,1,0,0,0,0,1,0,0,0,0,0,0,0,0,0,0,2.89903571102803,2.010830452953769
chmod 700 /tmp/apt-key-gpghome.ZvWCQbZGED,0,0,0,0,0,0,2,0,0,0,0,0,0,0,0,0,0,0,0,0,0,0,0,2,2,0,0,0,0,0,0,0,0,0,0,0,0,0,0,0,0,0,0,0,0,0,1,0,0,0,0,0,0,0,0,0,0,0,0,0,0,0,3.319630430108107,3.028190519559241
apt-key,0,0,0,0,0,0,0,0,0,0,0,0,0,0,0,0,0,0,0,0,0,0,0,0,0,0,0,0,0,0,0,0,0,0,0,0,0,0,0,0,0,0,0,0,0,0,0,0,0,0,0,0,0,0,0,0,0,0,0,0,0,0,0.0,0.0
apt-key,0,0,0,0,0,0,0,0,0,0,0,0,0,0,0,0,0,0,0,0,0,0,0,0,0,0,0,0,0,0,0,0,0,0,0,0,0,0,0,0,0,0,0,0,0,0,0,0,0,0,0,0,0,0,0,0,0,0,0,0,0,0,0.0,0.0
"sed -e s#'#''""'#g """,0,0,0,0,0,0,0,0,0,0,0,0,0,0,0,0,0,0,0,0,0,0,0,0,0,0,0,0,0,0,0,0,0,0,0,0,0,0,0,0,0,0,0,0,0,0,1,0,0,0,0,0,0,0,0,0,0,0,0,0,0,0,2.4587690059903835,1.829277532251845
apt-key,0,0,0,0,0,0,0,0,0,0,0,0,0,0,0,0,0,0,0,0,0,0,0,0,0,0,0,0,0,0,0,0,0,0,0,0,0,0,0,0,0,0,0,0,0,0,0,0,0,0,0,0,0,0,0,0,0,0,0,0,0,0,0.0,0.0
apt-key,0,0,0,0,0,0,0,0,0,0,0,0,0,0,0,0,0,0,0,0,0,0,0,0,0,0,0,0,0,0,0,0,0,0,0,0,0,0,0,0,0,0,0,0,0,0,0,0,0,0,0,0,0,0,0,0,0,0,0,0,0,0,0.0,0.0
"sed -e s#'#''""'#g """,0,0,0,0,0,0,0,0,0,0,0,0,0,0,0,0,0,0,0,0,0,0,0,0,0,0,0,0,0,0,0,0,0,0,0,0,0,0,0,0,0,0,0,0,0,0,1,0,0,0,0,0,0,0,0,0,0,0,0,0,0,0,2.4587690059903835,1.829277532251845
apt-key,0,0,0,0,0,0,0,0,0,0,0,0,0,0,0,0,0,0,0,0,0,0,0,0,0,0,0,0,0,0,0,0,0,0,0,0,0,0,0,0,0,0,0,0,0,0,0,0,0,0,0,0,0,0,0,0,0,0,0,0,0,0,0.0,0.0
apt-key,0,0,0,0,0,0,0,0,0,0,0,0,0,0,0,0,0,0,0,0,0,0,0,0,0,0,0,0,0,0,0,0,0,0,0,0,0,0,0,0,0,0,0,0,0,0,0,0,0,0,0,0,0,0,0,0,0,0,0,0,0,0,0.0,0.0
"gpgv --assert-pubkey-algo=>=rsa1024,ed25519,ed448,nistp256,nistp384, --homedir /tmp/apt-key-gpghome.ZvWCQbZGED --keyring /usr/share/keyrings/ubuntu-archive-keyring.gpg --ignore-time-conflict --status-fd 3 /tmp/apt.sig.fv5BQq /tmp/apt.data.tZE7ET",0,0,0,0,0,0,0,0,0,0,0,0,0,0,0,0,0,0,0,0,0,0,0,0,0,0,0,0,0,0,0,0,0,0,0,0,0,0,0,0,0,0,0,0,0,0,1,0,0,0,0,0,0,0,0,0,0,0,0,0,0,0,3.527122803826714,1.9115495859288136
rm -rf /tmp/apt-key-gpghome.ZvWCQbZGED,0,0,0,0,0,0,0,0,0,0,0,0,2,0,0,0,0,0,0,0,0,0,0,0,0,0,0,0,0,0,0,0,0,0,0,0,0,0,0,0,0,0,0,0,0,0,1,0,0,0,0,0,0,0,0,0,0,0,0,0,0,0,3.2513024983840593,1.9059287608277646
apt -> rm -f /var/cache/apt/archives/*.deb /var/cache/apt/archives/partial/*.deb /var/cache/apt/*.bin,0,0,0,0,0,0,0,0,0,0,0,0,0,0,0,0,0,0,0,0,0,0,0,0,0,0,0,0,0,0,0,0,0,0,0,0,0,0,0,0,0,0,0,0,0,0,1,0,0,0,0,0,0,0,0,0,0,0,0,0,0,0,2.948417660000894,1.8678264117030694
rm -f /var/cache/apt/archives/*.deb /var/cache/apt/archives/partial/*.deb /var/cache/apt/*.bin,0,0,0,0,0,0,0,0,0,0,0,0,0,0,0,0,0,0,0,0,0,0,0,0,0,0,0,0,0,0,0,0,0,0,0,0,0,0,0,0,0,0,0,0,0,0,1,0,0,0,0,0,0,0,0,0,0,0,0,0,0,0,2.948417660000894,1.8678264117030694
apt,0,0,0,0,0,0,0,0,0,0,0,0,0,0,0,0,0,0,0,0,0,0,0,0,0,0,0,0,0,0,0,0,0,0,0,0,0,0,0,0,0,0,0,0,0,0,0,0,0,0,0,0,0,0,0,0,0,0,0,0,0,0,0.0,0.0
/usr/bin/dpkg --print-foreign-architectures,0,0,0,0,0,0,0,0,0,0,0,0,0,0,0,0,0,0,0,0,0,0,0,0,0,0,0,0,0,0,0,0,0,0,0,0,0,0,0,0,0,0,0,0,0,0,1,0,0,0,0,0,0,0,0,0,0,0,0,0,0,0,3.046258435293526,1.8753542021604113
snapd,5,0,0,1,0,1,0,0,0,0,0,0,0,0,0,0,0,0,0,0,0,0,0,0,0,0,0,0,0,0,0,0,0,0,0,0,0,0,0,0,0,0,0,0,0,1,5,0,0,0,0,0,0,0,0,0,0,0,0,0,0,0,0.0,3.467297183366679
/usr/bin/dpkg --print-foreign-architectures,0,0,0,0,0,0,0,0,0,0,0,0,0,0,0,0,0,0,0,0,0,0,0,0,0,0,0,0,0,0,0,0,0,0,0,0,0,0,0,0,0,0,0,0,0,0,1,0,0,0,0,0,0,0,0,0,0,0,0,0,0,0,3.046258435293526,1.8753542021604113
sudo,0,0,0,0,0,0,0,0,0,0,0,0,0,0,0,0,0,0,0,0,0,0,0,0,0,0,0,0,0,0,0,0,0,0,0,0,0,0,0,0,0,0,0,0,0,0,0,0,0,0,0,0,0,0,0,0,0,0,0,0,0,0,0.0,0.0
/bin/bash -c mv ~/Desktop/x ~/Downloads/,0,0,0,2,0,2,0,0,0,0,0,0,0,0,0,0,0,0,0,0,0,0,0,0,0,0,0,0,0,0,0,0,0,0,0,0,0,0,0,0,0,0,0,0,0,2,2,0,0,0,0,0,0,0,0,0,0,0,0,0,0,0,2.854427090553168,3.235819999906093
/bin/bash -c find ~/Pictures -name '*.png',0,0,0,2,0,2,0,0,0,0,0,0,0,0,0,0,0,0,0,0,0,0,0,0,0,0,0,0,0,0,0,0,0,0,0,0,0,0,0,0,0,0,0,0,0,2,2,0,0,0,0,0,0,0,0,0,0,0,0,0,0,0,3.1425078942414393,3.2414688278785775
/bin/bash -c cp ~/Downloads/notes.txt ~/Documents/,0,0,0,2,0,2,0,0,0,0,0,0,0,0,0,0,0,0,0,0,0,0,0,0,0,0,0,0,0,0,0,0,0,0,0,0,0,0,0,0,0,0,0,0,0,2,2,0,0,0,0,0,0,0,0,0,0,0,0,0,0,0,2.891665562376658,3.2365519881823057
/bin/bash -c rm ~/Desktop/old_backup.zip,0,0,0,2,0,2,0,0,0,0,0,0,0,0,0,0,0,0,0,0,0,0,0,0,0,0,0,0,0,0,0,0,0,0,0,0,0,0,0,0,0,0,0,0,0,2,2,0,0,0,0,0,0,0,0,0,0,0,0,0,0,0,3.096351119480036,3.2405659074363404
ps,1,0,0,0,0,0,0,0,0,0,0,0,0,0,0,0,0,0,0,0,0,0,0,0,0,0,0,0,0,0,0,0,0,0,0,0,0,0,0,0,0,0,0,0,0,0,0,0,0,0,0,0,0,0,0,0,0,0,0,0,0,0,0.0,0.009950330853168083
/bin/bash -c pwd,0,0,0,2,0,2,0,0,0,0,0,0,0,0,0,0,0,0,0,0,0,0,0,0,0,0,0,0,0,0,0,0,0,0,0,0,0,0,0,0,0,0,0,0,0,2,1,0,0,0,0,0,0,0,0,0,0,0,0,0,0,0,2.825046156391832,3.063975941440477
/bin/bash -c ls -a ~,0,0,0,2,0,2,0,0,0,0,0,0,0,0,0,0,0,0,0,0,0,0,0,0,0,0,0,0,0,0,0,0,0,0,0,0,0,0,0,0,0,0,0,0,0,2,2,0,0,0,0,0,0,0,0,0,0,0,0,0,0,0,2.5580510765444573,3.229975021790151
/bin/bash -c code .,0,0,0,2,0,2,0,0,0,0,0,0,0,0,0,0,0,0,0,0,0,0,0,0,0,0,0,0,0,0,0,0,0,0,0,0,0,0,0,0,0,0,0,0,0,2,1,0,0,0,0,0,0,0,0,0,0,0,0,0,0,0,2.8702169899311403,3.0650301616170497
/bin/bash -c hostname -I,0,0,0,2,0,3,0,0,0,0,0,0,0,0,0,0,0,0,0,0,0,0,0,0,0,0,0,0,0,0,0,0,0,0,0,0,0,0,0,0,0,0,0,0,0,2,2,0,0,0,0,0,0,0,0,0,0,0,0,0,0,0,2.7463840917077538,3.2723480414222097
/bin/bash -c free -h,0,0,0,2,0,2,0,0,0,0,0,0,0,0,0,0,0,0,0,0,0,0,0,0,0,0,0,0,0,0,0,0,0,0,0,0,0,0,0,0,0,0,0,0,0,2,2,0,0,0,0,0,0,0,0,0,0,0,0,0,0,0,2.2221915755066783,3.2233098117136683
/bin/bash -c ps aux,2,0,0,4,0,4,0,0,0,0,0,0,0,0,0,0,0,0,0,0,0,0,0,0,0,0,0,0,0,0,0,0,0,0,0,0,0,0,0,0,0,0,0,0,0,4,1,0,0,0,0,0,0,0,0,0,0,0,0,0,0,0,2.8057008608988823,3.3817715979867793
/bin/bash -c grep 'error' log.txt,0,0,0,2,0,2,0,0,0,0,0,0,0,0,0,0,0,0,0,0,0,0,0,0,0,0,0,0,0,0,0,0,0,0,0,0,0,0,0,0,0,0,0,0,0,2,2,0,0,0,0,0,0,0,0,0,0,0,0,0,0,0,2.5476363447698502,3.229769005055048
/bin/bash -c mkdir ~/backups,0,0,0,2,0,2,4,0,0,0,0,3,1,0,0,0,0,0,0,0,0,0,2,0,0,0,0,0,0,0,0,1,3,1,3,1,3,0,0,0,1,0,0,0,0,2,3,0,0,0,0,0,0,0,0,0,0,0,0,0,0,0,2.9153724940519443,4.017061821792771
/bin/bash -c find ~/Documents -name '*.txt',0,0,0,2,0,2,0,0,0,0,0,0,0,0,0,0,0,0,0,0,0,0,0,0,0,0,0,0,0,0,0,0,0,0,0,0,0,0,0,0,0,0,0,0,0,2,2,0,0,0,0,0,0,0,0,0,0,0,0,0,0,0,3.0589301400956215,3.2398332780392733
ps,1,0,0,0,0,0,0,0,0,0,0,0,0,0,0,0,0,0,0,0,0,0,0,0,0,0,0,0,0,0,0,0,0,0,0,0,0,0,0,0,0,0,0,0,0,0,0,0,0,0,0,0,0,0,0,0,0,0,0,0,0,0,0.0,0.009950330853168083
/bin/bash -c cp ~/Downloads/data.csv ./,0,0,0,2,0,2,0,0,0,0,0,0,0,0,0,0,0,0,0,0,0,0,0,0,0,0,0,0,0,0,0,0,0,0,0,0,0,0,0,0,0,0,0,0,0,2,2,0,0,0,0,0,0,0,0,0,0,0,0,0,0,0,2.887962439695985,3.236479220718816
/bin/bash -c rm ~/Desktop/old_version.tar,0,0,0,2,0,2,0,0,0,0,0,0,0,0,0,0,0,0,0,0,0,0,0,0,0,0,0,0,0,0,0,0,0,0,0,0,0,0,0,0,0,0,0,0,0,2,2,0,0,0,0,0,0,0,0,0,0,0,0,0,0,0,2.974571217119947,3.2381797242343953
/bin/bash -c ls -l,0,0,0,2,0,2,0,0,0,0,0,0,0,0,0,0,0,0,0,0,0,0,0,0,0,0,0,0,0,0,0,0,0,0,0,0,0,0,0,0,0,0,0,0,0,2,2,0,0,0,0,0,0,0,0,0,0,0,0,0,0,0,1.8423709931771088,3.2157182648819798
/bin/bash -c du -sh ~/,0,0,0,2,0,2,0,0,0,0,0,0,0,0,0,0,0,0,0,0,0,0,0,0,0,0,0,0,0,0,0,0,0,0,0,0,0,0,0,0,0,0,0,0,0,2,2,0,0,0,0,0,0,0,0,0,0,0,0,0,0,0,2.6199707109276353,3.2311989959501415
/bin/bash -c nproc,0,0,0,2,0,2,0,0,0,0,0,0,0,0,0,0,0,0,0,0,0,0,0,0,0,0,0,0,0,0,0,0,0,0,0,0,0,0,0,0,0,0,0,0,0,2,2,0,0,0,0,0,0,0,0,0,0,0,0,0,0,0,2.2810361125534233,3.2244808098024764
/bin/bash -c who,0,0,0,2,0,2,0,0,0,0,0,0,0,0,0,0,0,0,0,0,0,0,0,0,0,0,0,0,0,0,0,0,0,0,0,0,0,0,0,0,0,0,0,0,0,2,2,0,0,0,0,0,0,0,0,0,0,0,0,0,0,0,1.9219280948873623,3.2173131664510115
/bin/bash -c grep 'success' /var/log/syslog,0,0,0,2,0,2,0,0,0,0,0,0,0,0,0,0,0,0,0,0,0,0,0,0,0,0,0,0,0,0,0,0,0,0,0,0,0,0,0,0,0,0,0,0,0,2,2,0,0,0,0,0,0,0,0,0,0,0,0,0,0,0,2.785840631714008,3.2344704074505346
/bin/bash -c tar -czvf project.tar.gz ~/project -> /bin/sh -c gzip -> gzip,0,0,0,2,0,2,1,0,0,0,0,0,0,0,0,0,0,0,0,0,0,0,1,0,0,0,0,0,0,0,0,0,1,0,1,0,0,0,0,0,0,0,0,0,0,2,4,0,0,0,0,0,0,0,0,0,0,0,0,0,0,0,2.8773953980310876,3.920758691949283
/bin/sh -c gzip -> gzip,0,0,0,0,0,0,1,0,0,0,0,0,0,0,0,0,0,0,0,0,0,0,1,0,0,0,0,0,0,0,0,0,1,0,1,0,0,0,0,0,0,0,0,0,0,0,2,0,0,0,0,0,0,0,0,0,0,0,0,0,0,0,2.7630741894285697,3.309868957609396
gzip,0,0,0,0,0,0,0,0,0,0,0,0,0,0,0,0,0,0,0,0,0,0,0,0,0,0,0,0,0,0,0,0,0,0,0,0,0,0,0,0,0,0,0,0,0,0,1,0,0,0,0,0,0,0,0,0,0,0,0,0,0,0,2.128085278891395,1.8023766798862095
/bin/bash -c tar -xzvf project.tar.gz -> gzip -d,0,0,0,2,0,2,0,0,0,0,0,0,0,0,0,0,0,0,0,0,0,0,0,0,0,0,0,0,0,0,0,0,0,0,0,0,0,0,0,0,0,0,0,0,0,2,6,0,0,0,0,0,0,0,0,0,0,0,0,0,0,0,2.9204870597560304,3.724734980841758
gzip -d,0,0,0,0,0,0,0,0,0,0,0,0,0,0,0,0,0,0,0,0,0,0,0,0,0,0,0,0,0,0,0,0,0,0,0,0,0,0,0,0,0,0,0,0,0,0,4,0,0,0,0,0,0,0,0,0,0,0,0,0,0,0,2.40400975732486,2.9015317461840495
/bin/bash -c uname -r,0,0,0,2,0,2,0,0,0,0,0,0,0,0,0,0,0,0,0,0,0,0,0,0,0,0,0,0,0,0,0,0,0,0,0,0,0,0,0,0,0,0,0,0,0,2,2,0,0,0,0,0,0,0,0,0,0,0,0,0,0,0,2.5073801024236357,3.2289722856859178
/bin/bash -c chmod 600 file.txt,0,0,0,2,0,2,0,0,0,0,0,0,0,0,0,0,0,0,0,0,0,0,0,0,0,0,0,0,0,0,0,0,0,0,0,0,0,0,0,0,0,0,0,0,0,2,2,0,0,0,0,0,0,0,0,0,0,0,0,0,0,0,2.9347331189633987,3.2373978898288835
/bin/bash -c rm -r ~/old_folder,0,0,0,2,0,2,0,0,0,0,0,0,0,0,0,0,0,0,0,0,0,0,0,0,0,0,0,0,0,0,0,0,0,0,0,0,0,0,0,0,0,0,0,0,0,2,2,0,0,0,0,0,0,0,0,0,0,0,0,0,0,0,2.651796507184604,3.231827518551828
/bin/bash -c find / -name '*config*',0,0,0,2,0,2,0,0,0,0,0,0,0,0,0,0,0,0,0,0,0,0,0,0,0,0,0,0,0,0,0,0,0,0,0,0,0,0,0,0,0,0,0,0,0,2,2,0,0,0,0,0,0,0,0,0,0,0,0,0,0,0,2.8366614225615594,3.235470595284073
/bin/bash -c free -h,0,0,0,2,0,2,0,0,0,0,0,0,0,0,0,0,0,0,0,0,0,0,0,0,0,0,0,0,0,0,0,0,0,0,0,0,0,0,0,0,0,0,0,0,0,2,2,0,0,0,0,0,0,0,0,0,0,0,0,0,0,0,2.2221915755066783,3.2233098117136683
/bin/bash -c ln -s example.txt symlink_example.txt,0,0,1,2,0,2,0,0,0,0,1,0,0,0,0,0,0,0,0,0,0,0,0,0,0,0,0,0,0,0,0,0,0,0,0,0,0,0,0,0,0,0,0,0,0,2,2,0,0,0,0,0,0,0,0,0,0,0,0,0,0,0,2.8837027211892288,3.4497288254010927
/bin/bash -c ss -tuln,0,0,0,2,0,2,0,0,0,0,0,0,0,0,0,0,0,0,0,0,0,0,0,0,0,0,0,0,0,0,0,0,0,0,0,0,0,0,0,0,0,0,0,0,0,2,1,0,0,0,0,0,0,0,0,0,0,0,0,0,0,0,2.7795185654187025,3.0629122693007123
/bin/bash -c hostname -I,0,0,0,2,0,3,0,0,0,0,0,0,0,0,0,0,0,0,0,0,0,0,0,0,0,0,0,0,0,0,0,0,0,0,0,0,0,0,0,0,0,0,0,0,0,2,2,0,0,0,0,0,0,0,0,0,0,0,0,0,0,0,2.7463840917077538,3.2723480414222097
/bin/bash -c rm -rf /tmp/*,0,0,0,2,0,2,0,0,0,0,0,0,0,0,0,0,0,0,0,0,0,0,0,0,0,0,0,0,0,0,0,0,0,0,0,0,0,0,0,0,0,0,0,0,0,2,2,0,0,0,0,0,0,0,0,0,0,0,0,0,0,0,2.52473261568954,3.2293157905967758
/bin/bash -c du -sh .,0,0,0,2,0,2,0,0,0,0,0,0,0,0,0,0,0,0,0,0,0,0,0,0,0,0,0,0,0,0,0,0,0,0,0,0,0,0,0,0,0,0,0,0,0,2,2,0,0,0,0,0,0,0,0,0,0,0,0,0,0,0,2.40400975732486,3.2269235500298343
/bin/bash -c tar -czvf backup_project.tar.gz ~/project -> /bin/sh -c gzip -> gzip,0,0,0,2,0,2,0,0,1,0,0,0,0,0,0,0,0,0,0,0,0,0,0,0,0,0,0,0,0,0,0,0,0,0,0,0,0,0,0,0,0,0,0,0,0,2,4,0,0,0,0,0,0,0,0,0,0,0,0,0,0,0,3.0209588513162986,3.5133491671244443
/bin/sh -c gzip -> gzip,0,0,0,0,0,0,0,0,1,0,0,0,0,0,0,0,0,0,0,0,0,0,0,0,0,0,0,0,0,0,0,0,0,0,0,0,0,0,0,0,0,0,0,0,0,0,2,0,0,0,0,0,0,0,0,0,0,0,0,0,0,0,2.7630741894285697,2.3448336306102555
gzip,0,0,0,0,0,0,0,0,0,0,0,0,0,0,0,0,0,0,0,0,0,0,0,0,0,0,0,0,0,0,0,0,0,0,0,0,0,0,0,0,0,0,0,0,0,0,1,0,0,0,0,0,0,0,0,0,0,0,0,0,0,0,2.128085278891395,1.8023766798862095
kworker/dying,0,0,0,0,0,0,0,0,0,0,0,0,0,0,0,0,0,0,0,0,0,0,0,0,0,0,0,0,0,0,0,0,0,0,0,0,0,0,0,0,0,0,0,0,0,0,0,0,0,0,0,0,0,0,0,0,0,0,0,0,0,0,0.0,0.0
kworker/dying,0,0,0,0,0,0,0,0,0,0,0,0,0,0,0,0,0,0,0,0,0,0,0,0,0,0,0,0,0,0,0,0,0,0,0,0,0,0,0,0,0,0,0,0,0,0,0,0,0,0,0,0,0,0,0,0,0,0,0,0,0,0,0.0,0.0
kworker/dying,0,0,0,0,0,0,0,0,0,0,0,0,0,0,0,0,0,0,0,0,0,0,0,0,0,0,0,0,0,0,0,0,0,0,0,0,0,0,0,0,0,0,0,0,0,0,0,0,0,0,0,0,0,0,0,0,0,0,0,0,0,0,0.0,0.0
/bin/bash -c sudo apt update && sudo apt upgrade -y -> sudo apt update -> sudo,1,0,0,2,0,2,1,0,0,0,0,0,0,0,0,0,0,0,0,0,0,0,0,0,0,0,0,0,0,0,0,0,1,0,1,0,0,0,1,0,0,0,0,0,0,2,2,0,0,0,0,0,0,0,0,1,0,0,0,0,0,0,3.040352110044453,3.664335091943873
sudo apt update -> sudo,1,0,0,0,0,0,1,0,0,0,0,0,0,0,0,0,0,0,0,0,0,0,0,0,0,0,0,0,0,0,0,0,1,0,1,0,0,0,1,0,0,0,0,0,0,0,1,0,0,0,0,0,0,0,0,1,0,0,0,0,0,0,2.52307418942857,2.9842433830077004
"apt update -> /usr/bin/dpkg --print-foreign-architectures -> /usr/lib/apt/methods/http -> /usr/lib/apt/methods/gpgv -> gpgv -> /usr/bin/apt-key --quiet --readonly --keyring /usr/share/keyrings/ubuntu-archive-keyring.gpg verify --status-fd 3 /tmp/apt.sig.01nOec /tmp/apt.data.y1BPwK -> apt-key -> apt-config shell MASTER_KEYRING APT::Key::MasterKeyring -> apt-config shell ARCHIVE_KEYRING APT::Key::ArchiveKeyring -> apt-config shell REMOVED_KEYS APT::Key::RemovedKeys -> apt-config shell ARCHIVE_KEYRING_URI APT::Key::ArchiveKeyringURI -> apt-config shell GPGV Apt::Key::gpgvcommand ASSERT_PUBKEY_ALGO Apt::Key::assert-pubkey-algo -> mktemp --directory --tmpdir apt-key-gpghome.XXXXXXXXXX -> chmod 700 /tmp/apt-key-gpghome.bIF0AKdqbC -> gpgv --assert-pubkey-algo=>=rsa1024,ed25519,ed448,nistp256,nistp384, --homedir /tmp/apt-key-gpghome.bIF0AKdqbC --keyring /usr/share/keyrings/ubuntu-archive-keyring.gpg --ignore-time-conflict --status-fd 3 /tmp/apt.sig.01nOec /tmp/apt.data.y1BPwK -> rm -rf /tmp/apt-key-gpghome.bIF0AKdqbC -> /usr/bin/apt-key --quiet --readonly --keyring /usr/share/keyrings/ubuntu-archive-keyring.gpg verify --status-fd 3 /tmp/apt.sig.J9w0Y4 /tmp/apt.data.MWhJ04 -> chmod 700 /tmp/apt-key-gpghome.Vxxs1ZrD04 -> gpgv --assert-pubkey-algo=>=rsa1024,ed25519,ed448,nistp256,nistp384, --homedir /tmp/apt-key-gpghome.Vxxs1ZrD04 --keyring /usr/share/keyrings/ubuntu-archive-keyring.gpg --ignore-time-conflict --status-fd 3 /tmp/apt.sig.J9w0Y4 /tmp/apt.data.MWhJ04 -> rm -rf /tmp/apt-key-gpghome.Vxxs1ZrD04 -> /usr/bin/apt-key --quiet --readonly --keyring /usr/share/keyrings/ubuntu-archive-keyring.gpg verify --status-fd 3 /tmp/apt.sig.DLryK2 /tmp/apt.data.DxkWiq -> chmod 700 /tmp/apt-key-gpghome.xsgbRvg2XE -> gpgv --assert-pubkey-algo=>=rsa1024,ed25519,ed448,nistp256,nistp384, --homedir /tmp/apt-key-gpghome.xsgbRvg2XE --keyring /usr/share/keyrings/ubuntu-archive-keyring.gpg --ignore-time-conflict --status-fd 3 /tmp/apt.sig.DLryK2 /tmp/apt.data.DxkWiq -> rm -rf /tmp/apt-key-gpghome.xsgbRvg2XE -> /usr/bin/apt-key --quiet --readonly --keyring /usr/share/keyrings/ubuntu-archive-keyring.gpg verify --status-fd 3 /tmp/apt.sig.MrQ4Nz /tmp/apt.data.ZuRfpR -> chmod 700 /tmp/apt-key-gpghome.HIOdlXM56s -> gpgv --assert-pubkey-algo=>=rsa1024,ed25519,ed448,nistp256,nistp384, --homedir /tmp/apt-key-gpghome.HIOdlXM56s --keyring /usr/share/keyrings/ubuntu-archive-keyring.gpg --ignore-time-conflict --status-fd 3 /tmp/apt.sig.MrQ4Nz /tmp/apt.data.ZuRfpR -> rm -rf /tmp/apt-key-gpghome.HIOdlXM56s -> apt",6,0,5,58,0,28,56,0,56,0,0,8,8,0,0,0,0,0,0,0,0,6,8,44,16,0,0,0,0,0,0,0,28,0,28,0,4,0,0,0,2,0,8,0,24,26,115,0,0,0,0,1,0,0,0,0,0,0,0,0,0,0,3.5101320137931964,6.828814951638205
/usr/bin/dpkg --print-foreign-architectures,0,0,0,0,0,0,0,0,0,0,0,0,0,0,0,0,0,0,0,0,0,0,0,0,0,0,0,0,0,0,0,0,0,0,0,0,0,0,0,0,0,0,0,0,0,0,1,0,0,0,0,0,0,0,0,0,0,0,0,0,0,0,3.046258435293526,1.8753542021604113
/usr/lib/apt/methods/http,0,0,0,0,0,0,0,0,0,0,0,0,0,0,0,0,0,0,0,0,0,0,0,0,0,0,0,0,0,0,0,0,0,0,0,0,0,0,0,0,0,0,0,0,0,0,1,0,0,0,0,0,0,0,0,0,0,0,0,0,0,0,2.846368201426544,1.8599139605946509
/usr/lib/apt/methods/http,0,0,0,26,0,11,0,0,0,0,0,0,0,0,0,0,0,0,0,0,0,0,0,0,0,0,0,0,0,0,0,0,0,0,0,0,0,0,0,0,0,0,0,0,12,26,1,0,0,0,0,0,0,0,0,0,0,0,0,0,0,0,2.846368201426544,4.791012073313644
/usr/lib/apt/methods/http,0,0,0,26,0,11,0,0,0,0,0,0,0,0,0,0,0,0,0,0,0,0,0,0,0,0,0,0,0,0,0,0,0,0,0,0,0,0,0,0,0,0,0,0,12,26,1,0,0,0,0,0,0,0,0,0,0,0,0,0,0,0,2.846368201426544,4.791012073313644
/usr/lib/apt/methods/gpgv,0,0,0,0,0,0,0,0,0,0,0,0,0,0,0,0,0,0,0,0,0,0,0,0,0,0,0,0,0,0,0,0,0,0,0,0,0,0,0,0,0,0,0,0,0,0,1,0,0,0,0,0,0,0,0,0,0,0,0,0,0,0,2.9688171810183803,1.8694006170807131
"/usr/lib/apt/methods/gpgv -> gpgv -> /usr/bin/apt-key --quiet --readonly --keyring /usr/share/keyrings/ubuntu-archive-keyring.gpg verify --status-fd 3 /tmp/apt.sig.01nOec /tmp/apt.data.y1BPwK -> apt-key -> apt-config shell MASTER_KEYRING APT::Key::MasterKeyring -> /usr/bin/dpkg --print-foreign-architectures -> apt-config shell ARCHIVE_KEYRING APT::Key::ArchiveKeyring -> apt-config shell REMOVED_KEYS APT::Key::RemovedKeys -> apt-config shell ARCHIVE_KEYRING_URI APT::Key::ArchiveKeyringURI -> apt-config shell GPGV Apt::Key::gpgvcommand ASSERT_PUBKEY_ALGO Apt::Key::assert-pubkey-algo -> mktemp --directory --tmpdir apt-key-gpghome.XXXXXXXXXX -> chmod 700 /tmp/apt-key-gpghome.bIF0AKdqbC -> gpgv --assert-pubkey-algo=>=rsa1024,ed25519,ed448,nistp256,nistp384, --homedir /tmp/apt-key-gpghome.bIF0AKdqbC --keyring /usr/share/keyrings/ubuntu-archive-keyring.gpg --ignore-time-conflict --status-fd 3 /tmp/apt.sig.01nOec /tmp/apt.data.y1BPwK -> rm -rf /tmp/apt-key-gpghome.bIF0AKdqbC -> /usr/bin/apt-key --quiet --readonly --keyring /usr/share/keyrings/ubuntu-archive-keyring.gpg verify --status-fd 3 /tmp/apt.sig.J9w0Y4 /tmp/apt.data.MWhJ04 -> chmod 700 /tmp/apt-key-gpghome.Vxxs1ZrD04 -> gpgv --assert-pubkey-algo=>=rsa1024,ed25519,ed448,nistp256,nistp384, --homedir /tmp/apt-key-gpghome.Vxxs1ZrD04 --keyring /usr/share/keyrings/ubuntu-archive-keyring.gpg --ignore-time-conflict --status-fd 3 /tmp/apt.sig.J9w0Y4 /tmp/apt.data.MWhJ04 -> rm -rf /tmp/apt-key-gpghome.Vxxs1ZrD04 -> /usr/bin/apt-key --quiet --readonly --keyring /usr/share/keyrings/ubuntu-archive-keyring.gpg verify --status-fd 3 /tmp/apt.sig.DLryK2 /tmp/apt.data.DxkWiq -> chmod 700 /tmp/apt-key-gpghome.xsgbRvg2XE -> gpgv --assert-pubkey-algo=>=rsa1024,ed25519,ed448,nistp256,nistp384, --homedir /tmp/apt-key-gpghome.xsgbRvg2XE --keyring /usr/share/keyrings/ubuntu-archive-keyring.gpg --ignore-time-conflict --status-fd 3 /tmp/apt.sig.DLryK2 /tmp/apt.data.DxkWiq -> rm -rf /tmp/apt-key-gpghome.xsgbRvg2XE -> /usr/bin/apt-key --quiet --readonly --keyring /usr/share/keyrings/ubuntu-archive-keyring.gpg verify --status-fd 3 /tmp/apt.sig.MrQ4Nz /tmp/apt.data.ZuRfpR -> chmod 700 /tmp/apt-key-gpghome.HIOdlXM56s -> gpgv --assert-pubkey-algo=>=rsa1024,ed25519,ed448,nistp256,nistp384, --homedir /tmp/apt-key-gpghome.HIOdlXM56s --keyring /usr/share/keyrings/ubuntu-archive-keyring.gpg --ignore-time-conflict --status-fd 3 /tmp/apt.sig.MrQ4Nz /tmp/apt.data.ZuRfpR -> rm -rf /tmp/apt-key-gpghome.HIOdlXM56s",5,0,5,2,0,2,16,0,32,0,0,8,8,0,0,0,0,0,0,0,0,5,8,16,16,0,0,0,0,0,0,0,8,0,8,0,0,0,0,0,0,0,0,0,0,2,66,0,0,0,0,1,0,0,0,0,0,0,0,0,0,0,3.5101320137931964,6.047100430558381
"/usr/bin/apt-key --quiet --readonly --keyring /usr/share/keyrings/ubuntu-archive-keyring.gpg verify --status-fd 3 /tmp/apt.sig.01nOec /tmp/apt.data.y1BPwK -> apt-key -> apt-config shell MASTER_KEYRING APT::Key::MasterKeyring -> /usr/bin/dpkg --print-foreign-architectures -> apt-config shell ARCHIVE_KEYRING APT::Key::ArchiveKeyring -> apt-config shell REMOVED_KEYS APT::Key::RemovedKeys -> apt-config shell ARCHIVE_KEYRING_URI APT::Key::ArchiveKeyringURI -> apt-config shell GPGV Apt::Key::gpgvcommand ASSERT_PUBKEY_ALGO Apt::Key::assert-pubkey-algo -> mktemp --directory --tmpdir apt-key-gpghome.XXXXXXXXXX -> chmod 700 /tmp/apt-key-gpghome.bIF0AKdqbC -> gpgv --assert-pubkey-algo=>=rsa1024,ed25519,ed448,nistp256,nistp384, --homedir /tmp/apt-key-gpghome.bIF0AKdqbC --keyring /usr/share/keyrings/ubuntu-archive-keyring.gpg --ignore-time-conflict --status-fd 3 /tmp/apt.sig.01nOec /tmp/apt.data.y1BPwK -> rm -rf /tmp/apt-key-gpghome.bIF0AKdqbC",0,0,0,0,0,0,2,0,2,0,0,2,2,0,0,0,0,0,0,0,0,0,0,2,2,0,0,0,0,0,0,0,0,0,0,0,0,0,0,0,0,0,0,0,0,0,15,0,0,0,0,1,0,0,0,0,0,0,0,0,0,0,3.5101320137931964,4.356389109007091
apt-key,0,0,0,0,0,0,0,0,0,0,0,0,0,0,0,0,0,0,0,0,0,0,0,0,0,0,0,0,0,0,0,0,0,0,0,0,0,0,0,0,0,0,0,0,0,0,0,0,0,0,0,0,0,0,0,0,0,0,0,0,0,0,0.0,0.0
apt-config shell MASTER_KEYRING APT::Key::MasterKeyring -> /usr/bin/dpkg --print-foreign-architectures,0,0,0,0,0,0,0,0,0,0,0,0,0,0,0,0,0,0,0,0,0,0,0,0,0,0,0,0,0,0,0,0,0,0,0,0,0,0,0,0,0,0,0,0,0,0,2,0,0,0,0,0,0,0,0,0,0,0,0,0,0,0,3.404475479195745,2.370452854144138
/usr/bin/dpkg --print-foreign-architectures,0,0,0,0,0,0,0,0,0,0,0,0,0,0,0,0,0,0,0,0,0,0,0,0,0,0,0,0,0,0,0,0,0,0,0,0,0,0,0,0,0,0,0,0,0,0,1,0,0,0,0,0,0,0,0,0,0,0,0,0,0,0,3.046258435293526,1.8753542021604113
apt-config shell ARCHIVE_KEYRING APT::Key::ArchiveKeyring -> /usr/bin/dpkg --print-foreign-architectures,0,0,0,0,0,0,0,0,0,0,0,0,0,0,0,0,0,0,0,0,0,0,0,0,0,0,0,0,0,0,0,0,0,0,0,0,0,0,0,0,0,0,0,0,0,0,2,0,0,0,0,0,0,0,0,0,0,0,0,0,0,0,3.434509541556848,2.371855038031895
/usr/bin/dpkg --print-foreign-architectures,0,0,0,0,0,0,0,0,0,0,0,0,0,0,0,0,0,0,0,0,0,0,0,0,0,0,0,0,0,0,0,0,0,0,0,0,0,0,0,0,0,0,0,0,0,0,1,0,0,0,0,0,0,0,0,0,0,0,0,0,0,0,3.046258435293526,1.8753542021604113
apt-config shell REMOVED_KEYS APT::Key::RemovedKeys -> /usr/bin/dpkg --print-foreign-architectures,0,0,0,0,0,0,0,0,0,0,0,0,0,0,0,0,0,0,0,0,0,0,0,0,0,0,0,0,0,0,0,0,0,0,0,0,0,0,0,0,0,0,0,0,0,0,2,0,0,0,0,0,0,0,0,0,0,0,0,0,0,0,3.410012539829762,2.3707115077411363
/usr/bin/dpkg --print-foreign-architectures,0,0,0,0,0,0,0,0,0,0,0,0,0,0,0,0,0,0,0,0,0,0,0,0,0,0,0,0,0,0,0,0,0,0,0,0,0,0,0,0,0,0,0,0,0,0,1,0,0,0,0,0,0,0,0,0,0,0,0,0,0,0,3.046258435293526,1.8753542021604113
apt-config shell ARCHIVE_KEYRING_URI APT::Key::ArchiveKeyringURI -> /usr/bin/dpkg --print-foreign-architectures,0,0,0,0,0,0,0,0,0,0,0,0,0,0,0,0,0,0,0,0,0,0,0,0,0,0,0,0,0,0,0,0,0,0,0,0,0,0,0,0,0,0,0,0,0,0,2,0,0,0,0,0,0,0,0,0,0,0,0,0,0,0,3.442184739398549,2.3722130506097017
/usr/bin/dpkg --print-foreign-architectures,0,0,0,0,0,0,0,0,0,0,0,0,0,0,0,0,0,0,0,0,0,0,0,0,0,0,0,0,0,0,0,0,0,0,0,0,0,0,0,0,0,0,0,0,0,0,1,0,0,0,0,0,0,0,0,0,0,0,0,0,0,0,3.046258435293526,1.8753542021604113
apt-key,0,0,0,0,0,0,0,0,0,0,0,0,0,0,0,0,0,0,0,0,0,0,0,0,0,0,0,0,0,0,0,0,0,0,0,0,0,0,0,0,0,0,0,0,0,0,0,0,0,0,0,0,0,0,0,0,0,0,0,0,0,0,0.0,0.0
apt-config shell GPGV Apt::Key::gpgvcommand ASSERT_PUBKEY_ALGO Apt::Key::assert-pubkey-algo -> /usr/bin/dpkg --print-foreign-architectures,0,0,0,0,0,0,0,0,0,0,0,0,0,0,0,0,0,0,0,0,0,0,0,0,0,0,0,0,0,0,0,0,0,0,0,0,0,0,0,0,0,0,0,0,0,0,2,0,0,0,0,0,0,0,0,0,0,0,0,0,0,0,3.4921114445015555,2.3745387776878233
/usr/bin/dpkg --print-foreign-architectures,0,0,0,0,0,0,0,0,0,0,0,0,0,0,0,0,0,0,0,0,0,0,0,0,0,0,0,0,0,0,0,0,0,0,0,0,0,0,0,0,0,0,0,0,0,0,1,0,0,0,0,0,0,0,0,0,0,0,0,0,0,0,3.046258435293526,1.8753542021604113
gpgv --assert-pubkey-algo,0,0,0,0,0,0,0,0,0,0,0,0,0,0,0,0,0,0,0,0,0,0,0,0,0,0,0,0,0,0,0,0,0,0,0,0,0,0,0,0,0,0,0,0,0,0,1,0,0,0,0,0,0,0,0,0,0,0,0,0,0,0,2.899337522071791,1.8640287746108184
apt-key,0,0,0,0,0,0,0,0,0,0,0,0,0,0,0,0,0,0,0,0,0,0,0,0,0,0,0,0,0,0,0,0,0,0,0,0,0,0,0,0,0,0,0,0,0,0,0,0,0,0,0,0,0,0,0,0,0,0,0,0,0,0,0.0,0.0
mktemp --directory --tmpdir apt-key-gpghome.XXXXXXXXXX,0,0,0,0,0,0,0,0,0,0,0,2,0,0,0,0,0,0,0,0,0,0,0,0,0,0,0,0,0,0,0,0,0,0,0,0,0,0,0,0,0,0,0,0,0,0,1,0,0,0,0,1,0,0,0,0,0,0,0,0,0,0,2.89903571102803,2.010830452953769
chmod 700 /tmp/apt-key-gpghome.bIF0AKdqbC,0,0,0,0,0,0,2,0,0,0,0,0,0,0,0,0,0,0,0,0,0,0,0,2,2,0,0,0,0,0,0,0,0,0,0,0,0,0,0,0,0,0,0,0,0,0,1,0,0,0,0,0,0,0,0,0,0,0,0,0,0,0,3.257878644365724,3.0266949114222252
apt-key,0,0,0,0,0,0,0,0,0,0,0,0,0,0,0,0,0,0,0,0,0,0,0,0,0,0,0,0,0,0,0,0,0,0,0,0,0,0,0,0,0,0,0,0,0,0,0,0,0,0,0,0,0,0,0,0,0,0,0,0,0,0,0.0,0.0
apt-key,0,0,0,0,0,0,0,0,0,0,0,0,0,0,0,0,0,0,0,0,0,0,0,0,0,0,0,0,0,0,0,0,0,0,0,0,0,0,0,0,0,0,0,0,0,0,0,0,0,0,0,0,0,0,0,0,0,0,0,0,0,0,0.0,0.0
"sed -e s#'#''""'#g """,0,0,0,0,0,0,0,0,0,0,0,0,0,0,0,0,0,0,0,0,0,0,0,0,0,0,0,0,0,0,0,0,0,0,0,0,0,0,0,0,0,0,0,0,0,0,1,0,0,0,0,0,0,0,0,0,0,0,0,0,0,0,2.4587690059903835,1.829277532251845
apt-key,0,0,0,0,0,0,0,0,0,0,0,0,0,0,0,0,0,0,0,0,0,0,0,0,0,0,0,0,0,0,0,0,0,0,0,0,0,0,0,0,0,0,0,0,0,0,0,0,0,0,0,0,0,0,0,0,0,0,0,0,0,0,0.0,0.0
apt-key,0,0,0,0,0,0,0,0,0,0,0,0,0,0,0,0,0,0,0,0,0,0,0,0,0,0,0,0,0,0,0,0,0,0,0,0,0,0,0,0,0,0,0,0,0,0,0,0,0,0,0,0,0,0,0,0,0,0,0,0,0,0,0.0,0.0
"sed -e s#'#''""'#g """,0,0,0,0,0,0,0,0,0,0,0,0,0,0,0,0,0,0,0,0,0,0,0,0,0,0,0,0,0,0,0,0,0,0,0,0,0,0,0,0,0,0,0,0,0,0,1,0,0,0,0,0,0,0,0,0,0,0,0,0,0,0,2.4587690059903835,1.829277532251845
apt-key,0,0,0,0,0,0,0,0,0,0,0,0,0,0,0,0,0,0,0,0,0,0,0,0,0,0,0,0,0,0,0,0,0,0,0,0,0,0,0,0,0,0,0,0,0,0,0,0,0,0,0,0,0,0,0,0,0,0,0,0,0,0,0.0,0.0
apt-key,0,0,0,0,0,0,0,0,0,0,0,0,0,0,0,0,0,0,0,0,0,0,0,0,0,0,0,0,0,0,0,0,0,0,0,0,0,0,0,0,0,0,0,0,0,0,0,0,0,0,0,0,0,0,0,0,0,0,0,0,0,0,0.0,0.0
"gpgv --assert-pubkey-algo=>=rsa1024,ed25519,ed448,nistp256,nistp384, --homedir /tmp/apt-key-gpghome.bIF0AKdqbC --keyring /usr/share/keyrings/ubuntu-archive-keyring.gpg --ignore-time-conflict --status-fd 3 /tmp/apt.sig.01nOec /tmp/apt.data.y1BPwK",0,0,0,0,0,0,0,0,0,0,0,0,0,0,0,0,0,0,0,0,0,0,0,0,0,0,0,0,0,0,0,0,0,0,0,0,0,0,0,0,0,0,0,0,0,0,1,0,0,0,0,0,0,0,0,0,0,0,0,0,0,0,3.5101320137931964,1.9102927429257233
rm -rf /tmp/apt-key-gpghome.bIF0AKdqbC,0,0,0,0,0,0,0,0,0,0,0,0,2,0,0,0,0,0,0,0,0,0,0,0,0,0,0,0,0,0,0,0,0,0,0,0,0,0,0,0,0,0,0,0,0,0,1,0,0,0,0,0,0,0,0,0,0,0,0,0,0,0,3.2513024983840593,1.9059287608277646
"/usr/bin/apt-key --quiet --readonly --keyring /usr/share/keyrings/ubuntu-archive-keyring.gpg verify --status-fd 3 /tmp/apt.sig.J9w0Y4 /tmp/apt.data.MWhJ04 -> apt-key -> apt-config shell MASTER_KEYRING APT::Key::MasterKeyring -> /usr/bin/dpkg --print-foreign-architectures -> apt-config shell ARCHIVE_KEYRING APT::Key::ArchiveKeyring -> apt-config shell REMOVED_KEYS APT::Key::RemovedKeys -> apt-config shell ARCHIVE_KEYRING_URI APT::Key::ArchiveKeyringURI -> apt-config shell GPGV Apt::Key::gpgvcommand ASSERT_PUBKEY_ALGO Apt::Key::assert-pubkey-algo -> mktemp --directory --tmpdir apt-key-gpghome.XXXXXXXXXX -> chmod 700 /tmp/apt-key-gpghome.Vxxs1ZrD04 -> gpgv --assert-pubkey-algo=>=rsa1024,ed25519,ed448,nistp256,nistp384, --homedir /tmp/apt-key-gpghome.Vxxs1ZrD04 --keyring /usr/share/keyrings/ubuntu-archive-keyring.gpg --ignore-time-conflict --status-fd 3 /tmp/apt.sig.J9w0Y4 /tmp/apt.data.MWhJ04 -> rm -rf /tmp/apt-key-gpghome.Vxxs1ZrD04",0,0,0,0,0,0,2,0,2,0,0,2,2,0,0,0,0,0,0,0,0,0,0,2,2,0,0,0,0,0,0,0,0,0,0,0,0,0,0,0,0,0,0,0,0,0,15,0,0,0,0,1,0,0,0,0,0,0,0,0,0,0,3.5054703988833853,4.356359216858089
apt-key,0,0,0,0,0,0,0,0,0,0,0,0,0,0,0,0,0,0,0,0,0,0,0,0,0,0,0,0,0,0,0,0,0,0,0,0,0,0,0,0,0,0,0,0,0,0,0,0,0,0,0,0,0,0,0,0,0,0,0,0,0,0,0.0,0.0
apt-config shell MASTER_KEYRING APT::Key::MasterKeyring -> /usr/bin/dpkg --print-foreign-architectures,0,0,0,0,0,0,0,0,0,0,0,0,0,0,0,0,0,0,0,0,0,0,0,0,0,0,0,0,0,0,0,0,0,0,0,0,0,0,0,0,0,0,0,0,0,0,2,0,0,0,0,0,0,0,0,0,0,0,0,0,0,0,3.404475479195745,2.370452854144138
/usr/bin/dpkg --print-foreign-architectures,0,0,0,0,0,0,0,0,0,0,0,0,0,0,0,0,0,0,0,0,0,0,0,0,0,0,0,0,0,0,0,0,0,0,0,0,0,0,0,0,0,0,0,0,0,0,1,0,0,0,0,0,0,0,0,0,0,0,0,0,0,0,3.046258435293526,1.8753542021604113
apt-config shell ARCHIVE_KEYRING APT::Key::ArchiveKeyring -> /usr/bin/dpkg --print-foreign-architectures,0,0,0,0,0,0,0,0,0,0,0,0,0,0,0,0,0,0,0,0,0,0,0,0,0,0,0,0,0,0,0,0,0,0,0,0,0,0,0,0,0,0,0,0,0,0,2,0,0,0,0,0,0,0,0,0,0,0,0,0,0,0,3.434509541556848,2.371855038031895
/usr/bin/dpkg --print-foreign-architectures,0,0,0,0,0,0,0,0,0,0,0,0,0,0,0,0,0,0,0,0,0,0,0,0,0,0,0,0,0,0,0,0,0,0,0,0,0,0,0,0,0,0,0,0,0,0,1,0,0,0,0,0,0,0,0,0,0,0,0,0,0,0,3.046258435293526,1.8753542021604113
apt-config shell REMOVED_KEYS APT::Key::RemovedKeys -> /usr/bin/dpkg --print-foreign-architectures,0,0,0,0,0,0,0,0,0,0,0,0,0,0,0,0,0,0,0,0,0,0,0,0,0,0,0,0,0,0,0,0,0,0,0,0,0,0,0,0,0,0,0,0,0,0,2,0,0,0,0,0,0,0,0,0,0,0,0,0,0,0,3.410012539829762,2.3707115077411363
/usr/bin/dpkg --print-foreign-architectures,0,0,0,0,0,0,0,0,0,0,0,0,0,0,0,0,0,0,0,0,0,0,0,0,0,0,0,0,0,0,0,0,0,0,0,0,0,0,0,0,0,0,0,0,0,0,1,0,0,0,0,0,0,0,0,0,0,0,0,0,0,0,3.046258435293526,1.8753542021604113
apt-config shell ARCHIVE_KEYRING_URI APT::Key::ArchiveKeyringURI -> /usr/bin/dpkg --print-foreign-architectures,0,0,0,0,0,0,0,0,0,0,0,0,0,0,0,0,0,0,0,0,0,0,0,0,0,0,0,0,0,0,0,0,0,0,0,0,0,0,0,0,0,0,0,0,0,0,2,0,0,0,0,0,0,0,0,0,0,0,0,0,0,0,3.442184739398549,2.3722130506097017
/usr/bin/dpkg --print-foreign-architectures,0,0,0,0,0,0,0,0,0,0,0,0,0,0,0,0,0,0,0,0,0,0,0,0,0,0,0,0,0,0,0,0,0,0,0,0,0,0,0,0,0,0,0,0,0,0,1,0,0,0,0,0,0,0,0,0,0,0,0,0,0,0,3.046258435293526,1.8753542021604113
apt-key,0,0,0,0,0,0,0,0,0,0,0,0,0,0,0,0,0,0,0,0,0,0,0,0,0,0,0,0,0,0,0,0,0,0,0,0,0,0,0,0,0,0,0,0,0,0,0,0,0,0,0,0,0,0,0,0,0,0,0,0,0,0,0.0,0.0
apt-config shell GPGV Apt::Key::gpgvcommand ASSERT_PUBKEY_ALGO Apt::Key::assert-pubkey-algo -> /usr/bin/dpkg --print-foreign-architectures,0,0,0,0,0,0,0,0,0,0,0,0,0,0,0,0,0,0,0,0,0,0,0,0,0,0,0,0,0,0,0,0,0,0,0,0,0,0,0,0,0,0,0,0,0,0,2,0,0,0,0,0,0,0,0,0,0,0,0,0,0,0,3.4921114445015555,2.3745387776878233
/usr/bin/dpkg --print-foreign-architectures,0,0,0,0,0,0,0,0,0,0,0,0,0,0,0,0,0,0,0,0,0,0,0,0,0,0,0,0,0,0,0,0,0,0,0,0,0,0,0,0,0,0,0,0,0,0,1,0,0,0,0,0,0,0,0,0,0,0,0,0,0,0,3.046258435293526,1.8753542021604113
gpgv --assert-pubkey-algo,0,0,0,0,0,0,0,0,0,0,0,0,0,0,0,0,0,0,0,0,0,0,0,0,0,0,0,0,0,0,0,0,0,0,0,0,0,0,0,0,0,0,0,0,0,0,1,0,0,0,0,0,0,0,0,0,0,0,0,0,0,0,2.899337522071791,1.8640287746108184
apt-key,0,0,0,0,0,0,0,0,0,0,0,0,0,0,0,0,0,0,0,0,0,0,0,0,0,0,0,0,0,0,0,0,0,0,0,0,0,0,0,0,0,0,0,0,0,0,0,0,0,0,0,0,0,0,0,0,0,0,0,0,0,0,0.0,0.0
mktemp --directory --tmpdir apt-key-gpghome.XXXXXXXXXX,0,0,0,0,0,0,0,0,0,0,0,2,0,0,0,0,0,0,0,0,0,0,0,0,0,0,0,0,0,0,0,0,0,0,0,0,0,0,0,0,0,0,0,0,0,0,1,0,0,0,0,1,0,0,0,0,0,0,0,0,0,0,2.89903571102803,2.010830452953769
chmod 700 /tmp/apt-key-gpghome.Vxxs1ZrD04,0,0,0,0,0,0,2,0,0,0,0,0,0,0,0,0,0,0,0,0,0,0,0,2,2,0,0,0,0,0,0,0,0,0,0,0,0,0,0,0,0,0,0,0,0,0,1,0,0,0,0,0,0,0,0,0,0,0,0,0,0,0,3.2838526703397504,3.0273242664507096
apt-key,0,0,0,0,0,0,0,0,0,0,0,0,0,0,0,0,0,0,0,0,0,0,0,0,0,0,0,0,0,0,0,0,0,0,0,0,0,0,0,0,0,0,0,0,0,0,0,0,0,0,0,0,0,0,0,0,0,0,0,0,0,0,0.0,0.0
apt-key,0,0,0,0,0,0,0,0,0,0,0,0,0,0,0,0,0,0,0,0,0,0,0,0,0,0,0,0,0,0,0,0,0,0,0,0,0,0,0,0,0,0,0,0,0,0,0,0,0,0,0,0,0,0,0,0,0,0,0,0,0,0,0.0,0.0
"sed -e s#'#''""'#g """,0,0,0,0,0,0,0,0,0,0,0,0,0,0,0,0,0,0,0,0,0,0,0,0,0,0,0,0,0,0,0,0,0,0,0,0,0,0,0,0,0,0,0,0,0,0,1,0,0,0,0,0,0,0,0,0,0,0,0,0,0,0,2.4587690059903835,1.829277532251845
apt-key,0,0,0,0,0,0,0,0,0,0,0,0,0,0,0,0,0,0,0,0,0,0,0,0,0,0,0,0,0,0,0,0,0,0,0,0,0,0,0,0,0,0,0,0,0,0,0,0,0,0,0,0,0,0,0,0,0,0,0,0,0,0,0.0,0.0
apt-key,0,0,0,0,0,0,0,0,0,0,0,0,0,0,0,0,0,0,0,0,0,0,0,0,0,0,0,0,0,0,0,0,0,0,0,0,0,0,0,0,0,0,0,0,0,0,0,0,0,0,0,0,0,0,0,0,0,0,0,0,0,0,0.0,0.0
"sed -e s#'#''""'#g """,0,0,0,0,0,0,0,0,0,0,0,0,0,0,0,0,0,0,0,0,0,0,0,0,0,0,0,0,0,0,0,0,0,0,0,0,0,0,0,0,0,0,0,0,0,0,1,0,0,0,0,0,0,0,0,0,0,0,0,0,0,0,2.4587690059903835,1.829277532251845
apt-key,0,0,0,0,0,0,0,0,0,0,0,0,0,0,0,0,0,0,0,0,0,0,0,0,0,0,0,0,0,0,0,0,0,0,0,0,0,0,0,0,0,0,0,0,0,0,0,0,0,0,0,0,0,0,0,0,0,0,0,0,0,0,0.0,0.0
apt-key,0,0,0,0,0,0,0,0,0,0,0,0,0,0,0,0,0,0,0,0,0,0,0,0,0,0,0,0,0,0,0,0,0,0,0,0,0,0,0,0,0,0,0,0,0,0,0,0,0,0,0,0,0,0,0,0,0,0,0,0,0,0,0.0,0.0
"gpgv --assert-pubkey-algo=>=rsa1024,ed25519,ed448,nistp256,nistp384, --homedir /tmp/apt-key-gpghome.Vxxs1ZrD04 --keyring /usr/share/keyrings/ubuntu-archive-keyring.gpg --ignore-time-conflict --status-fd 3 /tmp/apt.sig.J9w0Y4 /tmp/apt.data.MWhJ04",0,0,0,0,0,0,0,0,0,0,0,0,0,0,0,0,0,0,0,0,0,0,0,0,0,0,0,0,0,0,0,0,0,0,0,0,0,0,0,0,0,0,0,0,0,0,1,0,0,0,0,0,0,0,0,0,0,0,0,0,0,0,3.5054703988833853,1.9099476375392235
rm -rf /tmp/apt-key-gpghome.Vxxs1ZrD04,0,0,0,0,0,0,0,0,0,0,0,0,2,0,0,0,0,0,0,0,0,0,0,0,0,0,0,0,0,0,0,0,0,0,0,0,0,0,0,0,0,0,0,0,0,0,1,0,0,0,0,0,0,0,0,0,0,0,0,0,0,0,3.212501265959222,1.9030400217833887
"/usr/bin/apt-key --quiet --readonly --keyring /usr/share/keyrings/ubuntu-archive-keyring.gpg verify --status-fd 3 /tmp/apt.sig.DLryK2 /tmp/apt.data.DxkWiq -> apt-key -> apt-config shell MASTER_KEYRING APT::Key::MasterKeyring -> /usr/bin/dpkg --print-foreign-architectures -> apt-config shell ARCHIVE_KEYRING APT::Key::ArchiveKeyring -> apt-config shell REMOVED_KEYS APT::Key::RemovedKeys -> apt-config shell ARCHIVE_KEYRING_URI APT::Key::ArchiveKeyringURI -> apt-config shell GPGV Apt::Key::gpgvcommand ASSERT_PUBKEY_ALGO Apt::Key::assert-pubkey-algo -> mktemp --directory --tmpdir apt-key-gpghome.XXXXXXXXXX -> chmod 700 /tmp/apt-key-gpghome.xsgbRvg2XE -> gpgv --assert-pubkey-algo=>=rsa1024,ed25519,ed448,nistp256,nistp384, --homedir /tmp/apt-key-gpghome.xsgbRvg2XE --keyring /usr/share/keyrings/ubuntu-archive-keyring.gpg --ignore-time-conflict --status-fd 3 /tmp/apt.sig.DLryK2 /tmp/apt.data.DxkWiq -> rm -rf /tmp/apt-key-gpghome.xsgbRvg2XE",5,0,5,0,0,0,2,0,2,0,0,2,2,0,0,0,0,0,0,0,0,5,0,2,2,0,0,0,0,0,0,0,0,0,0,0,0,0,0,0,0,0,0,0,0,0,20,0,0,0,0,1,0,0,0,0,0,0,0,0,0,0,3.4921114445015555,4.948873754266002
apt-key,0,0,0,0,0,0,0,0,0,0,0,0,0,0,0,0,0,0,0,0,0,0,0,0,0,0,0,0,0,0,0,0,0,0,0,0,0,0,0,0,0,0,0,0,0,0,0,0,0,0,0,0,0,0,0,0,0,0,0,0,0,0,0.0,0.0
apt-config shell MASTER_KEYRING APT::Key::MasterKeyring -> /usr/bin/dpkg --print-foreign-architectures,1,0,1,0,0,0,0,0,0,0,0,0,0,0,0,0,0,0,0,0,0,1,0,0,0,0,0,0,0,0,0,0,0,0,0,0,0,0,0,0,0,0,0,0,0,0,3,0,0,0,0,0,0,0,0,0,0,0,0,0,0,0,3.404475479195745,3.28512180270649
/usr/bin/dpkg --print-foreign-architectures,0,0,0,0,0,0,0,0,0,0,0,0,0,0,0,0,0,0,0,0,0,0,0,0,0,0,0,0,0,0,0,0,0,0,0,0,0,0,0,0,0,0,0,0,0,0,1,0,0,0,0,0,0,0,0,0,0,0,0,0,0,0,3.046258435293526,1.8753542021604113
apt-config shell ARCHIVE_KEYRING APT::Key::ArchiveKeyring -> /usr/bin/dpkg --print-foreign-architectures,1,0,1,0,0,0,0,0,0,0,0,0,0,0,0,0,0,0,0,0,0,1,0,0,0,0,0,0,0,0,0,0,0,0,0,0,0,0,0,0,0,0,0,0,0,0,3,0,0,0,0,0,0,0,0,0,0,0,0,0,0,0,3.434509541556848,3.285683822698462
/usr/bin/dpkg --print-foreign-architectures,0,0,0,0,0,0,0,0,0,0,0,0,0,0,0,0,0,0,0,0,0,0,0,0,0,0,0,0,0,0,0,0,0,0,0,0,0,0,0,0,0,0,0,0,0,0,1,0,0,0,0,0,0,0,0,0,0,0,0,0,0,0,3.046258435293526,1.8753542021604113
apt-config shell REMOVED_KEYS APT::Key::RemovedKeys -> /usr/bin/dpkg --print-foreign-architectures,1,0,1,0,0,0,0,0,0,0,0,0,0,0,0,0,0,0,0,0,0,1,0,0,0,0,0,0,0,0,0,0,0,0,0,0,0,0,0,0,0,0,0,0,0,0,3,0,0,0,0,0,0,0,0,0,0,0,0,0,0,0,3.410012539829762,3.285225440106128
/usr/bin/dpkg --print-foreign-architectures,0,0,0,0,0,0,0,0,0,0,0,0,0,0,0,0,0,0,0,0,0,0,0,0,0,0,0,0,0,0,0,0,0,0,0,0,0,0,0,0,0,0,0,0,0,0,1,0,0,0,0,0,0,0,0,0,0,0,0,0,0,0,3.046258435293526,1.8753542021604113
apt-config shell ARCHIVE_KEYRING_URI APT::Key::ArchiveKeyringURI -> /usr/bin/dpkg --print-foreign-architectures,1,0,1,0,0,0,0,0,0,0,0,0,0,0,0,0,0,0,0,0,0,1,0,0,0,0,0,0,0,0,0,0,0,0,0,0,0,0,0,0,0,0,0,0,0,0,3,0,0,0,0,0,0,0,0,0,0,0,0,0,0,0,3.442184739398549,3.285827396120863
/usr/bin/dpkg --print-foreign-architectures,0,0,0,0,0,0,0,0,0,0,0,0,0,0,0,0,0,0,0,0,0,0,0,0,0,0,0,0,0,0,0,0,0,0,0,0,0,0,0,0,0,0,0,0,0,0,1,0,0,0,0,0,0,0,0,0,0,0,0,0,0,0,3.046258435293526,1.8753542021604113
apt-key,0,0,0,0,0,0,0,0,0,0,0,0,0,0,0,0,0,0,0,0,0,0,0,0,0,0,0,0,0,0,0,0,0,0,0,0,0,0,0,0,0,0,0,0,0,0,0,0,0,0,0,0,0,0,0,0,0,0,0,0,0,0,0.0,0.0
apt-config shell GPGV Apt::Key::gpgvcommand ASSERT_PUBKEY_ALGO Apt::Key::assert-pubkey-algo -> /usr/bin/dpkg --print-foreign-architectures,1,0,1,0,0,0,0,0,0,0,0,0,0,0,0,0,0,0,0,0,0,1,0,0,0,0,0,0,0,0,0,0,0,0,0,0,0,0,0,0,0,0,0,0,0,0,3,0,0,0,0,0,0,0,0,0,0,0,0,0,0,0,3.4921114445015555,3.2867608298616613
/usr/bin/dpkg --print-foreign-architectures,0,0,0,0,0,0,0,0,0,0,0,0,0,0,0,0,0,0,0,0,0,0,0,0,0,0,0,0,0,0,0,0,0,0,0,0,0,0,0,0,0,0,0,0,0,0,1,0,0,0,0,0,0,0,0,0,0,0,0,0,0,0,3.046258435293526,1.8753542021604113
gpgv --assert-pubkey-algo,0,0,0,0,0,0,0,0,0,0,0,0,0,0,0,0,0,0,0,0,0,0,0,0,0,0,0,0,0,0,0,0,0,0,0,0,0,0,0,0,0,0,0,0,0,0,1,0,0,0,0,0,0,0,0,0,0,0,0,0,0,0,2.899337522071791,1.8640287746108184
apt-key,0,0,0,0,0,0,0,0,0,0,0,0,0,0,0,0,0,0,0,0,0,0,0,0,0,0,0,0,0,0,0,0,0,0,0,0,0,0,0,0,0,0,0,0,0,0,0,0,0,0,0,0,0,0,0,0,0,0,0,0,0,0,0.0,0.0
mktemp --directory --tmpdir apt-key-gpghome.XXXXXXXXXX,0,0,0,0,0,0,0,0,0,0,0,2,0,0,0,0,0,0,0,0,0,0,0,0,0,0,0,0,0,0,0,0,0,0,0,0,0,0,0,0,0,0,0,0,0,0,1,0,0,0,0,1,0,0,0,0,0,0,0,0,0,0,2.89903571102803,2.010830452953769
chmod 700 /tmp/apt-key-gpghome.xsgbRvg2XE,0,0,0,0,0,0,2,0,0,0,0,0,0,0,0,0,0,0,0,0,0,0,0,2,2,0,0,0,0,0,0,0,0,0,0,0,0,0,0,0,0,0,0,0,0,0,1,0,0,0,0,0,0,0,0,0,0,0,0,0,0,0,3.267682378160055,3.026932504083674
apt-key,0,0,0,0,0,0,0,0,0,0,0,0,0,0,0,0,0,0,0,0,0,0,0,0,0,0,0,0,0,0,0,0,0,0,0,0,0,0,0,0,0,0,0,0,0,0,0,0,0,0,0,0,0,0,0,0,0,0,0,0,0,0,0.0,0.0
apt-key,0,0,0,0,0,0,0,0,0,0,0,0,0,0,0,0,0,0,0,0,0,0,0,0,0,0,0,0,0,0,0,0,0,0,0,0,0,0,0,0,0,0,0,0,0,0,0,0,0,0,0,0,0,0,0,0,0,0,0,0,0,0,0.0,0.0
"sed -e s#'#''""'#g """,0,0,0,0,0,0,0,0,0,0,0,0,0,0,0,0,0,0,0,0,0,0,0,0,0,0,0,0,0,0,0,0,0,0,0,0,0,0,0,0,0,0,0,0,0,0,1,0,0,0,0,0,0,0,0,0,0,0,0,0,0,0,2.4587690059903835,1.829277532251845
apt-key,0,0,0,0,0,0,0,0,0,0,0,0,0,0,0,0,0,0,0,0,0,0,0,0,0,0,0,0,0,0,0,0,0,0,0,0,0,0,0,0,0,0,0,0,0,0,0,0,0,0,0,0,0,0,0,0,0,0,0,0,0,0,0.0,0.0
apt-key,0,0,0,0,0,0,0,0,0,0,0,0,0,0,0,0,0,0,0,0,0,0,0,0,0,0,0,0,0,0,0,0,0,0,0,0,0,0,0,0,0,0,0,0,0,0,0,0,0,0,0,0,0,0,0,0,0,0,0,0,0,0,0.0,0.0
"sed -e s#'#''""'#g """,0,0,0,0,0,0,0,0,0,0,0,0,0,0,0,0,0,0,0,0,0,0,0,0,0,0,0,0,0,0,0,0,0,0,0,0,0,0,0,0,0,0,0,0,0,0,1,0,0,0,0,0,0,0,0,0,0,0,0,0,0,0,2.4587690059903835,1.829277532251845
apt-key,0,0,0,0,0,0,0,0,0,0,0,0,0,0,0,0,0,0,0,0,0,0,0,0,0,0,0,0,0,0,0,0,0,0,0,0,0,0,0,0,0,0,0,0,0,0,0,0,0,0,0,0,0,0,0,0,0,0,0,0,0,0,0.0,0.0
apt-key,0,0,0,0,0,0,0,0,0,0,0,0,0,0,0,0,0,0,0,0,0,0,0,0,0,0,0,0,0,0,0,0,0,0,0,0,0,0,0,0,0,0,0,0,0,0,0,0,0,0,0,0,0,0,0,0,0,0,0,0,0,0,0.0,0.0
"gpgv --assert-pubkey-algo=>=rsa1024,ed25519,ed448,nistp256,nistp384, --homedir /tmp/apt-key-gpghome.xsgbRvg2XE --keyring /usr/share/keyrings/ubuntu-archive-keyring.gpg --ignore-time-conflict --status-fd 3 /tmp/apt.sig.DLryK2 /tmp/apt.data.DxkWiq",0,0,0,0,0,0,0,0,0,0,0,0,0,0,0,0,0,0,0,0,0,0,0,0,0,0,0,0,0,0,0,0,0,0,0,0,0,0,0,0,0,0,0,0,0,0,1,0,0,0,0,0,0,0,0,0,0,0,0,0,0,0,3.4896963995034853,1.9087789838099845
rm -rf /tmp/apt-key-gpghome.xsgbRvg2XE,0,0,0,0,0,0,0,0,0,0,0,0,2,0,0,0,0,0,0,0,0,0,0,0,0,0,0,0,0,0,0,0,0,0,0,0,0,0,0,0,0,0,0,0,0,0,1,0,0,0,0,0,0,0,0,0,0,0,0,0,0,0,3.1949644702150453,1.9017316699668934
"/usr/bin/apt-key --quiet --readonly --keyring /usr/share/keyrings/ubuntu-archive-keyring.gpg verify --status-fd 3 /tmp/apt.sig.MrQ4Nz /tmp/apt.data.ZuRfpR -> apt-key -> apt-config shell MASTER_KEYRING APT::Key::MasterKeyring -> /usr/bin/dpkg --print-foreign-architectures -> apt-config shell ARCHIVE_KEYRING APT::Key::ArchiveKeyring -> apt-config shell REMOVED_KEYS APT::Key::RemovedKeys -> apt-config shell ARCHIVE_KEYRING_URI APT::Key::ArchiveKeyringURI -> apt-config shell GPGV Apt::Key::gpgvcommand ASSERT_PUBKEY_ALGO Apt::Key::assert-pubkey-algo -> mktemp --directory --tmpdir apt-key-gpghome.XXXXXXXXXX -> chmod 700 /tmp/apt-key-gpghome.HIOdlXM56s -> gpgv --assert-pubkey-algo=>=rsa1024,ed25519,ed448,nistp256,nistp384, --homedir /tmp/apt-key-gpghome.HIOdlXM56s --keyring /usr/share/keyrings/ubuntu-archive-keyring.gpg --ignore-time-conflict --status-fd 3 /tmp/apt.sig.MrQ4Nz /tmp/apt.data.ZuRfpR -> rm -rf /tmp/apt-key-gpghome.HIOdlXM56s",0,0,0,0,0,0,2,0,2,0,0,2,2,0,0,0,0,0,0,0,0,0,0,2,2,0,0,0,0,0,0,0,0,0,0,0,0,0,0,0,0,0,0,0,0,0,15,0,0,0,0,1,0,0,0,0,0,0,0,0,0,0,3.5065865484510965,4.356366374139225
apt-key,0,0,0,0,0,0,0,0,0,0,0,0,0,0,0,0,0,0,0,0,0,0,0,0,0,0,0,0,0,0,0,0,0,0,0,0,0,0,0,0,0,0,0,0,0,0,0,0,0,0,0,0,0,0,0,0,0,0,0,0,0,0,0.0,0.0
apt-config shell MASTER_KEYRING APT::Key::MasterKeyring -> /usr/bin/dpkg --print-foreign-architectures,0,0,0,0,0,0,0,0,0,0,0,0,0,0,0,0,0,0,0,0,0,0,0,0,0,0,0,0,0,0,0,0,0,0,0,0,0,0,0,0,0,0,0,0,0,0,2,0,0,0,0,0,0,0,0,0,0,0,0,0,0,0,3.404475479195745,2.370452854144138
/usr/bin/dpkg --print-foreign-architectures,0,0,0,0,0,0,0,0,0,0,0,0,0,0,0,0,0,0,0,0,0,0,0,0,0,0,0,0,0,0,0,0,0,0,0,0,0,0,0,0,0,0,0,0,0,0,1,0,0,0,0,0,0,0,0,0,0,0,0,0,0,0,3.046258435293526,1.8753542021604113
apt-config shell ARCHIVE_KEYRING APT::Key::ArchiveKeyring -> /usr/bin/dpkg --print-foreign-architectures,0,0,0,0,0,0,0,0,0,0,0,0,0,0,0,0,0,0,0,0,0,0,0,0,0,0,0,0,0,0,0,0,0,0,0,0,0,0,0,0,0,0,0,0,0,0,2,0,0,0,0,0,0,0,0,0,0,0,0,0,0,0,3.434509541556848,2.371855038031895
/usr/bin/dpkg --print-foreign-architectures,0,0,0,0,0,0,0,0,0,0,0,0,0,0,0,0,0,0,0,0,0,0,0,0,0,0,0,0,0,0,0,0,0,0,0,0,0,0,0,0,0,0,0,0,0,0,1,0,0,0,0,0,0,0,0,0,0,0,0,0,0,0,3.046258435293526,1.8753542021604113
apt-config shell REMOVED_KEYS APT::Key::RemovedKeys -> /usr/bin/dpkg --print-foreign-architectures,0,0,0,0,0,0,0,0,0,0,0,0,0,0,0,0,0,0,0,0,0,0,0,0,0,0,0,0,0,0,0,0,0,0,0,0,0,0,0,0,0,0,0,0,0,0,2,0,0,0,0,0,0,0,0,0,0,0,0,0,0,0,3.410012539829762,2.3707115077411363
/usr/bin/dpkg --print-foreign-architectures,0,0,0,0,0,0,0,0,0,0,0,0,0,0,0,0,0,0,0,0,0,0,0,0,0,0,0,0,0,0,0,0,0,0,0,0,0,0,0,0,0,0,0,0,0,0,1,0,0,0,0,0,0,0,0,0,0,0,0,0,0,0,3.046258435293526,1.8753542021604113
apt-config shell ARCHIVE_KEYRING_URI APT::Key::ArchiveKeyringURI -> /usr/bin/dpkg --print-foreign-architectures,0,0,0,0,0,0,0,0,0,0,0,0,0,0,0,0,0,0,0,0,0,0,0,0,0,0,0,0,0,0,0,0,0,0,0,0,0,0,0,0,0,0,0,0,0,0,2,0,0,0,0,0,0,0,0,0,0,0,0,0,0,0,3.442184739398549,2.3722130506097017
/usr/bin/dpkg --print-foreign-architectures,0,0,0,0,0,0,0,0,0,0,0,0,0,0,0,0,0,0,0,0,0,0,0,0,0,0,0,0,0,0,0,0,0,0,0,0,0,0,0,0,0,0,0,0,0,0,1,0,0,0,0,0,0,0,0,0,0,0,0,0,0,0,3.046258435293526,1.8753542021604113
apt-key,0,0,0,0,0,0,0,0,0,0,0,0,0,0,0,0,0,0,0,0,0,0,0,0,0,0,0,0,0,0,0,0,0,0,0,0,0,0,0,0,0,0,0,0,0,0,0,0,0,0,0,0,0,0,0,0,0,0,0,0,0,0,0.0,0.0
apt-config shell GPGV Apt::Key::gpgvcommand ASSERT_PUBKEY_ALGO Apt::Key::assert-pubkey-algo -> /usr/bin/dpkg --print-foreign-architectures,0,0,0,0,0,0,0,0,0,0,0,0,0,0,0,0,0,0,0,0,0,0,0,0,0,0,0,0,0,0,0,0,0,0,0,0,0,0,0,0,0,0,0,0,0,0,2,0,0,0,0,0,0,0,0,0,0,0,0,0,0,0,3.4921114445015555,2.3745387776878233
/usr/bin/dpkg --print-foreign-architectures,0,0,0,0,0,0,0,0,0,0,0,0,0,0,0,0,0,0,0,0,0,0,0,0,0,0,0,0,0,0,0,0,0,0,0,0,0,0,0,0,0,0,0,0,0,0,1,0,0,0,0,0,0,0,0,0,0,0,0,0,0,0,3.046258435293526,1.8753542021604113
gpgv --assert-pubkey-algo,0,0,0,0,0,0,0,0,0,0,0,0,0,0,0,0,0,0,0,0,0,0,0,0,0,0,0,0,0,0,0,0,0,0,0,0,0,0,0,0,0,0,0,0,0,0,1,0,0,0,0,0,0,0,0,0,0,0,0,0,0,0,2.899337522071791,1.8640287746108184
apt-key,0,0,0,0,0,0,0,0,0,0,0,0,0,0,0,0,0,0,0,0,0,0,0,0,0,0,0,0,0,0,0,0,0,0,0,0,0,0,0,0,0,0,0,0,0,0,0,0,0,0,0,0,0,0,0,0,0,0,0,0,0,0,0.0,0.0
mktemp --directory --tmpdir apt-key-gpghome.XXXXXXXXXX,0,0,0,0,0,0,0,0,0,0,0,2,0,0,0,0,0,0,0,0,0,0,0,0,0,0,0,0,0,0,0,0,0,0,0,0,0,0,0,0,0,0,0,0,0,0,1,0,0,0,0,1,0,0,0,0,0,0,0,0,0,0,2.89903571102803,2.010830452953769
chmod 700 /tmp/apt-key-gpghome.HIOdlXM56s,0,0,0,0,0,0,2,0,0,0,0,0,0,0,0,0,0,0,0,0,0,0,0,2,2,0,0,0,0,0,0,0,0,0,0,0,0,0,0,0,0,0,0,0,0,0,1,0,0,0,0,0,0,0,0,0,0,0,0,0,0,0,3.319630430108107,3.028190519559241
apt-key,0,0,0,0,0,0,0,0,0,0,0,0,0,0,0,0,0,0,0,0,0,0,0,0,0,0,0,0,0,0,0,0,0,0,0,0,0,0,0,0,0,0,0,0,0,0,0,0,0,0,0,0,0,0,0,0,0,0,0,0,0,0,0.0,0.0
apt-key,0,0,0,0,0,0,0,0,0,0,0,0,0,0,0,0,0,0,0,0,0,0,0,0,0,0,0,0,0,0,0,0,0,0,0,0,0,0,0,0,0,0,0,0,0,0,0,0,0,0,0,0,0,0,0,0,0,0,0,0,0,0,0.0,0.0
"sed -e s#'#''""'#g """,0,0,0,0,0,0,0,0,0,0,0,0,0,0,0,0,0,0,0,0,0,0,0,0,0,0,0,0,0,0,0,0,0,0,0,0,0,0,0,0,0,0,0,0,0,0,1,0,0,0,0,0,0,0,0,0,0,0,0,0,0,0,2.4587690059903835,1.829277532251845
apt-key,0,0,0,0,0,0,0,0,0,0,0,0,0,0,0,0,0,0,0,0,0,0,0,0,0,0,0,0,0,0,0,0,0,0,0,0,0,0,0,0,0,0,0,0,0,0,0,0,0,0,0,0,0,0,0,0,0,0,0,0,0,0,0.0,0.0
apt-key,0,0,0,0,0,0,0,0,0,0,0,0,0,0,0,0,0,0,0,0,0,0,0,0,0,0,0,0,0,0,0,0,0,0,0,0,0,0,0,0,0,0,0,0,0,0,0,0,0,0,0,0,0,0,0,0,0,0,0,0,0,0,0.0,0.0
"sed -e s#'#''""'#g """,0,0,0,0,0,0,0,0,0,0,0,0,0,0,0,0,0,0,0,0,0,0,0,0,0,0,0,0,0,0,0,0,0,0,0,0,0,0,0,0,0,0,0,0,0,0,1,0,0,0,0,0,0,0,0,0,0,0,0,0,0,0,2.4587690059903835,1.829277532251845
apt-key,0,0,0,0,0,0,0,0,0,0,0,0,0,0,0,0,0,0,0,0,0,0,0,0,0,0,0,0,0,0,0,0,0,0,0,0,0,0,0,0,0,0,0,0,0,0,0,0,0,0,0,0,0,0,0,0,0,0,0,0,0,0,0.0,0.0
apt-key,0,0,0,0,0,0,0,0,0,0,0,0,0,0,0,0,0,0,0,0,0,0,0,0,0,0,0,0,0,0,0,0,0,0,0,0,0,0,0,0,0,0,0,0,0,0,0,0,0,0,0,0,0,0,0,0,0,0,0,0,0,0,0.0,0.0
"gpgv --assert-pubkey-algo=>=rsa1024,ed25519,ed448,nistp256,nistp384, --homedir /tmp/apt-key-gpghome.HIOdlXM56s --keyring /usr/share/keyrings/ubuntu-archive-keyring.gpg --ignore-time-conflict --status-fd 3 /tmp/apt.sig.MrQ4Nz /tmp/apt.data.ZuRfpR",0,0,0,0,0,0,0,0,0,0,0,0,0,0,0,0,0,0,0,0,0,0,0,0,0,0,0,0,0,0,0,0,0,0,0,0,0,0,0,0,0,0,0,0,0,0,1,0,0,0,0,0,0,0,0,0,0,0,0,0,0,0,3.5065865484510965,1.9100302783814609
rm -rf /tmp/apt-key-gpghome.HIOdlXM56s,0,0,0,0,0,0,0,0,0,0,0,0,2,0,0,0,0,0,0,0,0,0,0,0,0,0,0,0,0,0,0,0,0,0,0,0,0,0,0,0,0,0,0,0,0,0,1,0,0,0,0,0,0,0,0,0,0,0,0,0,0,0,3.2794715124685663,1.9080207188491813
apt -> rm -f /var/cache/apt/archives/*.deb /var/cache/apt/archives/partial/*.deb /var/cache/apt/*.bin,0,0,0,0,0,0,0,0,0,0,0,0,0,0,0,0,0,0,0,0,0,0,0,0,0,0,0,0,0,0,0,0,0,0,0,0,0,0,0,0,0,0,0,0,0,0,1,0,0,0,0,0,0,0,0,0,0,0,0,0,0,0,2.948417660000894,1.8678264117030694
rm -f /var/cache/apt/archives/*.deb /var/cache/apt/archives/partial/*.deb /var/cache/apt/*.bin,0,0,0,0,0,0,0,0,0,0,0,0,0,0,0,0,0,0,0,0,0,0,0,0,0,0,0,0,0,0,0,0,0,0,0,0,0,0,0,0,0,0,0,0,0,0,1,0,0,0,0,0,0,0,0,0,0,0,0,0,0,0,2.948417660000894,1.8678264117030694
apt,0,0,0,0,0,0,0,0,0,0,0,0,0,0,0,0,0,0,0,0,0,0,0,0,0,0,0,0,0,0,0,0,0,0,0,0,0,0,0,0,0,0,0,0,0,0,0,0,0,0,0,0,0,0,0,0,0,0,0,0,0,0,0.0,0.0
/usr/bin/dpkg --print-foreign-architectures,0,0,0,0,0,0,0,0,0,0,0,0,0,0,0,0,0,0,0,0,0,0,0,0,0,0,0,0,0,0,0,0,0,0,0,0,0,0,0,0,0,0,0,0,0,0,1,0,0,0,0,0,0,0,0,0,0,0,0,0,0,0,3.046258435293526,1.8753542021604113
/usr/bin/dpkg --print-foreign-architectures,0,0,0,0,0,0,0,0,0,0,0,0,0,0,0,0,0,0,0,0,0,0,0,0,0,0,0,0,0,0,0,0,0,0,0,0,0,0,0,0,0,0,0,0,0,0,1,0,0,0,0,0,0,0,0,0,0,0,0,0,0,0,3.046258435293526,1.8753542021604113
sudo,0,0,0,0,0,0,0,0,0,0,0,0,0,0,0,0,0,0,0,0,0,0,0,0,0,0,0,0,0,0,0,0,0,0,0,0,0,0,0,0,0,0,0,0,0,0,0,0,0,0,0,0,0,0,0,0,0,0,0,0,0,0,0.0,0.0
/bin/bash -c dpkg --get-selections,0,0,0,2,0,2,0,0,0,0,0,0,0,0,0,0,0,0,0,0,0,0,0,0,0,0,0,0,0,0,0,0,0,0,0,0,0,0,0,0,0,0,0,0,0,2,2,0,0,0,0,0,0,0,0,0,0,0,0,0,0,0,2.818212532714683,3.2351076241970684
/bin/bash -c wc -l large_file.txt,0,0,0,2,0,2,0,0,0,0,0,0,0,0,0,0,0,0,0,0,0,0,0,0,0,0,0,0,0,0,0,0,0,0,0,0,0,0,0,0,0,0,0,0,0,2,2,0,0,0,0,0,0,0,0,0,0,0,0,0,0,0,2.893804279704417,3.2365940122026573
/bin/bash -c ps aux --sort=-%mem | head -n 5 -> head -n 5 -> ps,2,0,0,4,0,4,0,0,0,0,0,0,0,0,0,0,0,0,0,0,0,0,0,0,0,0,0,0,0,0,0,0,0,0,0,0,0,0,0,0,0,0,0,0,0,2,2,0,0,0,0,0,0,0,0,0,0,0,0,0,0,0,3.154756681873167,3.387685787844546
head -n 5,0,0,0,0,0,0,0,0,0,0,0,0,0,0,0,0,0,0,0,0,0,0,0,0,0,0,0,0,0,0,0,0,0,0,0,0,0,0,0,0,0,0,0,0,0,0,1,0,0,0,0,0,0,0,0,0,0,0,0,0,0,0,2.5073801024236357,1.8331716977198547
ps,2,0,0,2,0,2,0,0,0,0,0,0,0,0,0,0,0,0,0,0,0,0,0,0,0,0,0,0,0,0,0,0,0,0,0,0,0,0,0,0,0,0,0,0,0,2,0,0,0,0,0,0,0,0,0,0,0,0,0,0,0,0,0.0,2.7738379416402132
/bin/bash -c sudo chown user1 file.txt -> sudo,1,0,0,2,0,2,1,0,0,0,0,0,0,0,0,0,0,0,0,0,0,0,0,0,0,0,0,0,0,0,0,0,1,0,1,0,0,0,1,0,0,0,0,0,0,2,2,0,0,0,0,0,0,0,0,1,0,0,0,0,0,0,3.0486213621822382,3.6644410204203317
chown user1 file.txt,0,0,0,2,0,2,0,0,0,0,0,0,0,0,0,0,0,0,0,0,0,0,0,0,0,0,0,0,0,0,0,0,0,0,0,0,0,0,0,0,0,0,0,0,0,2,1,0,0,0,0,0,0,0,0,0,0,0,0,0,0,0,3.0296582083376586,3.068742423157405
sudo,0,0,0,0,0,0,0,0,0,0,0,0,0,0,0,0,0,0,0,0,0,0,0,0,0,0,0,0,0,0,0,0,0,0,0,0,0,0,0,0,0,0,0,0,0,0,0,0,0,0,0,0,0,0,0,0,0,0,0,0,0,0,0.0,0.0
systemd-timesyn,0,0,0,0,0,2,2,0,0,0,0,0,0,0,0,0,0,0,0,0,0,0,2,2,2,0,0,0,0,0,0,0,2,0,2,0,0,0,0,0,0,0,0,0,0,0,2,0,0,0,0,0,0,0,0,0,0,0,0,0,0,0,0.0,3.6109179126442243
/bin/bash -c cp ~/Downloads/notes.txt ~/Documents/,0,0,0,2,0,2,0,0,0,0,0,0,0,0,0,0,0,0,0,0,0,0,0,0,0,0,0,0,0,0,0,0,0,0,0,0,0,0,0,0,0,0,0,0,0,2,2,0,0,0,0,0,0,0,0,0,0,0,0,0,0,0,2.891665562376658,3.2365519881823057
/bin/bash -c pwd,0,0,0,2,0,2,0,0,0,0,0,0,0,0,0,0,0,0,0,0,0,0,0,0,0,0,0,0,0,0,0,0,0,0,0,0,0,0,0,0,0,0,0,0,0,2,1,0,0,0,0,0,0,0,0,0,0,0,0,0,0,0,2.825046156391832,3.063975941440477
/bin/bash -c ls -a ~,0,0,0,2,0,2,0,0,0,0,0,0,0,0,0,0,0,0,0,0,0,0,0,0,0,0,0,0,0,0,0,0,0,0,0,0,0,0,0,0,0,0,0,0,0,2,2,0,0,0,0,0,0,0,0,0,0,0,0,0,0,0,2.5580510765444573,3.229975021790151
/bin/bash -c hostname -I,0,0,0,2,0,3,0,0,0,0,0,0,0,0,0,0,0,0,0,0,0,0,0,0,0,0,0,0,0,0,0,0,0,0,0,0,0,0,0,0,0,0,0,0,0,2,2,0,0,0,0,0,0,0,0,0,0,0,0,0,0,0,2.7463840917077538,3.2723480414222097
/bin/bash -c free -h,0,0,0,2,0,2,0,0,0,0,0,0,0,0,0,0,0,0,0,0,0,0,0,0,0,0,0,0,0,0,0,0,0,0,0,0,0,0,0,0,0,0,0,0,0,2,2,0,0,0,0,0,0,0,0,0,0,0,0,0,0,0,2.2221915755066783,3.2233098117136683
/bin/bash -c ps aux,2,0,0,4,0,4,0,0,0,0,0,0,0,0,0,0,0,0,0,0,0,0,0,0,0,0,0,0,0,0,0,0,0,0,0,0,0,0,0,0,0,0,0,0,0,4,1,0,0,0,0,0,0,0,0,0,0,0,0,0,0,0,2.8057008608988823,3.3817715979867793
/bin/bash -c grep 'error' log.txt,0,0,0,2,0,2,0,0,0,0,0,0,0,0,0,0,0,0,0,0,0,0,0,0,0,0,0,0,0,0,0,0,0,0,0,0,0,0,0,0,0,0,0,0,0,2,2,0,0,0,0,0,0,0,0,0,0,0,0,0,0,0,2.5476363447698502,3.229769005055048
/bin/bash -c chmod 600 file.txt,0,0,0,2,0,2,0,0,0,0,0,0,0,0,0,0,0,0,0,0,0,0,0,0,0,0,0,0,0,0,0,0,0,0,0,0,0,0,0,0,0,0,0,0,0,2,2,0,0,0,0,0,0,0,0,0,0,0,0,0,0,0,2.9347331189633987,3.2373978898288835
/bin/bash -c rm -r ~/old_folder,0,0,0,2,0,2,0,0,0,0,0,0,0,0,0,0,0,0,0,0,0,0,0,0,0,0,0,0,0,0,0,0,0,0,0,0,0,0,0,0,0,0,0,0,0,2,2,0,0,0,0,0,0,0,0,0,0,0,0,0,0,0,2.651796507184604,3.231827518551828
/bin/bash -c find / -name '*config*',0,0,0,2,0,2,0,0,0,0,0,0,0,0,0,0,0,0,0,0,0,0,0,0,0,0,0,0,0,0,0,0,0,0,0,0,0,0,0,0,0,0,0,0,0,2,2,0,0,0,0,0,0,0,0,0,0,0,0,0,0,0,2.8366614225615594,3.235470595284073
/bin/bash -c free -h,0,0,0,2,0,2,0,0,0,0,0,0,0,0,0,0,0,0,0,0,0,0,0,0,0,0,0,0,0,0,0,0,0,0,0,0,0,0,0,0,0,0,0,0,0,2,2,0,0,0,0,0,0,0,0,0,0,0,0,0,0,0,2.2221915755066783,3.2233098117136683
/bin/bash -c ln -s example.txt symlink_example.txt,0,0,0,2,0,2,0,0,0,0,0,0,0,0,0,0,0,0,0,0,0,0,0,0,0,0,0,0,0,0,0,0,0,0,0,0,0,0,0,0,0,0,0,0,0,2,2,0,0,0,0,0,0,0,0,0,0,0,0,0,0,0,2.8837027211892288,3.2363955094323296
/bin/bash -c ss -tuln,0,0,0,2,0,2,0,0,0,0,0,0,0,0,0,0,0,0,0,0,0,0,0,0,0,0,0,0,0,0,0,0,0,0,0,0,0,0,0,0,0,0,0,0,0,2,1,0,0,0,0,0,0,0,0,0,0,0,0,0,0,0,2.7795185654187025,3.0629122693007123
/bin/bash -c hostname -I,0,0,0,2,0,3,0,0,0,0,0,0,0,0,0,0,0,0,0,0,0,0,0,0,0,0,0,0,0,0,0,0,0,0,0,0,0,0,0,0,0,0,0,0,0,2,2,0,0,0,0,0,0,0,0,0,0,0,0,0,0,0,2.7463840917077538,3.2723480414222097
/bin/bash -c rm -rf /tmp/*,0,0,0,2,0,2,0,0,0,0,0,0,0,0,0,0,0,0,0,0,0,0,0,0,0,0,0,0,0,0,0,0,0,0,0,0,0,0,0,0,0,0,0,0,0,2,2,0,0,0,0,0,0,0,0,0,0,0,0,0,0,0,2.52473261568954,3.2293157905967758
/bin/bash -c du -sh .,0,0,0,2,0,2,0,0,0,0,0,0,0,0,0,0,0,0,0,0,0,0,0,0,0,0,0,0,0,0,0,0,0,0,0,0,0,0,0,0,0,0,0,0,0,2,2,0,0,0,0,0,0,0,0,0,0,0,0,0,0,0,2.40400975732486,3.2269235500298343
/bin/bash -c tar -czvf backup_project.tar.gz ~/project -> /bin/sh -c gzip -> gzip,0,0,0,2,0,2,1,0,0,0,0,0,0,0,0,0,0,0,0,0,0,0,1,0,0,0,0,0,0,0,0,0,1,0,1,0,0,0,0,0,0,0,0,0,0,2,4,0,0,0,0,0,0,0,0,0,0,0,0,0,0,0,3.0209588513162986,3.92218082813276
/bin/sh -c gzip -> gzip,0,0,0,0,0,0,1,0,0,0,0,0,0,0,0,0,0,0,0,0,0,0,1,0,0,0,0,0,0,0,0,0,1,0,1,0,0,0,0,0,0,0,0,0,0,0,2,0,0,0,0,0,0,0,0,0,0,0,0,0,0,0,2.7630741894285697,3.309868957609396
gzip,0,0,0,0,0,0,0,0,0,0,0,0,0,0,0,0,0,0,0,0,0,0,0,0,0,0,0,0,0,0,0,0,0,0,0,0,0,0,0,0,0,0,0,0,0,0,1,0,0,0,0,0,0,0,0,0,0,0,0,0,0,0,2.128085278891395,1.8023766798862095
/bin/bash -c sudo apt update && sudo apt upgrade -y -> sudo apt update -> sudo,1,0,0,2,0,2,1,0,0,0,0,0,0,0,0,0,0,0,0,0,0,0,0,0,0,0,0,0,0,0,0,0,1,0,1,0,0,0,1,0,0,0,0,0,0,2,2,0,0,0,0,0,0,0,0,1,0,0,0,0,0,0,3.040352110044453,3.664335091943873
sudo apt update -> sudo,1,0,0,0,0,0,1,0,0,0,0,0,0,0,0,0,0,0,0,0,0,0,0,0,0,0,0,0,0,0,0,0,1,0,1,0,0,0,1,0,0,0,0,0,0,0,1,0,0,0,0,0,0,0,0,1,0,0,0,0,0,0,2.52307418942857,2.9842433830077004
"apt update -> /usr/bin/dpkg --print-foreign-architectures -> /usr/lib/apt/methods/http -> /usr/lib/apt/methods/gpgv -> gpgv -> /usr/bin/apt-key --quiet --readonly --keyring /usr/share/keyrings/ubuntu-archive-keyring.gpg verify --status-fd 3 /tmp/apt.sig.VSd7IF /tmp/apt.data.7o7hFA -> apt-key -> apt-config shell MASTER_KEYRING APT::Key::MasterKeyring -> apt-config shell ARCHIVE_KEYRING APT::Key::ArchiveKeyring -> apt-config shell REMOVED_KEYS APT::Key::RemovedKeys -> apt-config shell ARCHIVE_KEYRING_URI APT::Key::ArchiveKeyringURI -> apt-config shell GPGV Apt::Key::gpgvcommand ASSERT_PUBKEY_ALGO Apt::Key::assert-pubkey-algo -> mktemp --directory --tmpdir apt-key-gpghome.XXXXXXXXXX -> chmod 700 /tmp/apt-key-gpghome.4ERehUl6Ww -> gpgv --assert-pubkey-algo=>=rsa1024,ed25519,ed448,nistp256,nistp384, --homedir /tmp/apt-key-gpghome.4ERehUl6Ww --keyring /usr/share/keyrings/ubuntu-archive-keyring.gpg --ignore-time-conflict --status-fd 3 /tmp/apt.sig.VSd7IF /tmp/apt.data.7o7hFA -> rm -rf /tmp/apt-key-gpghome.4ERehUl6Ww -> /usr/bin/apt-key --quiet --readonly --keyring /usr/share/keyrings/ubuntu-archive-keyring.gpg verify --status-fd 3 /tmp/apt.sig.pI5UzJ /tmp/apt.data.iyMxhU -> chmod 700 /tmp/apt-key-gpghome.KvJSjSgMJe -> gpgv --assert-pubkey-algo=>=rsa1024,ed25519,ed448,nistp256,nistp384, --homedir /tmp/apt-key-gpghome.KvJSjSgMJe --keyring /usr/share/keyrings/ubuntu-archive-keyring.gpg --ignore-time-conflict --status-fd 3 /tmp/apt.sig.pI5UzJ /tmp/apt.data.iyMxhU -> rm -rf /tmp/apt-key-gpghome.KvJSjSgMJe -> /usr/bin/apt-key --quiet --readonly --keyring /usr/share/keyrings/ubuntu-archive-keyring.gpg verify --status-fd 3 /tmp/apt.sig.LhE8io /tmp/apt.data.XYn23L -> chmod 700 /tmp/apt-key-gpghome.WSmAigF9Fu -> gpgv --assert-pubkey-algo=>=rsa1024,ed25519,ed448,nistp256,nistp384, --homedir /tmp/apt-key-gpghome.WSmAigF9Fu --keyring /usr/share/keyrings/ubuntu-archive-keyring.gpg --ignore-time-conflict --status-fd 3 /tmp/apt.sig.LhE8io /tmp/apt.data.XYn23L -> rm -rf /tmp/apt-key-gpghome.WSmAigF9Fu -> /usr/bin/apt-key --quiet --readonly --keyring /usr/share/keyrings/ubuntu-archive-keyring.gpg verify --status-fd 3 /tmp/apt.sig.gY2lf2 /tmp/apt.data.3jgqDx -> chmod 700 /tmp/apt-key-gpghome.JkIGP80l8I -> gpgv --assert-pubkey-algo=>=rsa1024,ed25519,ed448,nistp256,nistp384, --homedir /tmp/apt-key-gpghome.JkIGP80l8I --keyring /usr/share/keyrings/ubuntu-archive-keyring.gpg --ignore-time-conflict --status-fd 3 /tmp/apt.sig.gY2lf2 /tmp/apt.data.3jgqDx -> rm -rf /tmp/apt-key-gpghome.JkIGP80l8I -> apt",1,0,0,58,0,28,56,0,56,0,0,8,8,0,0,0,0,0,0,0,0,1,8,44,16,0,0,0,0,0,0,0,28,0,28,0,4,0,0,0,2,0,8,0,24,26,110,0,0,0,0,1,0,0,0,0,0,0,0,0,0,0,3.518447865669295,6.765095750177938
/usr/bin/dpkg --print-foreign-architectures,0,0,0,0,0,0,0,0,0,0,0,0,0,0,0,0,0,0,0,0,0,0,0,0,0,0,0,0,0,0,0,0,0,0,0,0,0,0,0,0,0,0,0,0,0,0,1,0,0,0,0,0,0,0,0,0,0,0,0,0,0,0,3.046258435293526,1.8753542021604113
/usr/lib/apt/methods/http,0,0,0,0,0,0,0,0,0,0,0,0,0,0,0,0,0,0,0,0,0,0,0,0,0,0,0,0,0,0,0,0,0,0,0,0,0,0,0,0,0,0,0,0,0,0,1,0,0,0,0,0,0,0,0,0,0,0,0,0,0,0,2.846368201426544,1.8599139605946509
/usr/lib/apt/methods/http,0,0,0,26,0,11,0,0,0,0,0,0,0,0,0,0,0,0,0,0,0,0,0,0,0,0,0,0,0,0,0,0,0,0,0,0,0,0,0,0,0,0,0,0,12,26,1,0,0,0,0,0,0,0,0,0,0,0,0,0,0,0,2.846368201426544,4.791012073313644
/usr/lib/apt/methods/http,0,0,0,26,0,11,0,0,0,0,0,0,0,0,0,0,0,0,0,0,0,0,0,0,0,0,0,0,0,0,0,0,0,0,0,0,0,0,0,0,0,0,0,0,12,26,1,0,0,0,0,0,0,0,0,0,0,0,0,0,0,0,2.846368201426544,4.791012073313644
/usr/lib/apt/methods/gpgv,0,0,0,0,0,0,0,0,0,0,0,0,0,0,0,0,0,0,0,0,0,0,0,0,0,0,0,0,0,0,0,0,0,0,0,0,0,0,0,0,0,0,0,0,0,0,1,0,0,0,0,0,0,0,0,0,0,0,0,0,0,0,2.9688171810183803,1.8694006170807131
"/usr/lib/apt/methods/gpgv -> gpgv -> /usr/bin/apt-key --quiet --readonly --keyring /usr/share/keyrings/ubuntu-archive-keyring.gpg verify --status-fd 3 /tmp/apt.sig.VSd7IF /tmp/apt.data.7o7hFA -> apt-key -> apt-config shell MASTER_KEYRING APT::Key::MasterKeyring -> /usr/bin/dpkg --print-foreign-architectures -> apt-config shell ARCHIVE_KEYRING APT::Key::ArchiveKeyring -> apt-config shell REMOVED_KEYS APT::Key::RemovedKeys -> apt-config shell ARCHIVE_KEYRING_URI APT::Key::ArchiveKeyringURI -> apt-config shell GPGV Apt::Key::gpgvcommand ASSERT_PUBKEY_ALGO Apt::Key::assert-pubkey-algo -> mktemp --directory --tmpdir apt-key-gpghome.XXXXXXXXXX -> chmod 700 /tmp/apt-key-gpghome.4ERehUl6Ww -> gpgv --assert-pubkey-algo=>=rsa1024,ed25519,ed448,nistp256,nistp384, --homedir /tmp/apt-key-gpghome.4ERehUl6Ww --keyring /usr/share/keyrings/ubuntu-archive-keyring.gpg --ignore-time-conflict --status-fd 3 /tmp/apt.sig.VSd7IF /tmp/apt.data.7o7hFA -> rm -rf /tmp/apt-key-gpghome.4ERehUl6Ww -> /usr/bin/apt-key --quiet --readonly --keyring /usr/share/keyrings/ubuntu-archive-keyring.gpg verify --status-fd 3 /tmp/apt.sig.pI5UzJ /tmp/apt.data.iyMxhU -> chmod 700 /tmp/apt-key-gpghome.KvJSjSgMJe -> gpgv --assert-pubkey-algo=>=rsa1024,ed25519,ed448,nistp256,nistp384, --homedir /tmp/apt-key-gpghome.KvJSjSgMJe --keyring /usr/share/keyrings/ubuntu-archive-keyring.gpg --ignore-time-conflict --status-fd 3 /tmp/apt.sig.pI5UzJ /tmp/apt.data.iyMxhU -> rm -rf /tmp/apt-key-gpghome.KvJSjSgMJe -> /usr/bin/apt-key --quiet --readonly --keyring /usr/share/keyrings/ubuntu-archive-keyring.gpg verify --status-fd 3 /tmp/apt.sig.LhE8io /tmp/apt.data.XYn23L -> chmod 700 /tmp/apt-key-gpghome.WSmAigF9Fu -> gpgv --assert-pubkey-algo=>=rsa1024,ed25519,ed448,nistp256,nistp384, --homedir /tmp/apt-key-gpghome.WSmAigF9Fu --keyring /usr/share/keyrings/ubuntu-archive-keyring.gpg --ignore-time-conflict --status-fd 3 /tmp/apt.sig.LhE8io /tmp/apt.data.XYn23L -> rm -rf /tmp/apt-key-gpghome.WSmAigF9Fu -> /usr/bin/apt-key --quiet --readonly --keyring /usr/share/keyrings/ubuntu-archive-keyring.gpg verify --status-fd 3 /tmp/apt.sig.gY2lf2 /tmp/apt.data.3jgqDx -> chmod 700 /tmp/apt-key-gpghome.JkIGP80l8I -> gpgv --assert-pubkey-algo=>=rsa1024,ed25519,ed448,nistp256,nistp384, --homedir /tmp/apt-key-gpghome.JkIGP80l8I --keyring /usr/share/keyrings/ubuntu-archive-keyring.gpg --ignore-time-conflict --status-fd 3 /tmp/apt.sig.gY2lf2 /tmp/apt.data.3jgqDx -> rm -rf /tmp/apt-key-gpghome.JkIGP80l8I",0,0,0,2,0,2,16,0,32,0,0,8,8,0,0,0,0,0,0,0,0,0,8,16,16,0,0,0,0,0,0,0,8,0,8,0,0,0,0,0,0,0,0,0,0,2,61,0,0,0,0,1,0,0,0,0,0,0,0,0,0,0,3.518447865669295,5.88565733150802
"/usr/bin/apt-key --quiet --readonly --keyring /usr/share/keyrings/ubuntu-archive-keyring.gpg verify --status-fd 3 /tmp/apt.sig.VSd7IF /tmp/apt.data.7o7hFA -> apt-key -> apt-config shell MASTER_KEYRING APT::Key::MasterKeyring -> /usr/bin/dpkg --print-foreign-architectures -> apt-config shell ARCHIVE_KEYRING APT::Key::ArchiveKeyring -> apt-config shell REMOVED_KEYS APT::Key::RemovedKeys -> apt-config shell ARCHIVE_KEYRING_URI APT::Key::ArchiveKeyringURI -> apt-config shell GPGV Apt::Key::gpgvcommand ASSERT_PUBKEY_ALGO Apt::Key::assert-pubkey-algo -> mktemp --directory --tmpdir apt-key-gpghome.XXXXXXXXXX -> chmod 700 /tmp/apt-key-gpghome.4ERehUl6Ww -> gpgv --assert-pubkey-algo=>=rsa1024,ed25519,ed448,nistp256,nistp384, --homedir /tmp/apt-key-gpghome.4ERehUl6Ww --keyring /usr/share/keyrings/ubuntu-archive-keyring.gpg --ignore-time-conflict --status-fd 3 /tmp/apt.sig.VSd7IF /tmp/apt.data.7o7hFA -> rm -rf /tmp/apt-key-gpghome.4ERehUl6Ww",0,0,0,0,0,0,2,0,2,0,0,2,2,0,0,0,0,0,0,0,0,0,0,2,2,0,0,0,0,0,0,0,0,0,0,0,0,0,0,0,0,0,0,0,0,0,15,0,0,0,0,1,0,0,0,0,0,0,0,0,0,0,3.518447865669295,4.356442431374057
apt-key,0,0,0,0,0,0,0,0,0,0,0,0,0,0,0,0,0,0,0,0,0,0,0,0,0,0,0,0,0,0,0,0,0,0,0,0,0,0,0,0,0,0,0,0,0,0,0,0,0,0,0,0,0,0,0,0,0,0,0,0,0,0,0.0,0.0
apt-config shell MASTER_KEYRING APT::Key::MasterKeyring -> /usr/bin/dpkg --print-foreign-architectures,0,0,0,0,0,0,0,0,0,0,0,0,0,0,0,0,0,0,0,0,0,0,0,0,0,0,0,0,0,0,0,0,0,0,0,0,0,0,0,0,0,0,0,0,0,0,2,0,0,0,0,0,0,0,0,0,0,0,0,0,0,0,3.404475479195745,2.370452854144138
/usr/bin/dpkg --print-foreign-architectures,0,0,0,0,0,0,0,0,0,0,0,0,0,0,0,0,0,0,0,0,0,0,0,0,0,0,0,0,0,0,0,0,0,0,0,0,0,0,0,0,0,0,0,0,0,0,1,0,0,0,0,0,0,0,0,0,0,0,0,0,0,0,3.046258435293526,1.8753542021604113
apt-config shell ARCHIVE_KEYRING APT::Key::ArchiveKeyring -> /usr/bin/dpkg --print-foreign-architectures,0,0,0,0,0,0,0,0,0,0,0,0,0,0,0,0,0,0,0,0,0,0,0,0,0,0,0,0,0,0,0,0,0,0,0,0,0,0,0,0,0,0,0,0,0,0,2,0,0,0,0,0,0,0,0,0,0,0,0,0,0,0,3.434509541556848,2.371855038031895
/usr/bin/dpkg --print-foreign-architectures,0,0,0,0,0,0,0,0,0,0,0,0,0,0,0,0,0,0,0,0,0,0,0,0,0,0,0,0,0,0,0,0,0,0,0,0,0,0,0,0,0,0,0,0,0,0,1,0,0,0,0,0,0,0,0,0,0,0,0,0,0,0,3.046258435293526,1.8753542021604113
apt-config shell REMOVED_KEYS APT::Key::RemovedKeys -> /usr/bin/dpkg --print-foreign-architectures,0,0,0,0,0,0,0,0,0,0,0,0,0,0,0,0,0,0,0,0,0,0,0,0,0,0,0,0,0,0,0,0,0,0,0,0,0,0,0,0,0,0,0,0,0,0,2,0,0,0,0,0,0,0,0,0,0,0,0,0,0,0,3.410012539829762,2.3707115077411363
/usr/bin/dpkg --print-foreign-architectures,0,0,0,0,0,0,0,0,0,0,0,0,0,0,0,0,0,0,0,0,0,0,0,0,0,0,0,0,0,0,0,0,0,0,0,0,0,0,0,0,0,0,0,0,0,0,1,0,0,0,0,0,0,0,0,0,0,0,0,0,0,0,3.046258435293526,1.8753542021604113
apt-config shell ARCHIVE_KEYRING_URI APT::Key::ArchiveKeyringURI -> /usr/bin/dpkg --print-foreign-architectures,0,0,0,0,0,0,0,0,0,0,0,0,0,0,0,0,0,0,0,0,0,0,0,0,0,0,0,0,0,0,0,0,0,0,0,0,0,0,0,0,0,0,0,0,0,0,2,0,0,0,0,0,0,0,0,0,0,0,0,0,0,0,3.442184739398549,2.3722130506097017
/usr/bin/dpkg --print-foreign-architectures,0,0,0,0,0,0,0,0,0,0,0,0,0,0,0,0,0,0,0,0,0,0,0,0,0,0,0,0,0,0,0,0,0,0,0,0,0,0,0,0,0,0,0,0,0,0,1,0,0,0,0,0,0,0,0,0,0,0,0,0,0,0,3.046258435293526,1.8753542021604113
apt-key,0,0,0,0,0,0,0,0,0,0,0,0,0,0,0,0,0,0,0,0,0,0,0,0,0,0,0,0,0,0,0,0,0,0,0,0,0,0,0,0,0,0,0,0,0,0,0,0,0,0,0,0,0,0,0,0,0,0,0,0,0,0,0.0,0.0
apt-config shell GPGV Apt::Key::gpgvcommand ASSERT_PUBKEY_ALGO Apt::Key::assert-pubkey-algo -> /usr/bin/dpkg --print-foreign-architectures,0,0,0,0,0,0,0,0,0,0,0,0,0,0,0,0,0,0,0,0,0,0,0,0,0,0,0,0,0,0,0,0,0,0,0,0,0,0,0,0,0,0,0,0,0,0,2,0,0,0,0,0,0,0,0,0,0,0,0,0,0,0,3.4921114445015555,2.3745387776878233
/usr/bin/dpkg --print-foreign-architectures,0,0,0,0,0,0,0,0,0,0,0,0,0,0,0,0,0,0,0,0,0,0,0,0,0,0,0,0,0,0,0,0,0,0,0,0,0,0,0,0,0,0,0,0,0,0,1,0,0,0,0,0,0,0,0,0,0,0,0,0,0,0,3.046258435293526,1.8753542021604113
gpgv --assert-pubkey-algo,0,0,0,0,0,0,0,0,0,0,0,0,0,0,0,0,0,0,0,0,0,0,0,0,0,0,0,0,0,0,0,0,0,0,0,0,0,0,0,0,0,0,0,0,0,0,1,0,0,0,0,0,0,0,0,0,0,0,0,0,0,0,2.899337522071791,1.8640287746108184
apt-key,0,0,0,0,0,0,0,0,0,0,0,0,0,0,0,0,0,0,0,0,0,0,0,0,0,0,0,0,0,0,0,0,0,0,0,0,0,0,0,0,0,0,0,0,0,0,0,0,0,0,0,0,0,0,0,0,0,0,0,0,0,0,0.0,0.0
mktemp --directory --tmpdir apt-key-gpghome.XXXXXXXXXX,0,0,0,0,0,0,0,0,0,0,0,2,0,0,0,0,0,0,0,0,0,0,0,0,0,0,0,0,0,0,0,0,0,0,0,0,0,0,0,0,0,0,0,0,0,0,1,0,0,0,0,1,0,0,0,0,0,0,0,0,0,0,2.89903571102803,2.010830452953769
chmod 700 /tmp/apt-key-gpghome.4ERehUl6Ww,0,0,0,0,0,0,2,0,0,0,0,0,0,0,0,0,0,0,0,0,0,0,0,2,2,0,0,0,0,0,0,0,0,0,0,0,0,0,0,0,0,0,0,0,0,0,1,0,0,0,0,0,0,0,0,0,0,0,0,0,0,0,3.2740489365454195,3.0270867668619457
apt-key,0,0,0,0,0,0,0,0,0,0,0,0,0,0,0,0,0,0,0,0,0,0,0,0,0,0,0,0,0,0,0,0,0,0,0,0,0,0,0,0,0,0,0,0,0,0,0,0,0,0,0,0,0,0,0,0,0,0,0,0,0,0,0.0,0.0
apt-key,0,0,0,0,0,0,0,0,0,0,0,0,0,0,0,0,0,0,0,0,0,0,0,0,0,0,0,0,0,0,0,0,0,0,0,0,0,0,0,0,0,0,0,0,0,0,0,0,0,0,0,0,0,0,0,0,0,0,0,0,0,0,0.0,0.0
"sed -e s#'#''""'#g """,0,0,0,0,0,0,0,0,0,0,0,0,0,0,0,0,0,0,0,0,0,0,0,0,0,0,0,0,0,0,0,0,0,0,0,0,0,0,0,0,0,0,0,0,0,0,1,0,0,0,0,0,0,0,0,0,0,0,0,0,0,0,2.4587690059903835,1.829277532251845
apt-key,0,0,0,0,0,0,0,0,0,0,0,0,0,0,0,0,0,0,0,0,0,0,0,0,0,0,0,0,0,0,0,0,0,0,0,0,0,0,0,0,0,0,0,0,0,0,0,0,0,0,0,0,0,0,0,0,0,0,0,0,0,0,0.0,0.0
apt-key,0,0,0,0,0,0,0,0,0,0,0,0,0,0,0,0,0,0,0,0,0,0,0,0,0,0,0,0,0,0,0,0,0,0,0,0,0,0,0,0,0,0,0,0,0,0,0,0,0,0,0,0,0,0,0,0,0,0,0,0,0,0,0.0,0.0
"sed -e s#'#''""'#g """,0,0,0,0,0,0,0,0,0,0,0,0,0,0,0,0,0,0,0,0,0,0,0,0,0,0,0,0,0,0,0,0,0,0,0,0,0,0,0,0,0,0,0,0,0,0,1,0,0,0,0,0,0,0,0,0,0,0,0,0,0,0,2.4587690059903835,1.829277532251845
apt-key,0,0,0,0,0,0,0,0,0,0,0,0,0,0,0,0,0,0,0,0,0,0,0,0,0,0,0,0,0,0,0,0,0,0,0,0,0,0,0,0,0,0,0,0,0,0,0,0,0,0,0,0,0,0,0,0,0,0,0,0,0,0,0.0,0.0
apt-key,0,0,0,0,0,0,0,0,0,0,0,0,0,0,0,0,0,0,0,0,0,0,0,0,0,0,0,0,0,0,0,0,0,0,0,0,0,0,0,0,0,0,0,0,0,0,0,0,0,0,0,0,0,0,0,0,0,0,0,0,0,0,0.0,0.0
"gpgv --assert-pubkey-algo=>=rsa1024,ed25519,ed448,nistp256,nistp384, --homedir /tmp/apt-key-gpghome.4ERehUl6Ww --keyring /usr/share/keyrings/ubuntu-archive-keyring.gpg --ignore-time-conflict --status-fd 3 /tmp/apt.sig.VSd7IF /tmp/apt.data.7o7hFA",0,0,0,0,0,0,0,0,0,0,0,0,0,0,0,0,0,0,0,0,0,0,0,0,0,0,0,0,0,0,0,0,0,0,0,0,0,0,0,0,0,0,0,0,0,0,1,0,0,0,0,0,0,0,0,0,0,0,0,0,0,0,3.518447865669295,1.9109080806294114
rm -rf /tmp/apt-key-gpghome.4ERehUl6Ww,0,0,0,0,0,0,0,0,0,0,0,0,2,0,0,0,0,0,0,0,0,0,0,0,0,0,0,0,0,0,0,0,0,0,0,0,0,0,0,0,0,0,0,0,0,0,1,0,0,0,0,0,0,0,0,0,0,0,0,0,0,0,3.212501265959222,1.9030400217833887
"/usr/bin/apt-key --quiet --readonly --keyring /usr/share/keyrings/ubuntu-archive-keyring.gpg verify --status-fd 3 /tmp/apt.sig.pI5UzJ /tmp/apt.data.iyMxhU -> apt-key -> apt-config shell MASTER_KEYRING APT::Key::MasterKeyring -> /usr/bin/dpkg --print-foreign-architectures -> apt-config shell ARCHIVE_KEYRING APT::Key::ArchiveKeyring -> apt-config shell REMOVED_KEYS APT::Key::RemovedKeys -> apt-config shell ARCHIVE_KEYRING_URI APT::Key::ArchiveKeyringURI -> apt-config shell GPGV Apt::Key::gpgvcommand ASSERT_PUBKEY_ALGO Apt::Key::assert-pubkey-algo -> mktemp --directory --tmpdir apt-key-gpghome.XXXXXXXXXX -> chmod 700 /tmp/apt-key-gpghome.KvJSjSgMJe -> gpgv --assert-pubkey-algo=>=rsa1024,ed25519,ed448,nistp256,nistp384, --homedir /tmp/apt-key-gpghome.KvJSjSgMJe --keyring /usr/share/keyrings/ubuntu-archive-keyring.gpg --ignore-time-conflict --status-fd 3 /tmp/apt.sig.pI5UzJ /tmp/apt.data.iyMxhU -> rm -rf /tmp/apt-key-gpghome.KvJSjSgMJe",0,0,0,0,0,0,2,0,2,0,0,2,2,0,0,0,0,0,0,0,0,0,0,2,2,0,0,0,0,0,0,0,0,0,0,0,0,0,0,0,0,0,0,0,0,0,15,0,0,0,0,1,0,0,0,0,0,0,0,0,0,0,3.4993149492052784,4.35631974427098
apt-key,0,0,0,0,0,0,0,0,0,0,0,0,0,0,0,0,0,0,0,0,0,0,0,0,0,0,0,0,0,0,0,0,0,0,0,0,0,0,0,0,0,0,0,0,0,0,0,0,0,0,0,0,0,0,0,0,0,0,0,0,0,0,0.0,0.0
apt-config shell MASTER_KEYRING APT::Key::MasterKeyring -> /usr/bin/dpkg --print-foreign-architectures,0,0,0,0,0,0,0,0,0,0,0,0,0,0,0,0,0,0,0,0,0,0,0,0,0,0,0,0,0,0,0,0,0,0,0,0,0,0,0,0,0,0,0,0,0,0,2,0,0,0,0,0,0,0,0,0,0,0,0,0,0,0,3.404475479195745,2.370452854144138
/usr/bin/dpkg --print-foreign-architectures,0,0,0,0,0,0,0,0,0,0,0,0,0,0,0,0,0,0,0,0,0,0,0,0,0,0,0,0,0,0,0,0,0,0,0,0,0,0,0,0,0,0,0,0,0,0,1,0,0,0,0,0,0,0,0,0,0,0,0,0,0,0,3.046258435293526,1.8753542021604113
apt-config shell ARCHIVE_KEYRING APT::Key::ArchiveKeyring -> /usr/bin/dpkg --print-foreign-architectures,0,0,0,0,0,0,0,0,0,0,0,0,0,0,0,0,0,0,0,0,0,0,0,0,0,0,0,0,0,0,0,0,0,0,0,0,0,0,0,0,0,0,0,0,0,0,2,0,0,0,0,0,0,0,0,0,0,0,0,0,0,0,3.434509541556848,2.371855038031895
/usr/bin/dpkg --print-foreign-architectures,0,0,0,0,0,0,0,0,0,0,0,0,0,0,0,0,0,0,0,0,0,0,0,0,0,0,0,0,0,0,0,0,0,0,0,0,0,0,0,0,0,0,0,0,0,0,1,0,0,0,0,0,0,0,0,0,0,0,0,0,0,0,3.046258435293526,1.8753542021604113
apt-config shell REMOVED_KEYS APT::Key::RemovedKeys -> /usr/bin/dpkg --print-foreign-architectures,0,0,0,0,0,0,0,0,0,0,0,0,0,0,0,0,0,0,0,0,0,0,0,0,0,0,0,0,0,0,0,0,0,0,0,0,0,0,0,0,0,0,0,0,0,0,2,0,0,0,0,0,0,0,0,0,0,0,0,0,0,0,3.410012539829762,2.3707115077411363
/usr/bin/dpkg --print-foreign-architectures,0,0,0,0,0,0,0,0,0,0,0,0,0,0,0,0,0,0,0,0,0,0,0,0,0,0,0,0,0,0,0,0,0,0,0,0,0,0,0,0,0,0,0,0,0,0,1,0,0,0,0,0,0,0,0,0,0,0,0,0,0,0,3.046258435293526,1.8753542021604113
apt-config shell ARCHIVE_KEYRING_URI APT::Key::ArchiveKeyringURI -> /usr/bin/dpkg --print-foreign-architectures,0,0,0,0,0,0,0,0,0,0,0,0,0,0,0,0,0,0,0,0,0,0,0,0,0,0,0,0,0,0,0,0,0,0,0,0,0,0,0,0,0,0,0,0,0,0,2,0,0,0,0,0,0,0,0,0,0,0,0,0,0,0,3.442184739398549,2.3722130506097017
/usr/bin/dpkg --print-foreign-architectures,0,0,0,0,0,0,0,0,0,0,0,0,0,0,0,0,0,0,0,0,0,0,0,0,0,0,0,0,0,0,0,0,0,0,0,0,0,0,0,0,0,0,0,0,0,0,1,0,0,0,0,0,0,0,0,0,0,0,0,0,0,0,3.046258435293526,1.8753542021604113
apt-key,0,0,0,0,0,0,0,0,0,0,0,0,0,0,0,0,0,0,0,0,0,0,0,0,0,0,0,0,0,0,0,0,0,0,0,0,0,0,0,0,0,0,0,0,0,0,0,0,0,0,0,0,0,0,0,0,0,0,0,0,0,0,0.0,0.0
apt-config shell GPGV Apt::Key::gpgvcommand ASSERT_PUBKEY_ALGO Apt::Key::assert-pubkey-algo -> /usr/bin/dpkg --print-foreign-architectures,0,0,0,0,0,0,0,0,0,0,0,0,0,0,0,0,0,0,0,0,0,0,0,0,0,0,0,0,0,0,0,0,0,0,0,0,0,0,0,0,0,0,0,0,0,0,2,0,0,0,0,0,0,0,0,0,0,0,0,0,0,0,3.4921114445015555,2.3745387776878233
/usr/bin/dpkg --print-foreign-architectures,0,0,0,0,0,0,0,0,0,0,0,0,0,0,0,0,0,0,0,0,0,0,0,0,0,0,0,0,0,0,0,0,0,0,0,0,0,0,0,0,0,0,0,0,0,0,1,0,0,0,0,0,0,0,0,0,0,0,0,0,0,0,3.046258435293526,1.8753542021604113
gpgv --assert-pubkey-algo,0,0,0,0,0,0,0,0,0,0,0,0,0,0,0,0,0,0,0,0,0,0,0,0,0,0,0,0,0,0,0,0,0,0,0,0,0,0,0,0,0,0,0,0,0,0,1,0,0,0,0,0,0,0,0,0,0,0,0,0,0,0,2.899337522071791,1.8640287746108184
apt-key,0,0,0,0,0,0,0,0,0,0,0,0,0,0,0,0,0,0,0,0,0,0,0,0,0,0,0,0,0,0,0,0,0,0,0,0,0,0,0,0,0,0,0,0,0,0,0,0,0,0,0,0,0,0,0,0,0,0,0,0,0,0,0.0,0.0
mktemp --directory --tmpdir apt-key-gpghome.XXXXXXXXXX,0,0,0,0,0,0,0,0,0,0,0,2,0,0,0,0,0,0,0,0,0,0,0,0,0,0,0,0,0,0,0,0,0,0,0,0,0,0,0,0,0,0,0,0,0,0,1,0,0,0,0,1,0,0,0,0,0,0,0,0,0,0,2.89903571102803,2.010830452953769
chmod 700 /tmp/apt-key-gpghome.KvJSjSgMJe,0,0,0,0,0,0,2,0,0,0,0,0,0,0,0,0,0,0,0,0,0,0,0,2,2,0,0,0,0,0,0,0,0,0,0,0,0,0,0,0,0,0,0,0,0,0,1,0,0,0,0,0,0,0,0,0,0,0,0,0,0,0,3.2221008845973675,3.025827361206605
apt-key,0,0,0,0,0,0,0,0,0,0,0,0,0,0,0,0,0,0,0,0,0,0,0,0,0,0,0,0,0,0,0,0,0,0,0,0,0,0,0,0,0,0,0,0,0,0,0,0,0,0,0,0,0,0,0,0,0,0,0,0,0,0,0.0,0.0
apt-key,0,0,0,0,0,0,0,0,0,0,0,0,0,0,0,0,0,0,0,0,0,0,0,0,0,0,0,0,0,0,0,0,0,0,0,0,0,0,0,0,0,0,0,0,0,0,0,0,0,0,0,0,0,0,0,0,0,0,0,0,0,0,0.0,0.0
"sed -e s#'#''""'#g """,0,0,0,0,0,0,0,0,0,0,0,0,0,0,0,0,0,0,0,0,0,0,0,0,0,0,0,0,0,0,0,0,0,0,0,0,0,0,0,0,0,0,0,0,0,0,1,0,0,0,0,0,0,0,0,0,0,0,0,0,0,0,2.4587690059903835,1.829277532251845
apt-key,0,0,0,0,0,0,0,0,0,0,0,0,0,0,0,0,0,0,0,0,0,0,0,0,0,0,0,0,0,0,0,0,0,0,0,0,0,0,0,0,0,0,0,0,0,0,0,0,0,0,0,0,0,0,0,0,0,0,0,0,0,0,0.0,0.0
apt-key,0,0,0,0,0,0,0,0,0,0,0,0,0,0,0,0,0,0,0,0,0,0,0,0,0,0,0,0,0,0,0,0,0,0,0,0,0,0,0,0,0,0,0,0,0,0,0,0,0,0,0,0,0,0,0,0,0,0,0,0,0,0,0.0,0.0
"sed -e s#'#''""'#g """,0,0,0,0,0,0,0,0,0,0,0,0,0,0,0,0,0,0,0,0,0,0,0,0,0,0,0,0,0,0,0,0,0,0,0,0,0,0,0,0,0,0,0,0,0,0,1,0,0,0,0,0,0,0,0,0,0,0,0,0,0,0,2.4587690059903835,1.829277532251845
apt-key,0,0,0,0,0,0,0,0,0,0,0,0,0,0,0,0,0,0,0,0,0,0,0,0,0,0,0,0,0,0,0,0,0,0,0,0,0,0,0,0,0,0,0,0,0,0,0,0,0,0,0,0,0,0,0,0,0,0,0,0,0,0,0.0,0.0
apt-key,0,0,0,0,0,0,0,0,0,0,0,0,0,0,0,0,0,0,0,0,0,0,0,0,0,0,0,0,0,0,0,0,0,0,0,0,0,0,0,0,0,0,0,0,0,0,0,0,0,0,0,0,0,0,0,0,0,0,0,0,0,0,0.0,0.0
"gpgv --assert-pubkey-algo=>=rsa1024,ed25519,ed448,nistp256,nistp384, --homedir /tmp/apt-key-gpghome.KvJSjSgMJe --keyring /usr/share/keyrings/ubuntu-archive-keyring.gpg --ignore-time-conflict --status-fd 3 /tmp/apt.sig.pI5UzJ /tmp/apt.data.iyMxhU",0,0,0,0,0,0,0,0,0,0,0,0,0,0,0,0,0,0,0,0,0,0,0,0,0,0,0,0,0,0,0,0,0,0,0,0,0,0,0,0,0,0,0,0,0,0,1,0,0,0,0,0,0,0,0,0,0,0,0,0,0,0,3.4993149492052784,1.9094917590935798
rm -rf /tmp/apt-key-gpghome.KvJSjSgMJe,0,0,0,0,0,0,0,0,0,0,0,0,2,0,0,0,0,0,0,0,0,0,0,0,0,0,0,0,0,0,0,0,0,0,0,0,0,0,0,0,0,0,0,0,0,0,1,0,0,0,0,0,0,0,0,0,0,0,0,0,0,0,3.145531019449877,1.8980343931459305
"/usr/bin/apt-key --quiet --readonly --keyring /usr/share/keyrings/ubuntu-archive-keyring.gpg verify --status-fd 3 /tmp/apt.sig.LhE8io /tmp/apt.data.XYn23L -> apt-key -> apt-config shell MASTER_KEYRING APT::Key::MasterKeyring -> /usr/bin/dpkg --print-foreign-architectures -> apt-config shell ARCHIVE_KEYRING APT::Key::ArchiveKeyring -> apt-config shell REMOVED_KEYS APT::Key::RemovedKeys -> apt-config shell ARCHIVE_KEYRING_URI APT::Key::ArchiveKeyringURI -> apt-config shell GPGV Apt::Key::gpgvcommand ASSERT_PUBKEY_ALGO Apt::Key::assert-pubkey-algo -> mktemp --directory --tmpdir apt-key-gpghome.XXXXXXXXXX -> chmod 700 /tmp/apt-key-gpghome.WSmAigF9Fu -> gpgv --assert-pubkey-algo=>=rsa1024,ed25519,ed448,nistp256,nistp384, --homedir /tmp/apt-key-gpghome.WSmAigF9Fu --keyring /usr/share/keyrings/ubuntu-archive-keyring.gpg --ignore-time-conflict --status-fd 3 /tmp/apt.sig.LhE8io /tmp/apt.data.XYn23L -> rm -rf /tmp/apt-key-gpghome.WSmAigF9Fu",0,0,0,0,0,0,2,0,2,0,0,2,2,0,0,0,0,0,0,0,0,0,0,2,2,0,0,0,0,0,0,0,0,0,0,0,0,0,0,0,0,0,0,0,0,0,15,0,0,0,0,1,0,0,0,0,0,0,0,0,0,0,3.4921114445015555,4.356273548921901
apt-key,0,0,0,0,0,0,0,0,0,0,0,0,0,0,0,0,0,0,0,0,0,0,0,0,0,0,0,0,0,0,0,0,0,0,0,0,0,0,0,0,0,0,0,0,0,0,0,0,0,0,0,0,0,0,0,0,0,0,0,0,0,0,0.0,0.0
apt-config shell MASTER_KEYRING APT::Key::MasterKeyring -> /usr/bin/dpkg --print-foreign-architectures,0,0,0,0,0,0,0,0,0,0,0,0,0,0,0,0,0,0,0,0,0,0,0,0,0,0,0,0,0,0,0,0,0,0,0,0,0,0,0,0,0,0,0,0,0,0,2,0,0,0,0,0,0,0,0,0,0,0,0,0,0,0,3.404475479195745,2.370452854144138
/usr/bin/dpkg --print-foreign-architectures,0,0,0,0,0,0,0,0,0,0,0,0,0,0,0,0,0,0,0,0,0,0,0,0,0,0,0,0,0,0,0,0,0,0,0,0,0,0,0,0,0,0,0,0,0,0,1,0,0,0,0,0,0,0,0,0,0,0,0,0,0,0,3.046258435293526,1.8753542021604113
apt-config shell ARCHIVE_KEYRING APT::Key::ArchiveKeyring -> /usr/bin/dpkg --print-foreign-architectures,0,0,0,0,0,0,0,0,0,0,0,0,0,0,0,0,0,0,0,0,0,0,0,0,0,0,0,0,0,0,0,0,0,0,0,0,0,0,0,0,0,0,0,0,0,0,2,0,0,0,0,0,0,0,0,0,0,0,0,0,0,0,3.434509541556848,2.371855038031895
/usr/bin/dpkg --print-foreign-architectures,0,0,0,0,0,0,0,0,0,0,0,0,0,0,0,0,0,0,0,0,0,0,0,0,0,0,0,0,0,0,0,0,0,0,0,0,0,0,0,0,0,0,0,0,0,0,1,0,0,0,0,0,0,0,0,0,0,0,0,0,0,0,3.046258435293526,1.8753542021604113
apt-config shell REMOVED_KEYS APT::Key::RemovedKeys -> /usr/bin/dpkg --print-foreign-architectures,0,0,0,0,0,0,0,0,0,0,0,0,0,0,0,0,0,0,0,0,0,0,0,0,0,0,0,0,0,0,0,0,0,0,0,0,0,0,0,0,0,0,0,0,0,0,2,0,0,0,0,0,0,0,0,0,0,0,0,0,0,0,3.410012539829762,2.3707115077411363
/usr/bin/dpkg --print-foreign-architectures,0,0,0,0,0,0,0,0,0,0,0,0,0,0,0,0,0,0,0,0,0,0,0,0,0,0,0,0,0,0,0,0,0,0,0,0,0,0,0,0,0,0,0,0,0,0,1,0,0,0,0,0,0,0,0,0,0,0,0,0,0,0,3.046258435293526,1.8753542021604113
apt-config shell ARCHIVE_KEYRING_URI APT::Key::ArchiveKeyringURI -> /usr/bin/dpkg --print-foreign-architectures,0,0,0,0,0,0,0,0,0,0,0,0,0,0,0,0,0,0,0,0,0,0,0,0,0,0,0,0,0,0,0,0,0,0,0,0,0,0,0,0,0,0,0,0,0,0,2,0,0,0,0,0,0,0,0,0,0,0,0,0,0,0,3.442184739398549,2.3722130506097017
/usr/bin/dpkg --print-foreign-architectures,0,0,0,0,0,0,0,0,0,0,0,0,0,0,0,0,0,0,0,0,0,0,0,0,0,0,0,0,0,0,0,0,0,0,0,0,0,0,0,0,0,0,0,0,0,0,1,0,0,0,0,0,0,0,0,0,0,0,0,0,0,0,3.046258435293526,1.8753542021604113
apt-key,0,0,0,0,0,0,0,0,0,0,0,0,0,0,0,0,0,0,0,0,0,0,0,0,0,0,0,0,0,0,0,0,0,0,0,0,0,0,0,0,0,0,0,0,0,0,0,0,0,0,0,0,0,0,0,0,0,0,0,0,0,0,0.0,0.0
apt-config shell GPGV Apt::Key::gpgvcommand ASSERT_PUBKEY_ALGO Apt::Key::assert-pubkey-algo -> /usr/bin/dpkg --print-foreign-architectures,0,0,0,0,0,0,0,0,0,0,0,0,0,0,0,0,0,0,0,0,0,0,0,0,0,0,0,0,0,0,0,0,0,0,0,0,0,0,0,0,0,0,0,0,0,0,2,0,0,0,0,0,0,0,0,0,0,0,0,0,0,0,3.4921114445015555,2.3745387776878233
/usr/bin/dpkg --print-foreign-architectures,0,0,0,0,0,0,0,0,0,0,0,0,0,0,0,0,0,0,0,0,0,0,0,0,0,0,0,0,0,0,0,0,0,0,0,0,0,0,0,0,0,0,0,0,0,0,1,0,0,0,0,0,0,0,0,0,0,0,0,0,0,0,3.046258435293526,1.8753542021604113
gpgv --assert-pubkey-algo,0,0,0,0,0,0,0,0,0,0,0,0,0,0,0,0,0,0,0,0,0,0,0,0,0,0,0,0,0,0,0,0,0,0,0,0,0,0,0,0,0,0,0,0,0,0,1,0,0,0,0,0,0,0,0,0,0,0,0,0,0,0,2.899337522071791,1.8640287746108184
apt-key,0,0,0,0,0,0,0,0,0,0,0,0,0,0,0,0,0,0,0,0,0,0,0,0,0,0,0,0,0,0,0,0,0,0,0,0,0,0,0,0,0,0,0,0,0,0,0,0,0,0,0,0,0,0,0,0,0,0,0,0,0,0,0.0,0.0
mktemp --directory --tmpdir apt-key-gpghome.XXXXXXXXXX,0,0,0,0,0,0,0,0,0,0,0,2,0,0,0,0,0,0,0,0,0,0,0,0,0,0,0,0,0,0,0,0,0,0,0,0,0,0,0,0,0,0,0,0,0,0,1,0,0,0,0,1,0,0,0,0,0,0,0,0,0,0,2.89903571102803,2.010830452953769
chmod 700 /tmp/apt-key-gpghome.WSmAigF9Fu,0,0,0,0,0,0,2,0,0,0,0,0,0,0,0,0,0,0,0,0,0,0,0,2,2,0,0,0,0,0,0,0,0,0,0,0,0,0,0,0,0,0,0,0,0,0,1,0,0,0,0,0,0,0,0,0,0,0,0,0,0,0,3.2417083521860293,3.0263029023716235
apt-key,0,0,0,0,0,0,0,0,0,0,0,0,0,0,0,0,0,0,0,0,0,0,0,0,0,0,0,0,0,0,0,0,0,0,0,0,0,0,0,0,0,0,0,0,0,0,0,0,0,0,0,0,0,0,0,0,0,0,0,0,0,0,0.0,0.0
apt-key,0,0,0,0,0,0,0,0,0,0,0,0,0,0,0,0,0,0,0,0,0,0,0,0,0,0,0,0,0,0,0,0,0,0,0,0,0,0,0,0,0,0,0,0,0,0,0,0,0,0,0,0,0,0,0,0,0,0,0,0,0,0,0.0,0.0
"sed -e s#'#''""'#g """,0,0,0,0,0,0,0,0,0,0,0,0,0,0,0,0,0,0,0,0,0,0,0,0,0,0,0,0,0,0,0,0,0,0,0,0,0,0,0,0,0,0,0,0,0,0,1,0,0,0,0,0,0,0,0,0,0,0,0,0,0,0,2.4587690059903835,1.829277532251845
apt-key,0,0,0,0,0,0,0,0,0,0,0,0,0,0,0,0,0,0,0,0,0,0,0,0,0,0,0,0,0,0,0,0,0,0,0,0,0,0,0,0,0,0,0,0,0,0,0,0,0,0,0,0,0,0,0,0,0,0,0,0,0,0,0.0,0.0
apt-key,0,0,0,0,0,0,0,0,0,0,0,0,0,0,0,0,0,0,0,0,0,0,0,0,0,0,0,0,0,0,0,0,0,0,0,0,0,0,0,0,0,0,0,0,0,0,0,0,0,0,0,0,0,0,0,0,0,0,0,0,0,0,0.0,0.0
"sed -e s#'#''""'#g """,0,0,0,0,0,0,0,0,0,0,0,0,0,0,0,0,0,0,0,0,0,0,0,0,0,0,0,0,0,0,0,0,0,0,0,0,0,0,0,0,0,0,0,0,0,0,1,0,0,0,0,0,0,0,0,0,0,0,0,0,0,0,2.4587690059903835,1.829277532251845
apt-key,0,0,0,0,0,0,0,0,0,0,0,0,0,0,0,0,0,0,0,0,0,0,0,0,0,0,0,0,0,0,0,0,0,0,0,0,0,0,0,0,0,0,0,0,0,0,0,0,0,0,0,0,0,0,0,0,0,0,0,0,0,0,0.0,0.0
apt-key,0,0,0,0,0,0,0,0,0,0,0,0,0,0,0,0,0,0,0,0,0,0,0,0,0,0,0,0,0,0,0,0,0,0,0,0,0,0,0,0,0,0,0,0,0,0,0,0,0,0,0,0,0,0,0,0,0,0,0,0,0,0,0.0,0.0
"gpgv --assert-pubkey-algo=>=rsa1024,ed25519,ed448,nistp256,nistp384, --homedir /tmp/apt-key-gpghome.WSmAigF9Fu --keyring /usr/share/keyrings/ubuntu-archive-keyring.gpg --ignore-time-conflict --status-fd 3 /tmp/apt.sig.LhE8io /tmp/apt.data.XYn23L",0,0,0,0,0,0,0,0,0,0,0,0,0,0,0,0,0,0,0,0,0,0,0,0,0,0,0,0,0,0,0,0,0,0,0,0,0,0,0,0,0,0,0,0,0,0,1,0,0,0,0,0,0,0,0,0,0,0,0,0,0,0,3.487561529401841,1.9086207119714065
rm -rf /tmp/apt-key-gpghome.WSmAigF9Fu,0,0,0,0,0,0,0,0,0,0,0,0,2,0,0,0,0,0,0,0,0,0,0,0,0,0,0,0,0,0,0,0,0,0,0,0,0,0,0,0,0,0,0,0,0,0,1,0,0,0,0,0,0,0,0,0,0,0,0,0,0,0,3.1667954561305383,1.8996265001600363
"/usr/bin/apt-key --quiet --readonly --keyring /usr/share/keyrings/ubuntu-archive-keyring.gpg verify --status-fd 3 /tmp/apt.sig.gY2lf2 /tmp/apt.data.3jgqDx -> apt-key -> apt-config shell MASTER_KEYRING APT::Key::MasterKeyring -> /usr/bin/dpkg --print-foreign-architectures -> apt-config shell ARCHIVE_KEYRING APT::Key::ArchiveKeyring -> apt-config shell REMOVED_KEYS APT::Key::RemovedKeys -> apt-config shell ARCHIVE_KEYRING_URI APT::Key::ArchiveKeyringURI -> apt-config shell GPGV Apt::Key::gpgvcommand ASSERT_PUBKEY_ALGO Apt::Key::assert-pubkey-algo -> mktemp --directory --tmpdir apt-key-gpghome.XXXXXXXXXX -> chmod 700 /tmp/apt-key-gpghome.JkIGP80l8I -> gpgv --assert-pubkey-algo=>=rsa1024,ed25519,ed448,nistp256,nistp384, --homedir /tmp/apt-key-gpghome.JkIGP80l8I --keyring /usr/share/keyrings/ubuntu-archive-keyring.gpg --ignore-time-conflict --status-fd 3 /tmp/apt.sig.gY2lf2 /tmp/apt.data.3jgqDx -> rm -rf /tmp/apt-key-gpghome.JkIGP80l8I",0,0,0,0,0,0,2,0,2,0,0,2,2,0,0,0,0,0,0,0,0,0,0,2,2,0,0,0,0,0,0,0,0,0,0,0,0,0,0,0,0,0,0,0,0,0,15,0,0,0,0,1,0,0,0,0,0,0,0,0,0,0,3.503910057911404,4.356349211124841
apt-key,0,0,0,0,0,0,0,0,0,0,0,0,0,0,0,0,0,0,0,0,0,0,0,0,0,0,0,0,0,0,0,0,0,0,0,0,0,0,0,0,0,0,0,0,0,0,0,0,0,0,0,0,0,0,0,0,0,0,0,0,0,0,0.0,0.0
apt-config shell MASTER_KEYRING APT::Key::MasterKeyring -> /usr/bin/dpkg --print-foreign-architectures,0,0,0,0,0,0,0,0,0,0,0,0,0,0,0,0,0,0,0,0,0,0,0,0,0,0,0,0,0,0,0,0,0,0,0,0,0,0,0,0,0,0,0,0,0,0,2,0,0,0,0,0,0,0,0,0,0,0,0,0,0,0,3.404475479195745,2.370452854144138
/usr/bin/dpkg --print-foreign-architectures,0,0,0,0,0,0,0,0,0,0,0,0,0,0,0,0,0,0,0,0,0,0,0,0,0,0,0,0,0,0,0,0,0,0,0,0,0,0,0,0,0,0,0,0,0,0,1,0,0,0,0,0,0,0,0,0,0,0,0,0,0,0,3.046258435293526,1.8753542021604113
apt-config shell ARCHIVE_KEYRING APT::Key::ArchiveKeyring -> /usr/bin/dpkg --print-foreign-architectures,0,0,0,0,0,0,0,0,0,0,0,0,0,0,0,0,0,0,0,0,0,0,0,0,0,0,0,0,0,0,0,0,0,0,0,0,0,0,0,0,0,0,0,0,0,0,2,0,0,0,0,0,0,0,0,0,0,0,0,0,0,0,3.434509541556848,2.371855038031895
/usr/bin/dpkg --print-foreign-architectures,0,0,0,0,0,0,0,0,0,0,0,0,0,0,0,0,0,0,0,0,0,0,0,0,0,0,0,0,0,0,0,0,0,0,0,0,0,0,0,0,0,0,0,0,0,0,1,0,0,0,0,0,0,0,0,0,0,0,0,0,0,0,3.046258435293526,1.8753542021604113
apt-config shell REMOVED_KEYS APT::Key::RemovedKeys -> /usr/bin/dpkg --print-foreign-architectures,0,0,0,0,0,0,0,0,0,0,0,0,0,0,0,0,0,0,0,0,0,0,0,0,0,0,0,0,0,0,0,0,0,0,0,0,0,0,0,0,0,0,0,0,0,0,2,0,0,0,0,0,0,0,0,0,0,0,0,0,0,0,3.410012539829762,2.3707115077411363
/usr/bin/dpkg --print-foreign-architectures,0,0,0,0,0,0,0,0,0,0,0,0,0,0,0,0,0,0,0,0,0,0,0,0,0,0,0,0,0,0,0,0,0,0,0,0,0,0,0,0,0,0,0,0,0,0,1,0,0,0,0,0,0,0,0,0,0,0,0,0,0,0,3.046258435293526,1.8753542021604113
apt-config shell ARCHIVE_KEYRING_URI APT::Key::ArchiveKeyringURI -> /usr/bin/dpkg --print-foreign-architectures,0,0,0,0,0,0,0,0,0,0,0,0,0,0,0,0,0,0,0,0,0,0,0,0,0,0,0,0,0,0,0,0,0,0,0,0,0,0,0,0,0,0,0,0,0,0,2,0,0,0,0,0,0,0,0,0,0,0,0,0,0,0,3.442184739398549,2.3722130506097017
/usr/bin/dpkg --print-foreign-architectures,0,0,0,0,0,0,0,0,0,0,0,0,0,0,0,0,0,0,0,0,0,0,0,0,0,0,0,0,0,0,0,0,0,0,0,0,0,0,0,0,0,0,0,0,0,0,1,0,0,0,0,0,0,0,0,0,0,0,0,0,0,0,3.046258435293526,1.8753542021604113
apt-key,0,0,0,0,0,0,0,0,0,0,0,0,0,0,0,0,0,0,0,0,0,0,0,0,0,0,0,0,0,0,0,0,0,0,0,0,0,0,0,0,0,0,0,0,0,0,0,0,0,0,0,0,0,0,0,0,0,0,0,0,0,0,0.0,0.0
apt-config shell GPGV Apt::Key::gpgvcommand ASSERT_PUBKEY_ALGO Apt::Key::assert-pubkey-algo -> /usr/bin/dpkg --print-foreign-architectures,0,0,0,0,0,0,0,0,0,0,0,0,0,0,0,0,0,0,0,0,0,0,0,0,0,0,0,0,0,0,0,0,0,0,0,0,0,0,0,0,0,0,0,0,0,0,2,0,0,0,0,0,0,0,0,0,0,0,0,0,0,0,3.4921114445015555,2.3745387776878233
/usr/bin/dpkg --print-foreign-architectures,0,0,0,0,0,0,0,0,0,0,0,0,0,0,0,0,0,0,0,0,0,0,0,0,0,0,0,0,0,0,0,0,0,0,0,0,0,0,0,0,0,0,0,0,0,0,1,0,0,0,0,0,0,0,0,0,0,0,0,0,0,0,3.046258435293526,1.8753542021604113
gpgv --assert-pubkey-algo,0,0,0,0,0,0,0,0,0,0,0,0,0,0,0,0,0,0,0,0,0,0,0,0,0,0,0,0,0,0,0,0,0,0,0,0,0,0,0,0,0,0,0,0,0,0,1,0,0,0,0,0,0,0,0,0,0,0,0,0,0,0,2.899337522071791,1.8640287746108184
apt-key,0,0,0,0,0,0,0,0,0,0,0,0,0,0,0,0,0,0,0,0,0,0,0,0,0,0,0,0,0,0,0,0,0,0,0,0,0,0,0,0,0,0,0,0,0,0,0,0,0,0,0,0,0,0,0,0,0,0,0,0,0,0,0.0,0.0
mktemp --directory --tmpdir apt-key-gpghome.XXXXXXXXXX,0,0,0,0,0,0,0,0,0,0,0,2,0,0,0,0,0,0,0,0,0,0,0,0,0,0,0,0,0,0,0,0,0,0,0,0,0,0,0,0,0,0,0,0,0,0,1,0,0,0,0,1,0,0,0,0,0,0,0,0,0,0,2.89903571102803,2.010830452953769
chmod 700 /tmp/apt-key-gpghome.JkIGP80l8I,0,0,0,0,0,0,2,0,0,0,0,0,0,0,0,0,0,0,0,0,0,0,0,2,2,0,0,0,0,0,0,0,0,0,0,0,0,0,0,0,0,0,0,0,0,0,1,0,0,0,0,0,0,0,0,0,0,0,0,0,0,0,3.2319046183916984,3.0260651600565387
apt-key,0,0,0,0,0,0,0,0,0,0,0,0,0,0,0,0,0,0,0,0,0,0,0,0,0,0,0,0,0,0,0,0,0,0,0,0,0,0,0,0,0,0,0,0,0,0,0,0,0,0,0,0,0,0,0,0,0,0,0,0,0,0,0.0,0.0
apt-key,0,0,0,0,0,0,0,0,0,0,0,0,0,0,0,0,0,0,0,0,0,0,0,0,0,0,0,0,0,0,0,0,0,0,0,0,0,0,0,0,0,0,0,0,0,0,0,0,0,0,0,0,0,0,0,0,0,0,0,0,0,0,0.0,0.0
"sed -e s#'#''""'#g """,0,0,0,0,0,0,0,0,0,0,0,0,0,0,0,0,0,0,0,0,0,0,0,0,0,0,0,0,0,0,0,0,0,0,0,0,0,0,0,0,0,0,0,0,0,0,1,0,0,0,0,0,0,0,0,0,0,0,0,0,0,0,2.4587690059903835,1.829277532251845
apt-key,0,0,0,0,0,0,0,0,0,0,0,0,0,0,0,0,0,0,0,0,0,0,0,0,0,0,0,0,0,0,0,0,0,0,0,0,0,0,0,0,0,0,0,0,0,0,0,0,0,0,0,0,0,0,0,0,0,0,0,0,0,0,0.0,0.0
apt-key,0,0,0,0,0,0,0,0,0,0,0,0,0,0,0,0,0,0,0,0,0,0,0,0,0,0,0,0,0,0,0,0,0,0,0,0,0,0,0,0,0,0,0,0,0,0,0,0,0,0,0,0,0,0,0,0,0,0,0,0,0,0,0.0,0.0
"sed -e s#'#''""'#g """,0,0,0,0,0,0,0,0,0,0,0,0,0,0,0,0,0,0,0,0,0,0,0,0,0,0,0,0,0,0,0,0,0,0,0,0,0,0,0,0,0,0,0,0,0,0,1,0,0,0,0,0,0,0,0,0,0,0,0,0,0,0,2.4587690059903835,1.829277532251845
apt-key,0,0,0,0,0,0,0,0,0,0,0,0,0,0,0,0,0,0,0,0,0,0,0,0,0,0,0,0,0,0,0,0,0,0,0,0,0,0,0,0,0,0,0,0,0,0,0,0,0,0,0,0,0,0,0,0,0,0,0,0,0,0,0.0,0.0
apt-key,0,0,0,0,0,0,0,0,0,0,0,0,0,0,0,0,0,0,0,0,0,0,0,0,0,0,0,0,0,0,0,0,0,0,0,0,0,0,0,0,0,0,0,0,0,0,0,0,0,0,0,0,0,0,0,0,0,0,0,0,0,0,0.0,0.0
"gpgv --assert-pubkey-algo=>=rsa1024,ed25519,ed448,nistp256,nistp384, --homedir /tmp/apt-key-gpghome.JkIGP80l8I --keyring /usr/share/keyrings/ubuntu-archive-keyring.gpg --ignore-time-conflict --status-fd 3 /tmp/apt.sig.gY2lf2 /tmp/apt.data.3jgqDx",0,0,0,0,0,0,0,0,0,0,0,0,0,0,0,0,0,0,0,0,0,0,0,0,0,0,0,0,0,0,0,0,0,0,0,0,0,0,0,0,0,0,0,0,0,0,1,0,0,0,0,0,0,0,0,0,0,0,0,0,0,0,3.503910057911404,1.9098320968679954
rm -rf /tmp/apt-key-gpghome.JkIGP80l8I,0,0,0,0,0,0,0,0,0,0,0,0,2,0,0,0,0,0,0,0,0,0,0,0,0,0,0,0,0,0,0,0,0,0,0,0,0,0,0,0,0,0,0,0,0,0,1,0,0,0,0,0,0,0,0,0,0,0,0,0,0,0,3.1949644702150453,1.9017316699668934
apt -> rm -f /var/cache/apt/archives/*.deb /var/cache/apt/archives/partial/*.deb /var/cache/apt/*.bin,0,0,0,0,0,0,0,0,0,0,0,0,0,0,0,0,0,0,0,0,0,0,0,0,0,0,0,0,0,0,0,0,0,0,0,0,0,0,0,0,0,0,0,0,0,0,1,0,0,0,0,0,0,0,0,0,0,0,0,0,0,0,2.948417660000894,1.8678264117030694
rm -f /var/cache/apt/archives/*.deb /var/cache/apt/archives/partial/*.deb /var/cache/apt/*.bin,0,0,0,0,0,0,0,0,0,0,0,0,0,0,0,0,0,0,0,0,0,0,0,0,0,0,0,0,0,0,0,0,0,0,0,0,0,0,0,0,0,0,0,0,0,0,1,0,0,0,0,0,0,0,0,0,0,0,0,0,0,0,2.948417660000894,1.8678264117030694
apt,0,0,0,0,0,0,0,0,0,0,0,0,0,0,0,0,0,0,0,0,0,0,0,0,0,0,0,0,0,0,0,0,0,0,0,0,0,0,0,0,0,0,0,0,0,0,0,0,0,0,0,0,0,0,0,0,0,0,0,0,0,0,0.0,0.0
/usr/bin/dpkg --print-foreign-architectures,0,0,0,0,0,0,0,0,0,0,0,0,0,0,0,0,0,0,0,0,0,0,0,0,0,0,0,0,0,0,0,0,0,0,0,0,0,0,0,0,0,0,0,0,0,0,1,0,0,0,0,0,0,0,0,0,0,0,0,0,0,0,3.046258435293526,1.8753542021604113
/usr/bin/dpkg --print-foreign-architectures,0,0,0,0,0,0,0,0,0,0,0,0,0,0,0,0,0,0,0,0,0,0,0,0,0,0,0,0,0,0,0,0,0,0,0,0,0,0,0,0,0,0,0,0,0,0,1,0,0,0,0,0,0,0,0,0,0,0,0,0,0,0,3.046258435293526,1.8753542021604113
sudo,0,0,0,0,0,0,0,0,0,0,0,0,0,0,0,0,0,0,0,0,0,0,0,0,0,0,0,0,0,0,0,0,0,0,0,0,0,0,0,0,0,0,0,0,0,0,0,0,0,0,0,0,0,0,0,0,0,0,0,0,0,0,0.0,0.0
/bin/bash -c dpkg --get-selections,0,0,0,2,0,2,0,0,0,0,0,0,0,0,0,0,0,0,0,0,0,0,0,0,0,0,0,0,0,0,0,0,0,0,0,0,0,0,0,0,0,0,0,0,0,2,2,0,0,0,0,0,0,0,0,0,0,0,0,0,0,0,2.818212532714683,3.2351076241970684
/bin/bash -c wc -l large_file.txt,0,0,0,2,0,2,0,0,0,0,0,0,0,0,0,0,0,0,0,0,0,0,0,0,0,0,0,0,0,0,0,0,0,0,0,0,0,0,0,0,0,0,0,0,0,2,2,0,0,0,0,0,0,0,0,0,0,0,0,0,0,0,2.893804279704417,3.2365940122026573
/bin/bash -c ps aux --sort=-%mem | head -n 5 -> head -n 5 -> ps,2,0,0,4,0,4,0,0,0,0,0,0,0,0,0,0,0,0,0,0,0,0,0,0,0,0,0,0,0,0,0,0,0,0,0,0,0,0,0,0,0,0,0,0,0,2,2,0,0,0,0,0,0,0,0,0,0,0,0,0,0,0,3.154756681873167,3.387685787844546
head -n 5,0,0,0,0,0,0,0,0,0,0,0,0,0,0,0,0,0,0,0,0,0,0,0,0,0,0,0,0,0,0,0,0,0,0,0,0,0,0,0,0,0,0,0,0,0,0,1,0,0,0,0,0,0,0,0,0,0,0,0,0,0,0,2.5073801024236357,1.8331716977198547
ps,2,0,0,2,0,2,0,0,0,0,0,0,0,0,0,0,0,0,0,0,0,0,0,0,0,0,0,0,0,0,0,0,0,0,0,0,0,0,0,0,0,0,0,0,0,2,0,0,0,0,0,0,0,0,0,0,0,0,0,0,0,0,0.0,2.7738379416402132
/bin/bash -c sudo chown user1 file.txt -> sudo,1,0,0,2,0,2,1,0,0,0,0,0,0,0,0,0,0,0,0,0,0,0,0,0,0,0,0,0,0,0,0,0,1,0,1,0,0,0,1,0,0,0,0,0,0,2,2,0,0,0,0,0,0,0,0,1,0,0,0,0,0,0,3.0486213621822382,3.6644410204203317
chown user1 file.txt,0,0,0,2,0,2,0,0,0,0,0,0,0,0,0,0,0,0,0,0,0,0,0,0,0,0,0,0,0,0,0,0,0,0,0,0,0,0,0,0,0,0,0,0,0,2,1,0,0,0,0,0,0,0,0,0,0,0,0,0,0,0,3.0296582083376586,3.068742423157405
sudo,0,0,0,0,0,0,0,0,0,0,0,0,0,0,0,0,0,0,0,0,0,0,0,0,0,0,0,0,0,0,0,0,0,0,0,0,0,0,0,0,0,0,0,0,0,0,0,0,0,0,0,0,0,0,0,0,0,0,0,0,0,0,0.0,0.0
/bin/bash -c mv ~/Documents/old_folder ~/Downloads/,0,0,0,2,0,2,0,0,0,0,0,0,0,0,0,0,0,0,0,0,0,0,0,0,0,0,0,0,0,0,0,0,0,0,0,0,0,0,0,0,0,0,0,0,0,2,2,0,0,0,0,0,0,0,0,0,0,0,0,0,0,0,2.9212419501228455,3.237132983054189
/bin/bash -c mv ~/Documents/report.pdf ~/Desktop/,0,0,0,2,0,2,0,0,0,0,0,0,0,0,0,0,0,0,0,0,0,0,0,0,0,0,0,0,0,0,0,0,0,0,0,0,0,0,0,0,0,0,0,0,0,2,2,0,0,0,0,0,0,0,0,0,0,0,0,0,0,0,2.8817827189754146,3.236357775573827
/bin/bash -c mkdir ~/backups,0,0,0,2,0,2,0,0,0,0,0,0,0,0,0,0,0,0,0,0,0,0,0,0,0,0,0,0,0,0,0,0,0,0,0,0,0,0,0,0,0,0,0,0,0,2,2,0,0,0,0,0,0,0,0,0,0,0,0,0,0,0,2.9153724940519443,3.2370177110351923
ps,1,0,0,0,0,0,0,0,0,0,0,0,0,0,0,0,0,0,0,0,0,0,0,0,0,0,0,0,0,0,0,0,0,0,0,0,0,0,0,0,0,0,0,0,0,0,0,0,0,0,0,0,0,0,0,0,0,0,0,0,0,0,0.0,0.009950330853168083
/bin/bash -c find ~/Documents -name '*.txt',0,0,0,2,0,2,0,0,0,0,0,0,0,0,0,0,0,0,0,0,0,0,0,0,0,0,0,0,0,0,0,0,0,0,0,0,0,0,0,0,0,0,0,0,0,2,2,0,0,0,0,0,0,0,0,0,0,0,0,0,0,0,3.0589301400956215,3.2398332780392733
/bin/bash -c cp ~/Downloads/data.csv ./,0,0,0,2,0,2,0,0,0,0,0,0,0,0,0,0,0,0,0,0,0,0,0,0,0,0,0,0,0,0,0,0,0,0,0,0,0,0,0,0,0,0,0,0,0,2,2,0,0,0,0,0,0,0,0,0,0,0,0,0,0,0,2.887962439695985,3.236479220718816
/bin/bash -c rm ~/Desktop/old_version.tar,0,0,0,2,0,2,0,0,0,0,0,0,0,0,0,0,0,0,0,0,0,0,0,0,0,0,0,0,0,0,0,0,0,0,0,0,0,0,0,0,0,0,0,0,0,2,2,0,0,0,0,0,0,0,0,0,0,0,0,0,0,0,2.974571217119947,3.2381797242343953
/bin/bash -c date '+%Y-%m-%d %H:%M:%S',0,0,0,2,0,2,0,0,0,0,0,0,0,0,0,0,0,0,0,0,0,0,0,0,0,0,0,0,0,0,0,0,0,0,0,0,0,0,0,0,0,0,0,0,0,2,2,0,0,0,0,0,0,0,0,0,0,0,0,0,0,0,2.7246657387138353,3.233265115454792
/bin/bash -c ls -l,0,0,0,2,0,2,0,0,0,0,0,0,0,0,0,0,0,0,0,0,0,0,0,0,0,0,0,0,0,0,0,0,0,0,0,0,0,0,0,0,0,0,0,0,0,2,2,0,0,0,0,0,0,0,0,0,0,0,0,0,0,0,1.8423709931771088,3.2157182648819798
/bin/bash -c du -sh ~/,0,0,0,2,0,2,0,0,0,0,0,0,0,0,0,0,0,0,0,0,0,0,0,0,0,0,0,0,0,0,0,0,0,0,0,0,0,0,0,0,0,0,0,0,0,2,2,0,0,0,0,0,0,0,0,0,0,0,0,0,0,0,2.6199707109276353,3.2311989959501415
/bin/bash -c nproc,0,0,0,2,0,2,0,0,0,0,0,0,0,0,0,0,0,0,0,0,0,0,0,0,0,0,0,0,0,0,0,0,0,0,0,0,0,0,0,0,0,0,0,0,0,2,2,0,0,0,0,0,0,0,0,0,0,0,0,0,0,0,2.2810361125534233,3.2244808098024764
/bin/bash -c who,0,0,0,2,0,2,0,0,0,0,0,0,0,0,0,0,0,0,0,0,0,0,0,0,0,0,0,0,0,0,0,0,0,0,0,0,0,0,0,0,0,0,0,0,0,2,2,0,0,0,0,0,0,0,0,0,0,0,0,0,0,0,1.9219280948873623,3.2173131664510115
/bin/bash -c grep 'success' /var/log/syslog,0,0,0,2,0,2,0,0,0,0,0,0,0,0,0,0,0,0,0,0,0,0,0,0,0,0,0,0,0,0,0,0,0,0,0,0,0,0,0,0,0,0,0,0,0,2,2,0,0,0,0,0,0,0,0,0,0,0,0,0,0,0,2.785840631714008,3.2344704074505346
/bin/bash -c tar -czvf project.tar.gz ~/project -> /bin/sh -c gzip -> gzip,0,0,0,2,0,2,1,0,0,0,0,0,0,0,0,0,0,0,0,0,0,0,1,0,0,0,0,0,0,0,0,0,1,0,1,0,0,0,0,0,0,0,0,0,0,2,4,0,0,0,0,0,0,0,0,0,0,0,0,0,0,0,2.8773953980310876,3.920758691949283
/bin/sh -c gzip -> gzip,0,0,0,0,0,0,1,0,0,0,0,0,0,0,0,0,0,0,0,0,0,0,1,0,0,0,0,0,0,0,0,0,1,0,1,0,0,0,0,0,0,0,0,0,0,0,2,0,0,0,0,0,0,0,0,0,0,0,0,0,0,0,2.7630741894285697,3.309868957609396
gzip,0,0,0,0,0,0,0,0,0,0,0,0,0,0,0,0,0,0,0,0,0,0,0,0,0,0,0,0,0,0,0,0,0,0,0,0,0,0,0,0,0,0,0,0,0,0,1,0,0,0,0,0,0,0,0,0,0,0,0,0,0,0,2.128085278891395,1.8023766798862095
ps,1,0,0,0,0,0,0,0,0,0,0,0,0,0,0,0,0,0,0,0,0,0,0,0,0,0,0,0,0,0,0,0,0,0,0,0,0,0,0,0,0,0,0,0,0,0,0,0,0,0,0,0,0,0,0,0,0,0,0,0,0,0,0.0,0.009950330853168083
/bin/bash -c tar -xzvf project.tar.gz -> gzip -d,0,0,0,2,0,2,0,0,0,0,0,0,0,0,0,0,0,0,0,0,0,0,0,0,0,0,0,0,0,0,0,0,0,0,0,0,0,0,0,0,0,0,0,0,0,2,6,0,0,0,0,0,0,0,0,0,0,0,0,0,0,0,2.9204870597560304,3.724734980841758
gzip -d,0,0,0,0,0,0,0,0,0,0,0,0,0,0,0,0,0,0,0,0,0,0,0,0,0,0,0,0,0,0,0,0,0,0,0,0,0,0,0,0,0,0,0,0,0,0,4,0,0,0,0,0,0,0,0,0,0,0,0,0,0,0,2.40400975732486,2.9015317461840495
/bin/bash -c uptime,1,0,0,2,0,2,0,0,0,0,0,0,0,0,0,0,0,0,0,0,0,0,0,0,0,0,0,0,0,0,0,0,0,0,0,0,0,0,0,0,0,0,0,0,0,2,2,0,0,0,0,0,0,0,0,0,0,0,0,0,0,0,2.40400975732486,3.227320265156415
/bin/bash -c uname -r,0,0,0,2,0,2,0,0,0,0,0,0,0,0,0,0,0,0,0,0,0,0,0,0,0,0,0,0,0,0,0,0,0,0,0,0,0,0,0,0,0,0,0,0,0,2,2,0,0,0,0,0,0,0,0,0,0,0,0,0,0,0,2.5073801024236357,3.2289722856859178
/bin/bash -c mv ~/Desktop/x ~/Downloads/,0,0,0,2,0,2,0,0,0,0,0,0,0,0,0,0,0,0,0,0,0,0,0,0,0,0,0,0,0,0,0,0,0,0,0,0,0,0,0,0,0,0,0,0,0,2,2,0,0,0,0,0,0,0,0,0,0,0,0,0,0,0,2.854427090553168,3.235819999906093
/bin/bash -c mkdir ~/Documents/projects,0,0,0,2,0,2,0,0,0,0,0,0,0,0,0,0,0,0,0,0,0,0,0,0,0,0,0,0,0,0,0,0,0,0,0,0,0,0,0,0,0,0,0,0,0,2,2,0,0,0,0,0,0,0,0,0,0,0,0,0,0,0,2.940423341812052,3.23750959955385
/bin/bash -c firefox &,0,0,0,2,0,2,0,0,0,0,0,0,0,0,0,0,0,0,0,0,0,0,0,0,0,0,0,0,0,0,0,0,0,0,0,0,0,0,0,0,0,0,0,0,0,2,1,0,0,0,0,0,0,0,0,0,0,0,0,0,0,0,2.9646249865489063,3.067229921819631
bash,0,0,0,0,0,0,0,0,0,0,0,0,0,0,0,0,0,0,0,0,0,0,0,0,0,0,0,0,0,0,0,0,0,0,0,0,0,0,0,0,0,0,0,0,0,0,0,0,0,0,0,0,0,0,0,0,0,0,0,0,0,0,0.0,0.0
/bin/bash -c find ~/Pictures -name '*.png',0,0,0,2,0,2,0,0,0,0,0,0,0,0,0,0,0,0,0,0,0,0,0,0,0,0,0,0,0,0,0,0,0,0,0,0,0,0,0,0,0,0,0,0,0,2,2,0,0,0,0,0,0,0,0,0,0,0,0,0,0,0,3.1425078942414393,3.2414688278785775
/bin/bash -c cp ~/Downloads/notes.txt ~/Documents/,0,0,0,2,0,2,0,0,0,0,0,0,0,0,0,0,0,0,0,0,0,0,0,0,0,0,0,0,0,0,0,0,0,0,0,0,0,0,0,0,0,0,0,0,0,2,2,0,0,0,0,0,0,0,0,0,0,0,0,0,0,0,2.891665562376658,3.2365519881823057
/bin/bash -c rm ~/Desktop/old_backup.zip,0,0,0,2,0,2,0,0,0,0,0,0,0,0,0,0,0,0,0,0,0,0,0,0,0,0,0,0,0,0,0,0,0,0,0,0,0,0,0,0,0,0,0,0,0,2,2,0,0,0,0,0,0,0,0,0,0,0,0,0,0,0,3.096351119480036,3.2405659074363404
/bin/bash -c pwd,0,0,0,2,0,2,0,0,0,0,0,0,0,0,0,0,0,0,0,0,0,0,0,0,0,0,0,0,0,0,0,0,0,0,0,0,0,0,0,0,0,0,0,0,0,2,1,0,0,0,0,0,0,0,0,0,0,0,0,0,0,0,2.825046156391832,3.063975941440477
/bin/bash -c ls -a ~,0,0,0,2,0,2,0,0,0,0,0,0,0,0,0,0,0,0,0,0,0,0,0,0,0,0,0,0,0,0,0,0,0,0,0,0,0,0,0,0,0,0,0,0,0,2,2,0,0,0,0,0,0,0,0,0,0,0,0,0,0,0,2.5580510765444573,3.229975021790151
/bin/bash -c mkdir ~/Documents/archive,0,0,0,2,0,2,0,0,0,0,0,0,0,0,0,0,0,0,0,0,0,0,0,0,0,0,0,0,0,0,0,0,0,0,0,0,0,0,0,0,0,0,0,0,0,2,2,0,0,0,0,0,0,0,0,0,0,0,0,0,0,0,3.005966530526404,3.2387954361161264
/bin/bash -c ls ~/Downloads,0,0,0,2,0,2,0,0,0,0,0,0,0,0,0,0,0,0,0,0,0,0,0,0,0,0,0,0,0,0,0,0,0,0,0,0,0,0,0,0,0,0,0,0,0,2,2,0,0,0,0,0,0,0,0,0,0,0,0,0,0,0,2.68075775572209,3.2323991265515812
/bin/bash -c find / -name '*backup*',0,0,0,2,0,2,0,0,0,0,0,0,0,0,0,0,0,0,0,0,0,0,0,0,0,0,0,0,0,0,0,0,0,0,0,0,0,0,0,0,0,0,0,0,0,2,2,0,0,0,0,0,0,0,0,0,0,0,0,0,0,0,2.9725153511948013,3.238139392215215
/bin/bash -c du -sh ~/Downloads,0,0,0,2,0,2,0,0,0,0,0,0,0,0,0,0,0,0,0,0,0,0,0,0,0,0,0,0,0,0,0,0,0,0,0,0,0,0,0,0,0,0,0,0,0,2,2,0,0,0,0,0,0,0,0,0,0,0,0,0,0,0,2.8569247123128094,3.235869111862937
/bin/bash -c chmod 666 data.txt,0,0,0,2,0,2,0,0,0,0,0,0,0,0,0,0,0,0,0,0,0,0,0,0,0,0,0,0,0,0,0,0,0,0,0,0,0,0,0,0,0,0,0,0,0,2,2,0,0,0,0,0,0,0,0,0,0,0,0,0,0,0,2.627966183339949,3.231356934426207
/bin/bash -c tar -czvf work_backup.tar.gz ~/work -> /bin/sh -c gzip -> gzip,0,0,0,2,0,2,0,0,1,0,0,0,0,0,0,0,0,0,0,0,0,0,0,0,0,0,0,0,0,0,0,0,0,0,0,0,0,0,0,0,0,0,0,0,0,2,4,0,0,0,0,0,0,0,0,0,0,0,0,0,0,0,3.0032793931103012,3.513085735444154
/bin/sh -c gzip -> gzip,0,0,0,0,0,0,0,0,1,0,0,0,0,0,0,0,0,0,0,0,0,0,0,0,0,0,0,0,0,0,0,0,0,0,0,0,0,0,0,0,0,0,0,0,0,0,2,0,0,0,0,0,0,0,0,0,0,0,0,0,0,0,2.7630741894285697,2.3448336306102555
gzip,0,0,0,0,0,0,0,0,0,0,0,0,0,0,0,0,0,0,0,0,0,0,0,0,0,0,0,0,0,0,0,0,0,0,0,0,0,0,0,0,0,0,0,0,0,0,1,0,0,0,0,0,0,0,0,0,0,0,0,0,0,0,2.128085278891395,1.8023766798862095
/bin/bash -c grep 'error' /var/log/*,0,0,0,2,0,2,0,0,0,0,0,0,0,0,0,0,0,0,0,0,0,0,0,0,0,0,0,0,0,0,0,0,0,0,0,0,0,0,0,0,0,0,0,0,0,2,2,0,0,0,0,0,0,0,0,0,0,0,0,0,0,0,2.8563571870859708,3.235857952548907
ps,1,0,0,0,0,0,0,0,0,0,0,0,0,0,0,0,0,0,0,0,0,0,0,0,0,0,0,0,0,0,0,0,0,0,0,0,0,0,0,0,0,0,0,0,0,0,0,0,0,0,0,0,0,0,0,0,0,0,0,0,0,0,0.0,0.009950330853168083
/bin/bash -c ps aux,2,0,0,4,0,4,0,0,0,0,0,0,0,0,0,0,0,0,0,0,0,0,0,0,0,0,0,0,0,0,0,0,0,0,0,0,0,0,0,0,0,0,0,0,0,4,1,0,0,0,0,0,0,0,0,0,0,0,0,0,0,0,2.8057008608988823,3.3817715979867793
/bin/bash -c df -h,1,0,0,2,0,2,0,0,0,0,0,0,0,0,0,0,0,0,0,0,0,0,0,0,0,0,0,0,0,0,0,0,0,0,0,0,0,0,0,0,0,0,0,0,0,2,2,0,0,0,0,0,0,0,0,0,0,0,0,0,0,0,2.128085278891395,3.2218331532366045
/bin/bash -c zip -r project.zip ~/project_folder,0,0,0,2,0,2,0,0,0,0,0,0,0,0,0,0,0,0,0,0,0,0,0,0,0,0,0,0,0,0,0,0,0,0,0,0,0,0,0,0,0,0,0,0,0,2,1,0,0,0,0,0,0,0,0,0,0,0,0,0,0,0,3.1593701212256398,3.07175236568331
/bin/bash -c mv ~/Desktop/report.pdf ~/Documents/,0,0,0,2,0,2,0,0,0,0,0,0,0,0,0,0,0,0,0,0,0,0,0,0,0,0,0,0,0,0,0,0,0,0,0,0,0,0,0,0,0,0,0,0,0,2,2,0,0,0,0,0,0,0,0,0,0,0,0,0,0,0,2.8817827189754146,3.236357775573827
/bin/bash -c touch ~/Documents/notes.txt,0,0,0,2,0,2,0,0,0,0,0,0,0,0,0,0,0,0,0,0,0,0,0,0,0,0,0,0,0,0,0,0,0,0,0,0,0,0,0,0,0,0,0,0,0,2,2,0,0,0,0,0,0,0,0,0,0,0,0,0,0,0,2.7850879334359635,3.234455586314434
/bin/bash -c cat message.txt,0,0,0,2,0,2,0,0,0,0,0,0,0,0,0,0,0,0,0,0,0,0,0,0,0,0,0,0,0,0,0,0,0,0,0,0,0,0,0,0,0,0,0,0,0,2,2,0,0,0,0,0,0,0,0,0,0,0,0,0,0,0,2.574865137793185,3.230307535911825
/bin/bash -c tail -n 10 error.log,0,0,0,2,0,2,0,0,0,0,0,0,0,0,0,0,0,0,0,0,0,0,0,0,0,0,0,0,0,0,0,0,0,0,0,0,0,0,0,0,0,0,0,0,0,2,2,0,0,0,0,0,0,0,0,0,0,0,0,0,0,0,2.8397005586868334,3.2355303758676217
/bin/bash -c pwd,0,0,0,2,0,2,0,0,0,0,0,0,0,0,0,0,0,0,0,0,0,0,0,0,0,0,0,0,0,0,0,0,0,0,0,0,0,0,0,0,0,0,0,0,0,2,1,0,0,0,0,0,0,0,0,0,0,0,0,0,0,0,2.825046156391832,3.063975941440477
/bin/bash -c rm old_report.txt,0,0,0,2,0,2,0,0,0,0,0,0,0,0,0,0,0,0,0,0,0,0,0,0,0,0,0,0,0,0,0,0,0,0,0,0,0,0,0,0,0,0,0,0,0,2,2,0,0,0,0,0,0,0,0,0,0,0,0,0,0,0,2.692482312372207,3.232630441180462
/bin/bash -c tar -czvf home_backup.tar.gz ~/ -> /bin/sh -c gzip -> gzip,0,0,0,6,0,6,0,0,1,0,0,0,0,0,0,0,0,0,0,0,0,0,0,0,0,0,0,0,0,0,0,0,0,0,0,0,0,0,0,0,0,0,0,0,0,6,4,0,0,0,0,0,0,0,0,0,0,0,0,0,0,0,3.1106190404737735,3.9040978747807538
/bin/sh -c gzip -> gzip,0,0,0,0,0,0,0,0,1,0,0,0,0,0,0,0,0,0,0,0,0,0,0,0,0,0,0,0,0,0,0,0,0,0,0,0,0,0,0,0,0,0,0,0,0,0,2,0,0,0,0,0,0,0,0,0,0,0,0,0,0,0,2.7630741894285697,2.3448336306102555
gzip,0,0,0,0,0,0,0,0,0,0,0,0,0,0,0,0,0,0,0,0,0,0,0,0,0,0,0,0,0,0,0,0,0,0,0,0,0,0,0,0,0,0,0,0,0,0,1,0,0,0,0,0,0,0,0,0,0,0,0,0,0,0,2.128085278891395,1.8023766798862095
ps,1,0,0,0,0,0,0,0,0,0,0,0,0,0,0,0,0,0,0,0,0,0,0,0,0,0,0,0,0,0,0,0,0,0,0,0,0,0,0,0,0,0,0,0,0,0,0,0,0,0,0,0,0,0,0,0,0,0,0,0,0,0,0.0,0.009950330853168083
/bin/bash -c sudo apt install htop,1,0,0,2,0,2,1,0,0,0,0,0,0,0,0,0,0,0,0,0,0,0,0,0,0,0,0,0,0,0,0,0,1,0,1,0,0,0,1,0,0,0,0,0,0,2,2,0,0,0,0,0,0,0,0,1,0,0,0,0,0,0,2.7223757082758455,3.6602533040611496
apt install htop -> /usr/bin/dpkg --print-foreign-architectures,2,0,1,0,0,0,0,0,8,0,0,0,0,0,0,0,0,0,0,0,0,2,0,0,0,0,0,0,0,0,0,0,0,0,0,0,0,0,0,0,0,0,0,0,0,0,6,0,0,0,0,0,0,0,0,0,0,0,0,0,0,0,3.046258435293526,3.66210235669602
/usr/bin/dpkg --print-foreign-architectures,0,0,0,0,0,0,0,0,0,0,0,0,0,0,0,0,0,0,0,0,0,0,0,0,0,0,0,0,0,0,0,0,0,0,0,0,0,0,0,0,0,0,0,0,0,0,1,0,0,0,0,0,0,0,0,0,0,0,0,0,0,0,3.046258435293526,1.8753542021604113
/usr/bin/dpkg --print-foreign-architectures,0,0,0,0,0,0,0,0,0,0,0,0,0,0,0,0,0,0,0,0,0,0,0,0,0,0,0,0,0,0,0,0,0,0,0,0,0,0,0,0,0,0,0,0,0,0,1,0,0,0,0,0,0,0,0,0,0,0,0,0,0,0,3.046258435293526,1.8753542021604113
/usr/bin/dpkg --print-foreign-architectures,0,0,0,0,0,0,0,0,0,0,0,0,0,0,0,0,0,0,0,0,0,0,0,0,0,0,0,0,0,0,0,0,0,0,0,0,0,0,0,0,0,0,0,0,0,0,1,0,0,0,0,0,0,0,0,0,0,0,0,0,0,0,3.046258435293526,1.8753542021604113
sudo,0,0,0,0,0,0,0,0,0,0,0,0,0,0,0,0,0,0,0,0,0,0,0,0,0,0,0,0,0,0,0,0,0,0,0,0,0,0,0,0,0,0,0,0,0,0,0,0,0,0,0,0,0,0,0,0,0,0,0,0,0,0,0.0,0.0
/bin/bash -c rm /var/log/*.log,0,0,0,2,0,2,0,0,0,3,0,0,3,0,0,0,0,0,0,0,0,0,0,0,0,0,0,0,0,0,0,0,0,0,0,0,0,0,0,0,0,0,0,0,0,2,5,0,0,0,0,0,0,0,0,0,0,0,0,0,0,0,2.9031891139080295,3.6310277147222654
/bin/bash -c find /var/www -name 'index.html',0,0,0,2,0,2,0,0,0,0,0,0,0,0,0,0,0,0,0,0,0,0,0,0,0,0,0,0,0,0,0,0,0,0,0,0,0,0,0,0,0,0,0,0,0,2,2,0,0,0,0,0,0,0,0,0,0,0,0,0,0,0,3.0161995550161174,3.238996040061654
/bin/bash -c pstree,0,0,0,2,0,2,0,0,0,0,0,0,0,0,0,0,0,0,0,0,0,0,0,0,0,0,0,0,0,0,0,0,0,0,0,0,0,0,0,0,0,0,0,0,0,2,1,0,0,0,0,0,0,0,0,0,0,0,0,0,0,0,2.8625759375402717,3.064851908882007
/bin/bash -c touch new_file.txt,0,0,0,2,0,2,1,0,1,0,0,0,0,0,0,0,0,0,0,0,0,0,1,0,0,0,0,0,0,0,0,0,1,0,1,0,0,0,0,0,0,0,0,0,0,2,2,0,0,0,0,0,0,0,0,0,0,0,0,0,0,0,2.900306619292894,3.749507683209664
/bin/bash -c find . -mtime +30,0,0,0,2,0,2,0,0,0,0,0,0,0,0,0,0,0,0,0,0,0,0,0,0,0,0,0,0,0,0,0,0,0,0,0,0,0,0,0,0,0,0,0,0,0,2,2,0,0,0,0,0,0,0,0,0,0,0,0,0,0,0,2.825046156391832,3.235242087097522
/bin/bash -c ls -d /home/*/,0,0,0,2,0,2,0,0,0,0,0,0,0,0,0,0,0,0,0,0,0,0,0,0,0,0,0,0,0,0,0,0,0,0,0,0,0,0,0,0,0,0,0,0,0,2,2,0,0,0,0,0,0,0,0,0,0,0,0,0,0,0,2.816825179833395,3.2350803235158745
/bin/bash -c uname -r,0,0,0,2,0,2,0,0,0,0,0,0,0,0,0,0,0,0,0,0,0,0,0,0,0,0,0,0,0,0,0,0,0,0,0,0,0,0,0,0,0,0,0,0,0,2,2,0,0,0,0,0,0,0,0,0,0,0,0,0,0,0,2.5073801024236357,3.2289722856859178
/bin/bash -c du -sh .,0,0,0,2,0,2,0,0,0,0,0,0,0,0,0,0,0,0,0,0,0,0,0,0,0,0,0,0,0,0,0,0,0,0,0,0,0,0,0,0,0,0,0,0,0,2,2,0,0,0,0,0,0,0,0,0,0,0,0,0,0,0,2.40400975732486,3.2269235500298343
/bin/bash -c uptime,1,0,0,2,0,2,0,0,0,0,0,0,0,0,0,0,0,0,0,0,0,0,0,0,0,0,0,0,0,0,0,0,0,0,0,0,0,0,0,0,0,0,0,0,0,2,2,0,0,0,0,0,0,0,0,0,0,0,0,0,0,0,2.40400975732486,3.227320265156415
/bin/bash -c date '+%Y-%m-%d',0,0,0,2,0,2,0,0,0,0,0,0,0,0,0,0,0,0,0,0,0,0,0,0,0,0,0,0,0,0,0,0,0,0,0,0,0,0,0,0,0,0,0,0,0,2,2,0,0,0,0,0,0,0,0,0,0,0,0,0,0,0,2.5728786893420312,3.2302682577554123
/bin/bash -c grep 'warning' system.log,0,0,0,2,0,2,0,0,0,0,0,0,0,0,0,0,0,0,0,0,0,0,0,0,0,0,0,0,0,0,0,0,0,0,0,0,0,0,0,0,0,0,0,0,0,2,2,0,0,0,0,0,0,0,0,0,0,0,0,0,0,0,2.938199580230018,3.2374659444372296
/bin/bash -c tail -n 100 /var/log/syslog,0,0,0,2,0,2,0,0,0,0,0,0,0,0,0,0,0,0,0,0,0,0,0,0,0,0,0,0,0,0,0,0,0,0,0,0,0,0,0,0,0,0,0,0,0,2,2,0,0,0,0,0,0,0,0,0,0,0,0,0,0,0,2.925829277344909,3.237223065707915
/bin/bash -c sudo systemctl start apache2,0,0,0,2,0,2,0,0,0,0,0,0,0,0,0,0,0,0,0,0,0,0,0,0,0,0,0,0,0,0,0,0,0,0,0,0,0,0,0,0,0,0,0,0,0,2,2,0,0,0,0,0,0,0,0,0,0,0,0,0,0,0,2.8638121396362037,3.236004530216108
/bin/bash -c sudo systemctl stop apache2,0,0,0,2,0,2,0,0,0,0,0,0,0,0,0,0,0,0,0,0,0,0,0,0,0,0,0,0,0,0,0,0,0,0,0,0,0,0,0,0,0,0,0,0,0,2,2,0,0,0,0,0,0,0,0,0,0,0,0,0,0,0,2.8567843305824296,3.235866351532364
/bin/bash -c sudo systemctl restart apache2,0,0,0,2,0,2,0,0,0,0,0,0,0,0,0,0,0,0,0,0,0,0,0,0,0,0,0,0,0,0,0,0,0,0,0,0,0,0,0,0,0,0,0,0,0,2,2,0,0,0,0,0,0,0,0,0,0,0,0,0,0,0,2.8652561587897023,3.2360329197251785
ps,1,0,0,0,0,0,0,0,0,0,0,0,0,0,0,0,0,0,0,0,0,0,0,0,0,0,0,0,0,0,0,0,0,0,0,0,0,0,0,0,0,0,0,0,0,0,0,0,0,0,0,0,0,0,0,0,0,0,0,0,0,0,0.0,0.009950330853168083
/bin/bash -c free -h,0,0,0,2,0,2,0,0,0,0,0,0,0,0,0,0,0,0,0,0,0,0,0,0,0,0,0,0,0,0,0,0,0,0,0,0,0,0,0,0,0,0,0,0,0,2,2,0,0,0,0,0,0,0,0,0,0,0,0,0,0,0,2.2221915755066783,3.2233098117136683
/bin/bash -c touch ~/Documents/test_file.txt,0,0,0,2,0,2,0,0,0,0,0,0,0,0,0,0,0,0,0,0,0,0,0,0,0,0,0,0,0,0,0,0,0,0,0,0,0,0,0,0,0,0,0,0,0,2,2,0,0,0,0,0,0,0,0,0,0,0,0,0,0,0,2.9373389606434572,3.2374490489272985
/bin/bash -c du -sh *,0,0,0,2,0,2,0,0,0,0,0,0,0,0,0,0,0,0,0,0,0,0,0,0,0,0,0,0,0,0,0,0,0,0,0,0,0,0,0,0,0,0,0,0,0,2,2,0,0,0,0,0,0,0,0,0,0,0,0,0,0,0,3.2622475765232424,3.2438073860109853
/bin/bash -c ls -l my_file.txt,0,0,0,2,0,2,0,0,0,0,0,0,0,0,0,0,0,0,0,0,0,0,0,0,0,0,0,0,0,0,0,0,0,0,0,0,0,0,0,0,0,0,0,0,0,2,2,0,0,0,0,0,0,0,0,0,0,0,0,0,0,0,2.7870204292320575,3.2344936380163722
/bin/bash -c find / -type f -exec du -h {} + | sort -rh | head -n 10 -> find / -type f -exec du -h {} + -> du -h /sys/kernel/warn_count /sys/kernel/notes /sys/kernel/mm/page_idle/bitmap /sys/kernel/mm/lru_gen/enabled /sys/kernel/mm/lru_gen/min_ttl_ms /sys/kernel/mm/hugepages/hugepages-2048kB/free_hugepages /sys/kernel/mm/hugepages/hugepages-2048kB/resv_hugepages /sys/kernel/mm/hugepages/hugepages-2048kB/surplus_hugepages /sys/kernel/mm/hugepages/hugepages-2048kB/nr_hugepages_mempolic /sys/kernel/mm/hugepages/hugepages-2048kB/nr_hugepages -> du -h /sys/kernel/slab/kmalloc-rnd-06-64/validate /sys/kernel/slab/kmalloc-rnd-06-64/skip_kfence /sys/kernel/slab/kmalloc-rnd-06-64/min_partial /sys/kernel/slab/kmalloc-rnd-06-64/poison /sys/kernel/slab/kmalloc-rnd-06-64/red_zone /sys/kernel/slab/kmalloc-rnd-06-64/slabs /sys/kernel/slab/kmalloc-rnd-06-64/destroy_by_rcu /sys/kernel/slab/kmalloc-rnd-06-64/usersize /sys/kernel/slab/kmalloc-rnd-06-64/sanity_checks /sys/kernel/slab/kmalloc-rnd-06-64/align -> du -h /sys/kernel/slab/kmalloc-rcl-512/usersize /sys/kernel/slab/kmalloc-rcl-512/sanity_checks /sys/kernel/slab/kmalloc-rcl-512/align /sys/kernel/slab/kmalloc-rcl-512/aliases /sys/kernel/slab/kmalloc-rcl-512/store_user /sys/kernel/slab/kmalloc-rcl-512/trace /sys/kernel/slab/kmalloc-rcl-512/reclaim_account /sys/kernel/slab/kmalloc-rcl-512/order /sys/kernel/slab/kmalloc-rcl-512/object_size /sys/kernel/slab/kmalloc-rcl-512/shrink -> du -h /sys/kernel/slab/kmalloc-rnd-01-192/sanity_checks /sys/kernel/slab/kmalloc-rnd-01-192/align /sys/kernel/slab/kmalloc-rnd-01-192/aliases /sys/kernel/slab/kmalloc-rnd-01-192/store_user /sys/kernel/slab/kmalloc-rnd-01-192/trace /sys/kernel/slab/kmalloc-rnd-01-192/reclaim_account /sys/kernel/slab/kmalloc-rnd-01-192/order /sys/kernel/slab/kmalloc-rnd-01-192/object_size /sys/kernel/slab/kmalloc-rnd-01-192/shrink /sys/kernel/slab/kmalloc-rnd-01-192/hwcache_align -> du -h /sys/devices/platform/PNP0C14:00/wmi_bus/wmi_bus-PNP0C14:00/86C /sys/devices/platform/PNP0C14:00/wmi_bus/wmi_bus-PNP0C14:00/86C /sys/devices/platform/PNP0C14:00/wmi_bus/wmi_bus-PNP0C14:00/86C /sys/devices/platform/PNP0C14:00/wmi_bus/wmi_bus-PNP0C14:00/86C /sys/devices/platform/PNP0C14:00/wmi_bus/wmi_bus-PNP0C14:00/86C /sys/devices/platform/PNP0C14:00/wmi_bus/wmi_bus-PNP0C14:00/86C /sys/devices/platform/PNP0C14:00/wmi_bus/wmi_bus-PNP0C14:00/86C /sys/devices/platform/PNP0C14:00/wmi_bus/wmi_bus-PNP0C14:00/86C /sys/devices/platform/PNP0C14:00/wmi_bus/wmi_bus-PNP0C14:00/86C /sys/devices/platform/PNP0C14:00/wmi_bus/wmi_bus-PNP0C14:00/86C -> du -h /sys/devices/platform/serial8250/serial8250:0/serial8250:0.10/t /sys/devices/platform/serial8250/serial8250:0/serial8250:0.10/t /sys/devices/platform/serial8250/serial8250:0/serial8250:0.10/t /sys/devices/platform/serial8250/serial8250:0/serial8250:0.10/t /sys/devices/platform/serial8250/serial8250:0/serial8250:0.10/t /sys/devices/platform/serial8250/serial8250:0/serial8250:0.10/t /sys/devices/platform/serial8250/serial8250:0/serial8250:0.10/t /sys/devices/platform/serial8250/serial8250:0/serial8250:0.10/t /sys/devices/platform/serial8250/serial8250:0/serial8250:0.10/t /sys/devices/platform/serial8250/serial8250:0/serial8250:0.10/t -> du -h /sys/devices/pci0000:00/0000:00:17.0/ata3/host2/target2:0:0/2:0 /sys/devices/pci0000:00/0000:00:17.0/ata3/host2/target2:0:0/2:0 /sys/devices/pci0000:00/0000:00:17.0/ata3/host2/target2:0:0/2:0 /sys/devices/pci0000:00/0000:00:17.0/ata3/host2/target2:0:0/2:0 /sys/devices/pci0000:00/0000:00:17.0/ata3/host2/target2:0:0/2:0 /sys/devices/pci0000:00/0000:00:17.0/ata3/host2/target2:0:0/2:0 /sys/devices/pci0000:00/0000:00:17.0/ata3/host2/target2:0:0/2:0 /sys/devices/pci0000:00/0000:00:17.0/ata3/host2/target2:0:0/2:0 /sys/devices/pci0000:00/0000:00:17.0/ata3/host2/target2:0:0/2:0 /sys/devices/pci0000:00/0000:00:17.0/ata3/host2/target2:0:0/2:0 -> du -h /sys/devices/pci0000:00/0000:00:1f.3/hdaudioC0D0/widgets/21/pin /sys/devices/pci0000:00/0000:00:1f.3/hdaudioC0D0/widgets/21/amp /sys/devices/pci0000:00/0000:00:1f.3/hdaudioC0D0/widgets/21/con /sys/devices/pci0000:00/0000:00:1f.3/hdaudioC0D0/widgets/21/pin /sys/devices/pci0000:00/0000:00:1f.3/hdaudioC0D0/widgets/21/cap /sys/devices/pci0000:00/0000:00:1f.3/hdaudioC0D0/widgets/21/pow /sys/devices/pci0000:00/0000:00:1f.3/hdaudioC0D0/widgets/21/pcm /sys/devices/pci0000:00/0000:00:1f.3/hdaudioC0D0/widgets/11/pcm /sys/devices/pci0000:00/0000:00:1f.3/hdaudioC0D0/widgets/11/amp /sys/devices/pci0000:00/0000:00:1f.3/hdaudioC0D0/widgets/11/pin -> du -h /sys/devices/pci0000:00/0000:00:14.0/usb1/1-5/1-5:1.0/iad_bFunc /sys/devices/pci0000:00/0000:00:14.0/usb1/1-5/1-5:1.0/bInterfac /sys/devices/pci0000:00/0000:00:14.0/usb1/1-5/1-5:1.0/video4lin /sys/devices/pci0000:00/0000:00:14.0/usb1/1-5/1-5:1.0/video4lin /sys/devices/pci0000:00/0000:00:14.0/usb1/1-5/1-5:1.0/video4lin /sys/devices/pci0000:00/0000:00:14.0/usb1/1-5/1-5:1.0/video4lin /sys/devices/pci0000:00/0000:00:14.0/usb1/1-5/1-5:1.0/video4lin /sys/devices/pci0000:00/0000:00:14.0/usb1/1-5/1-5:1.0/video4lin /sys/devices/pci0000:00/0000:00:14.0/usb1/1-5/1-5:1.0/video4lin /sys/devices/pci0000:00/0000:00:14.0/usb1/1-5/1-5:1.0/video4lin -> du -h /sys/devices/pci0000:00/0000:00:1c.2/0000:02:00.0/subsystem_dev /sys/devices/pci0000:00/0000:00:1c.2/0000:02:00.0/dma_mask_bits /sys/devices/pci0000:00/0000:00:1c.2/0000:02:00.0/vendor /sys/devices/pci0000:00/0000:00:1c.2/0000:02:00.0/local_cpus /sys/devices/pci0000:00/0000:00:1c.2/0000:02:00.0/power/runtime /sys/devices/pci0000:00/0000:00:1c.2/0000:02:00.0/power/wakeup /sys/devices/pci0000:00/0000:00:1c.2/0000:02:00.0/power/wakeup_ /sys/devices/pci0000:00/0000:00:1c.2/0000:02:00.0/power/wakeup_ /sys/devices/pci0000:00/0000:00:1c.2/0000:02:00.0/power/wakeup_ /sys/devices/pci0000:00/0000:00:1c.2/0000:02:00.0/power/runtime -> du -h /sys/devices/virtual/thermal/thermal_zone2/trip_point_4_temp /sys/devices/virtual/thermal/thermal_zone2/trip_point_2_type /sys/devices/virtual/thermal/thermal_zone2/mode /sys/devices/virtual/thermal/thermal_zone2/power/runtime_active /sys/devices/virtual/thermal/thermal_zone2/power/runtime_active /sys/devices/virtual/thermal/thermal_zone2/power/runtime_usage /sys/devices/virtual/thermal/thermal_zone2/power/runtime_status /sys/devices/virtual/thermal/thermal_zone2/power/autosuspend_de /sys/devices/virtual/thermal/thermal_zone2/power/async /sys/devices/virtual/thermal/thermal_zone2/power/runtime_suspen -> du -h /sys/devices/virtual/block/loop19/queue/rotational /sys/devices/virtual/block/loop19/queue/discard_max_bytes /sys/devices/virtual/block/loop19/queue/add_random /sys/devices/virtual/block/loop19/queue/discard_max_hw_bytes /sys/devices/virtual/block/loop19/queue/optimal_io_size /sys/devices/virtual/block/loop19/queue/chunk_sectors /sys/devices/virtual/block/loop19/queue/read_ahead_kb /sys/devices/virtual/block/loop19/queue/max_discard_segments /sys/devices/virtual/block/loop19/queue/write_zeroes_max_bytes /sys/devices/virtual/block/loop19/queue/nomerges -> du -h /sys/devices/LNXSYSTM:00/LNXSYBUS:00/PNP0C0F:06/power/runtime_u /sys/devices/LNXSYSTM:00/LNXSYBUS:00/PNP0C0F:06/power/runtime_s /sys/devices/LNXSYSTM:00/LNXSYBUS:00/PNP0C0F:06/power/autosuspe /sys/devices/LNXSYSTM:00/LNXSYBUS:00/PNP0C0F:06/power/async /sys/devices/LNXSYSTM:00/LNXSYBUS:00/PNP0C0F:06/power/runtime_s /sys/devices/LNXSYSTM:00/LNXSYBUS:00/PNP0C0F:06/power/runtime_e /sys/devices/LNXSYSTM:00/LNXSYBUS:00/PNP0C0F:06/power/control /sys/devices/LNXSYSTM:00/LNXSYBUS:00/PNP0C0F:06/uid /sys/devices/LNXSYSTM:00/LNXSYBUS:00/PNP0C0F:06/hid /sys/devices/LNXSYSTM:00/LNXSYBUS:00/PNP0C0F:06/path -> du -h /sys/devices/LNXSYSTM:00/LNXSYBUS:00/PNP0A08:00/device:10/PNP01 /sys/devices/LNXSYSTM:00/LNXSYBUS:00/PNP0A08:00/device:10/PNP01 /sys/devices/LNXSYSTM:00/LNXSYBUS:00/PNP0A08:00/device:10/PNP01 /sys/devices/LNXSYSTM:00/LNXSYBUS:00/PNP0A08:00/device:10/PNP01 /sys/devices/LNXSYSTM:00/LNXSYBUS:00/PNP0A08:00/device:10/PNP0C /sys/devices/LNXSYSTM:00/LNXSYBUS:00/PNP0A08:00/device:10/PNP0C /sys/devices/LNXSYSTM:00/LNXSYBUS:00/PNP0A08:00/device:10/PNP0C /sys/devices/LNXSYSTM:00/LNXSYBUS:00/PNP0A08:00/device:10/PNP0C /sys/devices/LNXSYSTM:00/LNXSYBUS:00/PNP0A08:00/device:10/PNP0C /sys/devices/LNXSYSTM:00/LNXSYBUS:00/PNP0A08:00/device:10/PNP0C -> du -h /sys/devices/LNXSYSTM:00/LNXPWRBN:00/input/input3/id/bustype /sys/devices/LNXSYSTM:00/LNXPWRBN:00/input/input3/id/vendor /sys/devices/LNXSYSTM:00/LNXPWRBN:00/input/input3/id/product /sys/devices/LNXSYSTM:00/LNXPWRBN:00/input/input3/id/version /sys/devices/LNXSYSTM:00/LNXPWRBN:00/input/input3/event3/uevent /sys/devices/LNXSYSTM:00/LNXPWRBN:00/input/input3/event3/power/ /sys/devices/LNXSYSTM:00/LNXPWRBN:00/input/input3/event3/power/ /sys/devices/LNXSYSTM:00/LNXPWRBN:00/input/input3/event3/power/ /sys/devices/LNXSYSTM:00/LNXPWRBN:00/input/input3/event3/power/ /sys/devices/LNXSYSTM:00/LNXPWRBN:00/input/input3/event3/power/ -> du -h /sys/module/videobuf2_vmalloc/sections/__dyndbg /sys/module/videobuf2_vmalloc/sections/.gnu.linkonce.this_modul /sys/module/videobuf2_vmalloc/sections/.symtab /sys/module/videobuf2_vmalloc/sections/.rodata /sys/module/videobuf2_vmalloc/sections/.note.gnu.build-id /sys/module/videobuf2_vmalloc/sections/.text /sys/module/videobuf2_vmalloc/sections/.call_sites /sys/module/videobuf2_vmalloc/sections/.data /sys/module/videobuf2_vmalloc/sections/.smp_locks /sys/module/videobuf2_vmalloc/sections/__bug_table -> du -h /sys/module/vboxdrv/sections/.return_sites /sys/module/vboxdrv/sections/.gnu.linkonce.this_module /sys/module/vboxdrv/sections/.symtab /sys/module/vboxdrv/sections/.rodata /sys/module/vboxdrv/sections/.init.text /sys/module/vboxdrv/sections/.note.gnu.build-id /sys/module/vboxdrv/sections/.text /sys/module/vboxdrv/sections/.fixup /sys/module/vboxdrv/sections/.init.data /sys/module/vboxdrv/sections/.call_sites -> du -h /usr/share/bash-completion/completions/mkfs.bfs /usr/share/bash-completion/completions/nsenter /usr/share/bash-completion/completions/setterm /usr/share/bash-completion/completions/chmem /usr/share/bash-completion/completions/unshare /usr/share/bash-completion/completions/mkfs.minix /usr/share/bash-completion/completions/renice /usr/share/bash-completion/completions/su /usr/share/bash-completion/completions/scriptlive /usr/share/bash-completion/completions/ipcmk -> du -h /usr/lib/python3.12/test/typinganndata/ann_module5.py /usr/lib/python3.12/test/typinganndata/ann_module4.py /usr/lib/python3.12/io.py /usr/lib/python3.12/locale.py /usr/lib/python3.12/sched.py /usr/lib/python3.12/heapq.py /usr/lib/python3.12/copyreg.py /usr/lib/python3.12/selectors.py /usr/lib/python3.12/zipfile/_path/__init__.py /usr/lib/python3.12/zipfile/_path/__pycache__/glob.cpython-312. -> du -h /proc/3545/mem /proc/3545/mounts /proc/3545/mountinfo /proc/3545/mountstats /proc/3545/clear_refs /proc/3545/smaps /proc/3545/smaps_rollup /proc/3545/pagemap /proc/3545/attr/current /proc/3545/attr/prev -> head -n 10 -> sort -rh,0,0,0,2,0,2,0,0,0,0,0,0,0,0,0,0,0,0,0,0,0,0,0,0,0,0,0,0,0,0,0,0,0,0,0,0,0,0,0,0,0,0,0,0,0,2,84,0,0,0,0,0,0,0,0,0,0,0,0,0,0,0,3.32538682083584,5.868343615416465
find / -type f -exec du -h {} + -> du -h /sys/kernel/warn_count /sys/kernel/notes /sys/kernel/mm/page_idle/bitmap /sys/kernel/mm/lru_gen/enabled /sys/kernel/mm/lru_gen/min_ttl_ms /sys/kernel/mm/hugepages/hugepages-2048kB/free_hugepages /sys/kernel/mm/hugepages/hugepages-2048kB/resv_hugepages /sys/kernel/mm/hugepages/hugepages-2048kB/surplus_hugepages /sys/kernel/mm/hugepages/hugepages-2048kB/nr_hugepages_mempolic /sys/kernel/mm/hugepages/hugepages-2048kB/nr_hugepages -> du -h /sys/kernel/slab/kmalloc-rnd-06-64/validate /sys/kernel/slab/kmalloc-rnd-06-64/skip_kfence /sys/kernel/slab/kmalloc-rnd-06-64/min_partial /sys/kernel/slab/kmalloc-rnd-06-64/poison /sys/kernel/slab/kmalloc-rnd-06-64/red_zone /sys/kernel/slab/kmalloc-rnd-06-64/slabs /sys/kernel/slab/kmalloc-rnd-06-64/destroy_by_rcu /sys/kernel/slab/kmalloc-rnd-06-64/usersize /sys/kernel/slab/kmalloc-rnd-06-64/sanity_checks /sys/kernel/slab/kmalloc-rnd-06-64/align -> du -h /sys/kernel/slab/kmalloc-rcl-512/usersize /sys/kernel/slab/kmalloc-rcl-512/sanity_checks /sys/kernel/slab/kmalloc-rcl-512/align /sys/kernel/slab/kmalloc-rcl-512/aliases /sys/kernel/slab/kmalloc-rcl-512/store_user /sys/kernel/slab/kmalloc-rcl-512/trace /sys/kernel/slab/kmalloc-rcl-512/reclaim_account /sys/kernel/slab/kmalloc-rcl-512/order /sys/kernel/slab/kmalloc-rcl-512/object_size /sys/kernel/slab/kmalloc-rcl-512/shrink -> du -h /sys/kernel/slab/kmalloc-rnd-01-192/sanity_checks /sys/kernel/slab/kmalloc-rnd-01-192/align /sys/kernel/slab/kmalloc-rnd-01-192/aliases /sys/kernel/slab/kmalloc-rnd-01-192/store_user /sys/kernel/slab/kmalloc-rnd-01-192/trace /sys/kernel/slab/kmalloc-rnd-01-192/reclaim_account /sys/kernel/slab/kmalloc-rnd-01-192/order /sys/kernel/slab/kmalloc-rnd-01-192/object_size /sys/kernel/slab/kmalloc-rnd-01-192/shrink /sys/kernel/slab/kmalloc-rnd-01-192/hwcache_align -> du -h /sys/devices/platform/PNP0C14:00/wmi_bus/wmi_bus-PNP0C14:00/86C /sys/devices/platform/PNP0C14:00/wmi_bus/wmi_bus-PNP0C14:00/86C /sys/devices/platform/PNP0C14:00/wmi_bus/wmi_bus-PNP0C14:00/86C /sys/devices/platform/PNP0C14:00/wmi_bus/wmi_bus-PNP0C14:00/86C /sys/devices/platform/PNP0C14:00/wmi_bus/wmi_bus-PNP0C14:00/86C /sys/devices/platform/PNP0C14:00/wmi_bus/wmi_bus-PNP0C14:00/86C /sys/devices/platform/PNP0C14:00/wmi_bus/wmi_bus-PNP0C14:00/86C /sys/devices/platform/PNP0C14:00/wmi_bus/wmi_bus-PNP0C14:00/86C /sys/devices/platform/PNP0C14:00/wmi_bus/wmi_bus-PNP0C14:00/86C /sys/devices/platform/PNP0C14:00/wmi_bus/wmi_bus-PNP0C14:00/86C -> du -h /sys/devices/platform/serial8250/serial8250:0/serial8250:0.10/t /sys/devices/platform/serial8250/serial8250:0/serial8250:0.10/t /sys/devices/platform/serial8250/serial8250:0/serial8250:0.10/t /sys/devices/platform/serial8250/serial8250:0/serial8250:0.10/t /sys/devices/platform/serial8250/serial8250:0/serial8250:0.10/t /sys/devices/platform/serial8250/serial8250:0/serial8250:0.10/t /sys/devices/platform/serial8250/serial8250:0/serial8250:0.10/t /sys/devices/platform/serial8250/serial8250:0/serial8250:0.10/t /sys/devices/platform/serial8250/serial8250:0/serial8250:0.10/t /sys/devices/platform/serial8250/serial8250:0/serial8250:0.10/t -> du -h /sys/devices/pci0000:00/0000:00:17.0/ata3/host2/target2:0:0/2:0 /sys/devices/pci0000:00/0000:00:17.0/ata3/host2/target2:0:0/2:0 /sys/devices/pci0000:00/0000:00:17.0/ata3/host2/target2:0:0/2:0 /sys/devices/pci0000:00/0000:00:17.0/ata3/host2/target2:0:0/2:0 /sys/devices/pci0000:00/0000:00:17.0/ata3/host2/target2:0:0/2:0 /sys/devices/pci0000:00/0000:00:17.0/ata3/host2/target2:0:0/2:0 /sys/devices/pci0000:00/0000:00:17.0/ata3/host2/target2:0:0/2:0 /sys/devices/pci0000:00/0000:00:17.0/ata3/host2/target2:0:0/2:0 /sys/devices/pci0000:00/0000:00:17.0/ata3/host2/target2:0:0/2:0 /sys/devices/pci0000:00/0000:00:17.0/ata3/host2/target2:0:0/2:0 -> du -h /sys/devices/pci0000:00/0000:00:1f.3/hdaudioC0D0/widgets/21/pin /sys/devices/pci0000:00/0000:00:1f.3/hdaudioC0D0/widgets/21/amp /sys/devices/pci0000:00/0000:00:1f.3/hdaudioC0D0/widgets/21/con /sys/devices/pci0000:00/0000:00:1f.3/hdaudioC0D0/widgets/21/pin /sys/devices/pci0000:00/0000:00:1f.3/hdaudioC0D0/widgets/21/cap /sys/devices/pci0000:00/0000:00:1f.3/hdaudioC0D0/widgets/21/pow /sys/devices/pci0000:00/0000:00:1f.3/hdaudioC0D0/widgets/21/pcm /sys/devices/pci0000:00/0000:00:1f.3/hdaudioC0D0/widgets/11/pcm /sys/devices/pci0000:00/0000:00:1f.3/hdaudioC0D0/widgets/11/amp /sys/devices/pci0000:00/0000:00:1f.3/hdaudioC0D0/widgets/11/pin -> du -h /sys/devices/pci0000:00/0000:00:14.0/usb1/1-5/1-5:1.0/iad_bFunc /sys/devices/pci0000:00/0000:00:14.0/usb1/1-5/1-5:1.0/bInterfac /sys/devices/pci0000:00/0000:00:14.0/usb1/1-5/1-5:1.0/video4lin /sys/devices/pci0000:00/0000:00:14.0/usb1/1-5/1-5:1.0/video4lin /sys/devices/pci0000:00/0000:00:14.0/usb1/1-5/1-5:1.0/video4lin /sys/devices/pci0000:00/0000:00:14.0/usb1/1-5/1-5:1.0/video4lin /sys/devices/pci0000:00/0000:00:14.0/usb1/1-5/1-5:1.0/video4lin /sys/devices/pci0000:00/0000:00:14.0/usb1/1-5/1-5:1.0/video4lin /sys/devices/pci0000:00/0000:00:14.0/usb1/1-5/1-5:1.0/video4lin /sys/devices/pci0000:00/0000:00:14.0/usb1/1-5/1-5:1.0/video4lin -> du -h /sys/devices/pci0000:00/0000:00:1c.2/0000:02:00.0/subsystem_dev /sys/devices/pci0000:00/0000:00:1c.2/0000:02:00.0/dma_mask_bits /sys/devices/pci0000:00/0000:00:1c.2/0000:02:00.0/vendor /sys/devices/pci0000:00/0000:00:1c.2/0000:02:00.0/local_cpus /sys/devices/pci0000:00/0000:00:1c.2/0000:02:00.0/power/runtime /sys/devices/pci0000:00/0000:00:1c.2/0000:02:00.0/power/wakeup /sys/devices/pci0000:00/0000:00:1c.2/0000:02:00.0/power/wakeup_ /sys/devices/pci0000:00/0000:00:1c.2/0000:02:00.0/power/wakeup_ /sys/devices/pci0000:00/0000:00:1c.2/0000:02:00.0/power/wakeup_ /sys/devices/pci0000:00/0000:00:1c.2/0000:02:00.0/power/runtime -> du -h /sys/devices/virtual/thermal/thermal_zone2/trip_point_4_temp /sys/devices/virtual/thermal/thermal_zone2/trip_point_2_type /sys/devices/virtual/thermal/thermal_zone2/mode /sys/devices/virtual/thermal/thermal_zone2/power/runtime_active /sys/devices/virtual/thermal/thermal_zone2/power/runtime_active /sys/devices/virtual/thermal/thermal_zone2/power/runtime_usage /sys/devices/virtual/thermal/thermal_zone2/power/runtime_status /sys/devices/virtual/thermal/thermal_zone2/power/autosuspend_de /sys/devices/virtual/thermal/thermal_zone2/power/async /sys/devices/virtual/thermal/thermal_zone2/power/runtime_suspen -> du -h /sys/devices/virtual/block/loop19/queue/rotational /sys/devices/virtual/block/loop19/queue/discard_max_bytes /sys/devices/virtual/block/loop19/queue/add_random /sys/devices/virtual/block/loop19/queue/discard_max_hw_bytes /sys/devices/virtual/block/loop19/queue/optimal_io_size /sys/devices/virtual/block/loop19/queue/chunk_sectors /sys/devices/virtual/block/loop19/queue/read_ahead_kb /sys/devices/virtual/block/loop19/queue/max_discard_segments /sys/devices/virtual/block/loop19/queue/write_zeroes_max_bytes /sys/devices/virtual/block/loop19/queue/nomerges -> du -h /sys/devices/LNXSYSTM:00/LNXSYBUS:00/PNP0C0F:06/power/runtime_u /sys/devices/LNXSYSTM:00/LNXSYBUS:00/PNP0C0F:06/power/runtime_s /sys/devices/LNXSYSTM:00/LNXSYBUS:00/PNP0C0F:06/power/autosuspe /sys/devices/LNXSYSTM:00/LNXSYBUS:00/PNP0C0F:06/power/async /sys/devices/LNXSYSTM:00/LNXSYBUS:00/PNP0C0F:06/power/runtime_s /sys/devices/LNXSYSTM:00/LNXSYBUS:00/PNP0C0F:06/power/runtime_e /sys/devices/LNXSYSTM:00/LNXSYBUS:00/PNP0C0F:06/power/control /sys/devices/LNXSYSTM:00/LNXSYBUS:00/PNP0C0F:06/uid /sys/devices/LNXSYSTM:00/LNXSYBUS:00/PNP0C0F:06/hid /sys/devices/LNXSYSTM:00/LNXSYBUS:00/PNP0C0F:06/path -> du -h /sys/devices/LNXSYSTM:00/LNXSYBUS:00/PNP0A08:00/device:10/PNP01 /sys/devices/LNXSYSTM:00/LNXSYBUS:00/PNP0A08:00/device:10/PNP01 /sys/devices/LNXSYSTM:00/LNXSYBUS:00/PNP0A08:00/device:10/PNP01 /sys/devices/LNXSYSTM:00/LNXSYBUS:00/PNP0A08:00/device:10/PNP01 /sys/devices/LNXSYSTM:00/LNXSYBUS:00/PNP0A08:00/device:10/PNP0C /sys/devices/LNXSYSTM:00/LNXSYBUS:00/PNP0A08:00/device:10/PNP0C /sys/devices/LNXSYSTM:00/LNXSYBUS:00/PNP0A08:00/device:10/PNP0C /sys/devices/LNXSYSTM:00/LNXSYBUS:00/PNP0A08:00/device:10/PNP0C /sys/devices/LNXSYSTM:00/LNXSYBUS:00/PNP0A08:00/device:10/PNP0C /sys/devices/LNXSYSTM:00/LNXSYBUS:00/PNP0A08:00/device:10/PNP0C -> du -h /sys/devices/LNXSYSTM:00/LNXPWRBN:00/input/input3/id/bustype /sys/devices/LNXSYSTM:00/LNXPWRBN:00/input/input3/id/vendor /sys/devices/LNXSYSTM:00/LNXPWRBN:00/input/input3/id/product /sys/devices/LNXSYSTM:00/LNXPWRBN:00/input/input3/id/version /sys/devices/LNXSYSTM:00/LNXPWRBN:00/input/input3/event3/uevent /sys/devices/LNXSYSTM:00/LNXPWRBN:00/input/input3/event3/power/ /sys/devices/LNXSYSTM:00/LNXPWRBN:00/input/input3/event3/power/ /sys/devices/LNXSYSTM:00/LNXPWRBN:00/input/input3/event3/power/ /sys/devices/LNXSYSTM:00/LNXPWRBN:00/input/input3/event3/power/ /sys/devices/LNXSYSTM:00/LNXPWRBN:00/input/input3/event3/power/ -> du -h /sys/module/videobuf2_vmalloc/sections/__dyndbg /sys/module/videobuf2_vmalloc/sections/.gnu.linkonce.this_modul /sys/module/videobuf2_vmalloc/sections/.symtab /sys/module/videobuf2_vmalloc/sections/.rodata /sys/module/videobuf2_vmalloc/sections/.note.gnu.build-id /sys/module/videobuf2_vmalloc/sections/.text /sys/module/videobuf2_vmalloc/sections/.call_sites /sys/module/videobuf2_vmalloc/sections/.data /sys/module/videobuf2_vmalloc/sections/.smp_locks /sys/module/videobuf2_vmalloc/sections/__bug_table -> du -h /sys/module/vboxdrv/sections/.return_sites /sys/module/vboxdrv/sections/.gnu.linkonce.this_module /sys/module/vboxdrv/sections/.symtab /sys/module/vboxdrv/sections/.rodata /sys/module/vboxdrv/sections/.init.text /sys/module/vboxdrv/sections/.note.gnu.build-id /sys/module/vboxdrv/sections/.text /sys/module/vboxdrv/sections/.fixup /sys/module/vboxdrv/sections/.init.data /sys/module/vboxdrv/sections/.call_sites -> du -h /usr/share/bash-completion/completions/mkfs.bfs /usr/share/bash-completion/completions/nsenter /usr/share/bash-completion/completions/setterm /usr/share/bash-completion/completions/chmem /usr/share/bash-completion/completions/unshare /usr/share/bash-completion/completions/mkfs.minix /usr/share/bash-completion/completions/renice /usr/share/bash-completion/completions/su /usr/share/bash-completion/completions/scriptlive /usr/share/bash-completion/completions/ipcmk -> du -h /usr/lib/python3.12/test/typinganndata/ann_module5.py /usr/lib/python3.12/test/typinganndata/ann_module4.py /usr/lib/python3.12/io.py /usr/lib/python3.12/locale.py /usr/lib/python3.12/sched.py /usr/lib/python3.12/heapq.py /usr/lib/python3.12/copyreg.py /usr/lib/python3.12/selectors.py /usr/lib/python3.12/zipfile/_path/__init__.py /usr/lib/python3.12/zipfile/_path/__pycache__/glob.cpython-312. -> du -h /proc/3545/mem /proc/3545/mounts /proc/3545/mountinfo /proc/3545/mountstats /proc/3545/clear_refs /proc/3545/smaps /proc/3545/smaps_rollup /proc/3545/pagemap /proc/3545/attr/current /proc/3545/attr/prev,0,0,0,0,0,0,0,0,0,0,0,0,0,0,0,0,0,0,0,0,0,0,0,0,0,0,0,0,0,0,0,0,0,0,0,0,0,0,0,0,0,0,0,0,0,0,81,0,0,0,0,0,0,0,0,0,0,0,0,0,0,0,3.32538682083584,5.788928119893205
head -n 10,0,0,0,0,0,0,0,0,0,0,0,0,0,0,0,0,0,0,0,0,0,0,0,0,0,0,0,0,0,0,0,0,0,0,0,0,0,0,0,0,0,0,0,0,0,0,1,0,0,0,0,0,0,0,0,0,0,0,0,0,0,0,2.596791631981637,1.8402949685907477
sort -rh,0,0,0,0,0,0,0,0,0,0,0,0,0,0,0,0,0,0,0,0,0,0,0,0,0,0,0,0,0,0,0,0,0,0,0,0,0,0,0,0,0,0,0,0,0,0,1,0,0,0,0,0,0,0,0,0,0,0,0,0,0,0,2.353533948577482,1.8207949912634163
du -h /sys/kernel/warn_count /sys/kernel/notes /sys/kernel/mm/page_idle/bitmap /sys/kernel/mm/lru_gen/enabled /sys/kernel/mm/lru_gen/min_ttl_ms /sys/kernel/mm/hugepages/hugepages-2048kB/free_hugepages /sys/kernel/mm/hugepages/hugepages-2048kB/resv_hugepages /sys/kernel/mm/hugepages/hugepages-2048kB/surplus_hugepages /sys/kernel/mm/hugepages/hugepages-2048kB/nr_hugepages_mempolic /sys/kernel/mm/hugepages/hugepages-2048kB/nr_hugepages,0,0,0,0,0,0,0,0,0,0,0,0,0,0,0,0,0,0,0,0,0,0,0,0,0,0,0,0,0,0,0,0,0,0,0,0,0,0,0,0,0,0,0,0,0,0,4,0,0,0,0,0,0,0,0,0,0,0,0,0,0,0,3.1245284307165933,2.921130714279325
runc --root /var/run/docker/runtime-runc/moby --log /run/containerd/io.containerd.runtime.v2.task/moby/efa8f3a0a201 --log-format json --systemd-cgroup kill efa8f3a0a201d8e677fd79ce08e84e8e918f884a8467f85ef34789b4f9dac06 28 -> runc,4,0,0,0,0,0,0,0,0,0,0,0,0,0,0,0,0,0,0,0,0,0,0,0,0,0,0,0,0,0,0,0,0,0,0,0,0,0,0,0,0,0,0,0,0,0,2,0,0,0,0,0,0,0,0,0,0,0,0,0,0,0,3.4059332196378405,2.3742512715923483
du -h /sys/kernel/slab/kmalloc-rnd-06-64/validate /sys/kernel/slab/kmalloc-rnd-06-64/skip_kfence /sys/kernel/slab/kmalloc-rnd-06-64/min_partial /sys/kernel/slab/kmalloc-rnd-06-64/poison /sys/kernel/slab/kmalloc-rnd-06-64/red_zone /sys/kernel/slab/kmalloc-rnd-06-64/slabs /sys/kernel/slab/kmalloc-rnd-06-64/destroy_by_rcu /sys/kernel/slab/kmalloc-rnd-06-64/usersize /sys/kernel/slab/kmalloc-rnd-06-64/sanity_checks /sys/kernel/slab/kmalloc-rnd-06-64/align,0,0,0,0,0,0,0,0,0,0,0,0,0,0,0,0,0,0,0,0,0,0,0,0,0,0,0,0,0,0,0,0,0,0,0,0,0,0,0,0,0,0,0,0,0,0,4,0,0,0,0,0,0,0,0,0,0,0,0,0,0,0,3.144370625060825,2.9216650481679
runc,0,0,0,0,0,0,0,0,0,0,0,0,0,0,0,0,0,0,0,0,0,0,0,0,0,0,0,0,0,0,0,0,0,0,0,0,0,0,0,0,0,0,0,0,0,0,0,0,0,0,0,0,0,0,0,0,0,0,0,0,0,0,0.0,0.0
runc --root /var/run/docker/runtime-runc/moby --log /run/containerd/io.containerd.runtime.v2.task/moby/efa8f3a0a201 --log-format json --systemd-cgroup kill efa8f3a0a201d8e677fd79ce08e84e8e918f884a8467f85ef34789b4f9dac06 28 -> runc,4,0,0,0,0,0,0,0,0,0,0,0,0,0,0,0,0,0,0,0,0,0,0,0,0,0,0,0,0,0,0,0,0,0,0,0,0,0,0,0,0,0,0,0,0,0,2,0,0,0,0,0,0,0,0,0,0,0,0,0,0,0,3.4059332196378405,2.3742512715923483
runc,0,0,0,0,0,0,0,0,0,0,0,0,0,0,0,0,0,0,0,0,0,0,0,0,0,0,0,0,0,0,0,0,0,0,0,0,0,0,0,0,0,0,0,0,0,0,0,0,0,0,0,0,0,0,0,0,0,0,0,0,0,0,0.0,0.0
runc --root /var/run/docker/runtime-runc/moby --log /run/containerd/io.containerd.runtime.v2.task/moby/efa8f3a0a201 --log-format json --systemd-cgroup kill efa8f3a0a201d8e677fd79ce08e84e8e918f884a8467f85ef34789b4f9dac06 28 -> runc,4,0,0,0,0,0,0,0,0,0,0,0,0,0,0,0,0,0,0,0,0,0,0,0,0,0,0,0,0,0,0,0,0,0,0,0,0,0,0,0,0,0,0,0,0,0,2,0,0,0,0,0,0,0,0,0,0,0,0,0,0,0,3.4059332196378405,2.3742512715923483
du -h /sys/kernel/slab/kmalloc-rcl-512/usersize /sys/kernel/slab/kmalloc-rcl-512/sanity_checks /sys/kernel/slab/kmalloc-rcl-512/align /sys/kernel/slab/kmalloc-rcl-512/aliases /sys/kernel/slab/kmalloc-rcl-512/store_user /sys/kernel/slab/kmalloc-rcl-512/trace /sys/kernel/slab/kmalloc-rcl-512/reclaim_account /sys/kernel/slab/kmalloc-rcl-512/order /sys/kernel/slab/kmalloc-rcl-512/object_size /sys/kernel/slab/kmalloc-rcl-512/shrink,0,0,0,0,0,0,0,0,0,0,0,0,0,0,0,0,0,0,0,0,0,0,0,0,0,0,0,0,0,0,0,0,0,0,0,0,0,0,0,0,0,0,0,0,0,0,4,0,0,0,0,0,0,0,0,0,0,0,0,0,0,0,3.078184193504985,2.9198815889684413
runc,0,0,0,0,0,0,0,0,0,0,0,0,0,0,0,0,0,0,0,0,0,0,0,0,0,0,0,0,0,0,0,0,0,0,0,0,0,0,0,0,0,0,0,0,0,0,0,0,0,0,0,0,0,0,0,0,0,0,0,0,0,0,0.0,0.0
runc --root /var/run/docker/runtime-runc/moby --log /run/containerd/io.containerd.runtime.v2.task/moby/efa8f3a0a201 --log-format json --systemd-cgroup kill efa8f3a0a201d8e677fd79ce08e84e8e918f884a8467f85ef34789b4f9dac06 28 -> runc,4,0,0,0,0,0,0,0,0,0,0,0,0,0,0,0,0,0,0,0,0,0,0,0,0,0,0,0,0,0,0,0,0,0,0,0,0,0,0,0,0,0,0,0,0,0,2,0,0,0,0,0,0,0,0,0,0,0,0,0,0,0,3.4059332196378405,2.3742512715923483
runc,0,0,0,0,0,0,0,0,0,0,0,0,0,0,0,0,0,0,0,0,0,0,0,0,0,0,0,0,0,0,0,0,0,0,0,0,0,0,0,0,0,0,0,0,0,0,0,0,0,0,0,0,0,0,0,0,0,0,0,0,0,0,0.0,0.0
runc --root /var/run/docker/runtime-runc/moby --log /run/containerd/io.containerd.runtime.v2.task/moby/efa8f3a0a201 --log-format json --systemd-cgroup kill efa8f3a0a201d8e677fd79ce08e84e8e918f884a8467f85ef34789b4f9dac06 28 -> runc,4,0,0,0,0,0,0,0,0,0,0,0,0,0,0,0,0,0,0,0,0,0,0,0,0,0,0,0,0,0,0,0,0,0,0,0,0,0,0,0,0,0,0,0,0,0,2,0,0,0,0,0,0,0,0,0,0,0,0,0,0,0,3.4059332196378405,2.3742512715923483
runc,0,0,0,0,0,0,0,0,0,0,0,0,0,0,0,0,0,0,0,0,0,0,0,0,0,0,0,0,0,0,0,0,0,0,0,0,0,0,0,0,0,0,0,0,0,0,0,0,0,0,0,0,0,0,0,0,0,0,0,0,0,0,0.0,0.0
runc --root /var/run/docker/runtime-runc/moby --log /run/containerd/io.containerd.runtime.v2.task/moby/efa8f3a0a201 --log-format json --systemd-cgroup kill efa8f3a0a201d8e677fd79ce08e84e8e918f884a8467f85ef34789b4f9dac06 28 -> runc,4,0,0,0,0,0,0,0,0,0,0,0,0,0,0,0,0,0,0,0,0,0,0,0,0,0,0,0,0,0,0,0,0,0,0,0,0,0,0,0,0,0,0,0,0,0,2,0,0,0,0,0,0,0,0,0,0,0,0,0,0,0,3.4059332196378405,2.3742512715923483
du -h /sys/kernel/slab/kmalloc-rnd-01-192/sanity_checks /sys/kernel/slab/kmalloc-rnd-01-192/align /sys/kernel/slab/kmalloc-rnd-01-192/aliases /sys/kernel/slab/kmalloc-rnd-01-192/store_user /sys/kernel/slab/kmalloc-rnd-01-192/trace /sys/kernel/slab/kmalloc-rnd-01-192/reclaim_account /sys/kernel/slab/kmalloc-rnd-01-192/order /sys/kernel/slab/kmalloc-rnd-01-192/object_size /sys/kernel/slab/kmalloc-rnd-01-192/shrink /sys/kernel/slab/kmalloc-rnd-01-192/hwcache_align,0,0,0,0,0,0,0,0,0,0,0,0,0,0,0,0,0,0,0,0,0,0,0,0,0,0,0,0,0,0,0,0,0,0,0,0,0,0,0,0,0,0,0,0,0,0,4,0,0,0,0,0,0,0,0,0,0,0,0,0,0,0,3.1638842042170636,2.922190254409107
runc,0,0,0,0,0,0,0,0,0,0,0,0,0,0,0,0,0,0,0,0,0,0,0,0,0,0,0,0,0,0,0,0,0,0,0,0,0,0,0,0,0,0,0,0,0,0,0,0,0,0,0,0,0,0,0,0,0,0,0,0,0,0,0.0,0.0
runc --root /var/run/docker/runtime-runc/moby --log /run/containerd/io.containerd.runtime.v2.task/moby/efa8f3a0a201 --log-format json --systemd-cgroup kill efa8f3a0a201d8e677fd79ce08e84e8e918f884a8467f85ef34789b4f9dac06 28 -> runc,4,0,0,0,0,0,0,0,0,0,0,0,0,0,0,0,0,0,0,0,0,0,0,0,0,0,0,0,0,0,0,0,0,0,0,0,0,0,0,0,0,0,0,0,0,0,2,0,0,0,0,0,0,0,0,0,0,0,0,0,0,0,3.4059332196378405,2.3742512715923483
runc,0,0,0,0,0,0,0,0,0,0,0,0,0,0,0,0,0,0,0,0,0,0,0,0,0,0,0,0,0,0,0,0,0,0,0,0,0,0,0,0,0,0,0,0,0,0,0,0,0,0,0,0,0,0,0,0,0,0,0,0,0,0,0.0,0.0
runc --root /var/run/docker/runtime-runc/moby --log /run/containerd/io.containerd.runtime.v2.task/moby/efa8f3a0a201 --log-format json --systemd-cgroup kill efa8f3a0a201d8e677fd79ce08e84e8e918f884a8467f85ef34789b4f9dac06 28 -> runc,4,0,0,0,0,0,0,0,0,0,0,0,0,0,0,0,0,0,0,0,0,0,0,0,0,0,0,0,0,0,0,0,0,0,0,0,0,0,0,0,0,0,0,0,0,0,2,0,0,0,0,0,0,0,0,0,0,0,0,0,0,0,3.4059332196378405,2.3742512715923483
runc,0,0,0,0,0,0,0,0,0,0,0,0,0,0,0,0,0,0,0,0,0,0,0,0,0,0,0,0,0,0,0,0,0,0,0,0,0,0,0,0,0,0,0,0,0,0,0,0,0,0,0,0,0,0,0,0,0,0,0,0,0,0,0.0,0.0
runc --root /var/run/docker/runtime-runc/moby --log /run/containerd/io.containerd.runtime.v2.task/moby/efa8f3a0a201 --log-format json --systemd-cgroup kill efa8f3a0a201d8e677fd79ce08e84e8e918f884a8467f85ef34789b4f9dac06 28 -> runc,4,0,0,0,0,0,0,0,0,0,0,0,0,0,0,0,0,0,0,0,0,0,0,0,0,0,0,0,0,0,0,0,0,0,0,0,0,0,0,0,0,0,0,0,0,0,2,0,0,0,0,0,0,0,0,0,0,0,0,0,0,0,3.4059332196378405,2.3742512715923483
runc,0,0,0,0,0,0,0,0,0,0,0,0,0,0,0,0,0,0,0,0,0,0,0,0,0,0,0,0,0,0,0,0,0,0,0,0,0,0,0,0,0,0,0,0,0,0,0,0,0,0,0,0,0,0,0,0,0,0,0,0,0,0,0.0,0.0
runc --root /var/run/docker/runtime-runc/moby --log /run/containerd/io.containerd.runtime.v2.task/moby/efa8f3a0a201 --log-format json --systemd-cgroup kill efa8f3a0a201d8e677fd79ce08e84e8e918f884a8467f85ef34789b4f9dac06 28 -> runc,4,0,0,0,0,0,0,0,0,0,0,0,0,0,0,0,0,0,0,0,0,0,0,0,0,0,0,0,0,0,0,0,0,0,0,0,0,0,0,0,0,0,0,0,0,0,2,0,0,0,0,0,0,0,0,0,0,0,0,0,0,0,3.4059332196378405,2.3742512715923483
du -h /sys/devices/platform/PNP0C14:00/wmi_bus/wmi_bus-PNP0C14:00/86C /sys/devices/platform/PNP0C14:00/wmi_bus/wmi_bus-PNP0C14:00/86C /sys/devices/platform/PNP0C14:00/wmi_bus/wmi_bus-PNP0C14:00/86C /sys/devices/platform/PNP0C14:00/wmi_bus/wmi_bus-PNP0C14:00/86C /sys/devices/platform/PNP0C14:00/wmi_bus/wmi_bus-PNP0C14:00/86C /sys/devices/platform/PNP0C14:00/wmi_bus/wmi_bus-PNP0C14:00/86C /sys/devices/platform/PNP0C14:00/wmi_bus/wmi_bus-PNP0C14:00/86C /sys/devices/platform/PNP0C14:00/wmi_bus/wmi_bus-PNP0C14:00/86C /sys/devices/platform/PNP0C14:00/wmi_bus/wmi_bus-PNP0C14:00/86C /sys/devices/platform/PNP0C14:00/wmi_bus/wmi_bus-PNP0C14:00/86C,0,0,0,0,0,0,0,0,0,0,0,0,0,0,0,0,0,0,0,0,0,0,0,0,0,0,0,0,0,0,0,0,0,0,0,0,0,0,0,0,0,0,0,0,0,0,4,0,0,0,0,0,0,0,0,0,0,0,0,0,0,0,3.306903720524683,2.9260312153046053
runc,0,0,0,0,0,0,0,0,0,0,0,0,0,0,0,0,0,0,0,0,0,0,0,0,0,0,0,0,0,0,0,0,0,0,0,0,0,0,0,0,0,0,0,0,0,0,0,0,0,0,0,0,0,0,0,0,0,0,0,0,0,0,0.0,0.0
runc --root /var/run/docker/runtime-runc/moby --log /run/containerd/io.containerd.runtime.v2.task/moby/efa8f3a0a201 --log-format json --systemd-cgroup kill efa8f3a0a201d8e677fd79ce08e84e8e918f884a8467f85ef34789b4f9dac06 28 -> runc,4,0,0,0,0,0,0,0,0,0,0,0,0,0,0,0,0,0,0,0,0,0,0,0,0,0,0,0,0,0,0,0,0,0,0,0,0,0,0,0,0,0,0,0,0,0,2,0,0,0,0,0,0,0,0,0,0,0,0,0,0,0,3.4059332196378405,2.3742512715923483
runc,0,0,0,0,0,0,0,0,0,0,0,0,0,0,0,0,0,0,0,0,0,0,0,0,0,0,0,0,0,0,0,0,0,0,0,0,0,0,0,0,0,0,0,0,0,0,0,0,0,0,0,0,0,0,0,0,0,0,0,0,0,0,0.0,0.0
runc --root /var/run/docker/runtime-runc/moby --log /run/containerd/io.containerd.runtime.v2.task/moby/efa8f3a0a201 --log-format json --systemd-cgroup kill efa8f3a0a201d8e677fd79ce08e84e8e918f884a8467f85ef34789b4f9dac06 28 -> runc,4,0,0,0,0,0,0,0,0,0,0,0,0,0,0,0,0,0,0,0,0,0,0,0,0,0,0,0,0,0,0,0,0,0,0,0,0,0,0,0,0,0,0,0,0,0,2,0,0,0,0,0,0,0,0,0,0,0,0,0,0,0,3.4059332196378405,2.3742512715923483
du -h /sys/devices/platform/serial8250/serial8250:0/serial8250:0.10/t /sys/devices/platform/serial8250/serial8250:0/serial8250:0.10/t /sys/devices/platform/serial8250/serial8250:0/serial8250:0.10/t /sys/devices/platform/serial8250/serial8250:0/serial8250:0.10/t /sys/devices/platform/serial8250/serial8250:0/serial8250:0.10/t /sys/devices/platform/serial8250/serial8250:0/serial8250:0.10/t /sys/devices/platform/serial8250/serial8250:0/serial8250:0.10/t /sys/devices/platform/serial8250/serial8250:0/serial8250:0.10/t /sys/devices/platform/serial8250/serial8250:0/serial8250:0.10/t /sys/devices/platform/serial8250/serial8250:0/serial8250:0.10/t,0,0,0,0,0,0,0,0,0,0,0,0,0,0,0,0,0,0,0,0,0,0,0,0,0,0,0,0,0,0,0,0,0,0,0,0,0,0,0,0,0,0,0,0,0,0,4,0,0,0,0,0,0,0,0,0,0,0,0,0,0,0,3.1139572491698875,2.9208459244827294
runc,0,0,0,0,0,0,0,0,0,0,0,0,0,0,0,0,0,0,0,0,0,0,0,0,0,0,0,0,0,0,0,0,0,0,0,0,0,0,0,0,0,0,0,0,0,0,0,0,0,0,0,0,0,0,0,0,0,0,0,0,0,0,0.0,0.0
runc --root /var/run/docker/runtime-runc/moby --log /run/containerd/io.containerd.runtime.v2.task/moby/efa8f3a0a201 --log-format json --systemd-cgroup kill efa8f3a0a201d8e677fd79ce08e84e8e918f884a8467f85ef34789b4f9dac06 28 -> runc,4,0,0,0,0,0,0,0,0,0,0,0,0,0,0,0,0,0,0,0,0,0,0,0,0,0,0,0,0,0,0,0,0,0,0,0,0,0,0,0,0,0,0,0,0,0,2,0,0,0,0,0,0,0,0,0,0,0,0,0,0,0,3.4059332196378405,2.3742512715923483
runc,0,0,0,0,0,0,0,0,0,0,0,0,0,0,0,0,0,0,0,0,0,0,0,0,0,0,0,0,0,0,0,0,0,0,0,0,0,0,0,0,0,0,0,0,0,0,0,0,0,0,0,0,0,0,0,0,0,0,0,0,0,0,0.0,0.0
du -h /sys/devices/pci0000:00/0000:00:17.0/ata3/host2/target2:0:0/2:0 /sys/devices/pci0000:00/0000:00:17.0/ata3/host2/target2:0:0/2:0 /sys/devices/pci0000:00/0000:00:17.0/ata3/host2/target2:0:0/2:0 /sys/devices/pci0000:00/0000:00:17.0/ata3/host2/target2:0:0/2:0 /sys/devices/pci0000:00/0000:00:17.0/ata3/host2/target2:0:0/2:0 /sys/devices/pci0000:00/0000:00:17.0/ata3/host2/target2:0:0/2:0 /sys/devices/pci0000:00/0000:00:17.0/ata3/host2/target2:0:0/2:0 /sys/devices/pci0000:00/0000:00:17.0/ata3/host2/target2:0:0/2:0 /sys/devices/pci0000:00/0000:00:17.0/ata3/host2/target2:0:0/2:0 /sys/devices/pci0000:00/0000:00:17.0/ata3/host2/target2:0:0/2:0,0,0,0,0,0,0,0,0,0,0,0,0,0,0,0,0,0,0,0,0,0,0,0,0,0,0,0,0,0,0,0,0,0,0,0,0,0,0,0,0,0,0,0,0,0,0,4,0,0,0,0,0,0,0,0,0,0,0,0,0,0,0,2.9110168643834102,2.915362885936756
du -h /sys/devices/pci0000:00/0000:00:1f.3/hdaudioC0D0/widgets/21/pin /sys/devices/pci0000:00/0000:00:1f.3/hdaudioC0D0/widgets/21/amp /sys/devices/pci0000:00/0000:00:1f.3/hdaudioC0D0/widgets/21/con /sys/devices/pci0000:00/0000:00:1f.3/hdaudioC0D0/widgets/21/pin /sys/devices/pci0000:00/0000:00:1f.3/hdaudioC0D0/widgets/21/cap /sys/devices/pci0000:00/0000:00:1f.3/hdaudioC0D0/widgets/21/pow /sys/devices/pci0000:00/0000:00:1f.3/hdaudioC0D0/widgets/21/pcm /sys/devices/pci0000:00/0000:00:1f.3/hdaudioC0D0/widgets/11/pcm /sys/devices/pci0000:00/0000:00:1f.3/hdaudioC0D0/widgets/11/amp /sys/devices/pci0000:00/0000:00:1f.3/hdaudioC0D0/widgets/11/pin,0,0,0,0,0,0,0,0,0,0,0,0,0,0,0,0,0,0,0,0,0,0,0,0,0,0,0,0,0,0,0,0,0,0,0,0,0,0,0,0,0,0,0,0,0,0,4,0,0,0,0,0,0,0,0,0,0,0,0,0,0,0,3.054182919590065,2.9192340641236743
du -h /sys/devices/pci0000:00/0000:00:14.0/usb1/1-5/1-5:1.0/iad_bFunc /sys/devices/pci0000:00/0000:00:14.0/usb1/1-5/1-5:1.0/bInterfac /sys/devices/pci0000:00/0000:00:14.0/usb1/1-5/1-5:1.0/video4lin /sys/devices/pci0000:00/0000:00:14.0/usb1/1-5/1-5:1.0/video4lin /sys/devices/pci0000:00/0000:00:14.0/usb1/1-5/1-5:1.0/video4lin /sys/devices/pci0000:00/0000:00:14.0/usb1/1-5/1-5:1.0/video4lin /sys/devices/pci0000:00/0000:00:14.0/usb1/1-5/1-5:1.0/video4lin /sys/devices/pci0000:00/0000:00:14.0/usb1/1-5/1-5:1.0/video4lin /sys/devices/pci0000:00/0000:00:14.0/usb1/1-5/1-5:1.0/video4lin /sys/devices/pci0000:00/0000:00:14.0/usb1/1-5/1-5:1.0/video4lin,0,0,0,0,0,0,0,0,0,0,0,0,0,0,0,0,0,0,0,0,0,0,0,0,0,0,0,0,0,0,0,0,0,0,0,0,0,0,0,0,0,0,0,0,0,0,4,0,0,0,0,0,0,0,0,0,0,0,0,0,0,0,2.9894065787259807,2.9174843824070416
du -h /sys/devices/pci0000:00/0000:00:1c.2/0000:02:00.0/subsystem_dev /sys/devices/pci0000:00/0000:00:1c.2/0000:02:00.0/dma_mask_bits /sys/devices/pci0000:00/0000:00:1c.2/0000:02:00.0/vendor /sys/devices/pci0000:00/0000:00:1c.2/0000:02:00.0/local_cpus /sys/devices/pci0000:00/0000:00:1c.2/0000:02:00.0/power/runtime /sys/devices/pci0000:00/0000:00:1c.2/0000:02:00.0/power/wakeup /sys/devices/pci0000:00/0000:00:1c.2/0000:02:00.0/power/wakeup_ /sys/devices/pci0000:00/0000:00:1c.2/0000:02:00.0/power/wakeup_ /sys/devices/pci0000:00/0000:00:1c.2/0000:02:00.0/power/wakeup_ /sys/devices/pci0000:00/0000:00:1c.2/0000:02:00.0/power/runtime,0,0,0,0,0,0,0,0,0,0,0,0,0,0,0,0,0,0,0,0,0,0,0,0,0,0,0,0,0,0,0,0,0,0,0,0,0,0,0,0,0,0,0,0,0,0,4,0,0,0,0,0,0,0,0,0,0,0,0,0,0,0,2.8614609388777295,2.9140194057003557
du -h /sys/devices/virtual/thermal/thermal_zone2/trip_point_4_temp /sys/devices/virtual/thermal/thermal_zone2/trip_point_2_type /sys/devices/virtual/thermal/thermal_zone2/mode /sys/devices/virtual/thermal/thermal_zone2/power/runtime_active /sys/devices/virtual/thermal/thermal_zone2/power/runtime_active /sys/devices/virtual/thermal/thermal_zone2/power/runtime_usage /sys/devices/virtual/thermal/thermal_zone2/power/runtime_status /sys/devices/virtual/thermal/thermal_zone2/power/autosuspend_de /sys/devices/virtual/thermal/thermal_zone2/power/async /sys/devices/virtual/thermal/thermal_zone2/power/runtime_suspen,0,0,0,0,0,0,0,0,0,0,0,0,0,0,0,0,0,0,0,0,0,0,0,0,0,0,0,0,0,0,0,0,0,0,0,0,0,0,0,0,0,0,0,0,0,0,4,0,0,0,0,0,0,0,0,0,0,0,0,0,0,0,3.1223995125363504,2.921073367309159
du -h /sys/devices/virtual/block/loop19/queue/rotational /sys/devices/virtual/block/loop19/queue/discard_max_bytes /sys/devices/virtual/block/loop19/queue/add_random /sys/devices/virtual/block/loop19/queue/discard_max_hw_bytes /sys/devices/virtual/block/loop19/queue/optimal_io_size /sys/devices/virtual/block/loop19/queue/chunk_sectors /sys/devices/virtual/block/loop19/queue/read_ahead_kb /sys/devices/virtual/block/loop19/queue/max_discard_segments /sys/devices/virtual/block/loop19/queue/write_zeroes_max_bytes /sys/devices/virtual/block/loop19/queue/nomerges,0,0,0,0,0,0,0,0,0,0,0,0,0,0,0,0,0,0,0,0,0,0,0,0,0,0,0,0,0,0,0,0,0,0,0,0,0,0,0,0,0,0,0,0,0,0,4,0,0,0,0,0,0,0,0,0,0,0,0,0,0,0,3.187757954707082,2.92283243931901
du -h /sys/devices/LNXSYSTM:00/LNXSYBUS:00/PNP0C0F:06/power/runtime_u /sys/devices/LNXSYSTM:00/LNXSYBUS:00/PNP0C0F:06/power/runtime_s /sys/devices/LNXSYSTM:00/LNXSYBUS:00/PNP0C0F:06/power/autosuspe /sys/devices/LNXSYSTM:00/LNXSYBUS:00/PNP0C0F:06/power/async /sys/devices/LNXSYSTM:00/LNXSYBUS:00/PNP0C0F:06/power/runtime_s /sys/devices/LNXSYSTM:00/LNXSYBUS:00/PNP0C0F:06/power/runtime_e /sys/devices/LNXSYSTM:00/LNXSYBUS:00/PNP0C0F:06/power/control /sys/devices/LNXSYSTM:00/LNXSYBUS:00/PNP0C0F:06/uid /sys/devices/LNXSYSTM:00/LNXSYBUS:00/PNP0C0F:06/hid /sys/devices/LNXSYSTM:00/LNXSYBUS:00/PNP0C0F:06/path,0,0,0,0,0,0,0,0,0,0,0,0,0,0,0,0,0,0,0,0,0,0,0,0,0,0,0,0,0,0,0,0,0,0,0,0,0,0,0,0,0,0,0,0,0,0,4,0,0,0,0,0,0,0,0,0,0,0,0,0,0,0,3.32538682083584,2.926526526397296
du -h /sys/devices/LNXSYSTM:00/LNXSYBUS:00/PNP0A08:00/device:10/PNP01 /sys/devices/LNXSYSTM:00/LNXSYBUS:00/PNP0A08:00/device:10/PNP01 /sys/devices/LNXSYSTM:00/LNXSYBUS:00/PNP0A08:00/device:10/PNP01 /sys/devices/LNXSYSTM:00/LNXSYBUS:00/PNP0A08:00/device:10/PNP01 /sys/devices/LNXSYSTM:00/LNXSYBUS:00/PNP0A08:00/device:10/PNP0C /sys/devices/LNXSYSTM:00/LNXSYBUS:00/PNP0A08:00/device:10/PNP0C /sys/devices/LNXSYSTM:00/LNXSYBUS:00/PNP0A08:00/device:10/PNP0C /sys/devices/LNXSYSTM:00/LNXSYBUS:00/PNP0A08:00/device:10/PNP0C /sys/devices/LNXSYSTM:00/LNXSYBUS:00/PNP0A08:00/device:10/PNP0C /sys/devices/LNXSYSTM:00/LNXSYBUS:00/PNP0A08:00/device:10/PNP0C,0,0,0,0,0,0,0,0,0,0,0,0,0,0,0,0,0,0,0,0,0,0,0,0,0,0,0,0,0,0,0,0,0,0,0,0,0,0,0,0,0,0,0,0,0,0,4,0,0,0,0,0,0,0,0,0,0,0,0,0,0,0,3.118580000744934,2.920970472336064
runc --root /var/run/docker/runtime-runc/moby --log /run/containerd/io.containerd.runtime.v2.task/moby/efa8f3a0a201 --log-format json --systemd-cgroup kill efa8f3a0a201d8e677fd79ce08e84e8e918f884a8467f85ef34789b4f9dac06 28 -> runc,4,0,0,0,0,0,0,0,0,0,0,0,0,0,0,0,0,0,0,0,0,0,0,0,0,0,0,0,0,0,0,0,0,0,0,0,0,0,0,0,0,0,0,0,0,0,2,0,0,0,0,0,0,0,0,0,0,0,0,0,0,0,3.4059332196378405,2.3742512715923483
runc,0,0,0,0,0,0,0,0,0,0,0,0,0,0,0,0,0,0,0,0,0,0,0,0,0,0,0,0,0,0,0,0,0,0,0,0,0,0,0,0,0,0,0,0,0,0,0,0,0,0,0,0,0,0,0,0,0,0,0,0,0,0,0.0,0.0
du -h /sys/devices/LNXSYSTM:00/LNXPWRBN:00/input/input3/id/bustype /sys/devices/LNXSYSTM:00/LNXPWRBN:00/input/input3/id/vendor /sys/devices/LNXSYSTM:00/LNXPWRBN:00/input/input3/id/product /sys/devices/LNXSYSTM:00/LNXPWRBN:00/input/input3/id/version /sys/devices/LNXSYSTM:00/LNXPWRBN:00/input/input3/event3/uevent /sys/devices/LNXSYSTM:00/LNXPWRBN:00/input/input3/event3/power/ /sys/devices/LNXSYSTM:00/LNXPWRBN:00/input/input3/event3/power/ /sys/devices/LNXSYSTM:00/LNXPWRBN:00/input/input3/event3/power/ /sys/devices/LNXSYSTM:00/LNXPWRBN:00/input/input3/event3/power/ /sys/devices/LNXSYSTM:00/LNXPWRBN:00/input/input3/event3/power/,0,0,0,0,0,0,0,0,0,0,0,0,0,0,0,0,0,0,0,0,0,0,0,0,0,0,0,0,0,0,0,0,0,0,0,0,0,0,0,0,0,0,0,0,0,0,4,0,0,0,0,0,0,0,0,0,0,0,0,0,0,0,3.290607914616553,2.9255943158475013
runc --root /var/run/docker/runtime-runc/moby --log /run/containerd/io.containerd.runtime.v2.task/moby/efa8f3a0a201 --log-format json --systemd-cgroup kill efa8f3a0a201d8e677fd79ce08e84e8e918f884a8467f85ef34789b4f9dac06 28 -> runc,4,0,0,0,0,0,0,0,0,0,0,0,0,0,0,0,0,0,0,0,0,0,0,0,0,0,0,0,0,0,0,0,0,0,0,0,0,0,0,0,0,0,0,0,0,0,2,0,0,0,0,0,0,0,0,0,0,0,0,0,0,0,3.4059332196378405,2.3742512715923483
runc,0,0,0,0,0,0,0,0,0,0,0,0,0,0,0,0,0,0,0,0,0,0,0,0,0,0,0,0,0,0,0,0,0,0,0,0,0,0,0,0,0,0,0,0,0,0,0,0,0,0,0,0,0,0,0,0,0,0,0,0,0,0,0.0,0.0
runc --root /var/run/docker/runtime-runc/moby --log /run/containerd/io.containerd.runtime.v2.task/moby/efa8f3a0a201 --log-format json --systemd-cgroup kill efa8f3a0a201d8e677fd79ce08e84e8e918f884a8467f85ef34789b4f9dac06 28 -> runc,4,0,0,0,0,0,0,0,0,0,0,0,0,0,0,0,0,0,0,0,0,0,0,0,0,0,0,0,0,0,0,0,0,0,0,0,0,0,0,0,0,0,0,0,0,0,2,0,0,0,0,0,0,0,0,0,0,0,0,0,0,0,3.4059332196378405,2.3742512715923483
runc,0,0,0,0,0,0,0,0,0,0,0,0,0,0,0,0,0,0,0,0,0,0,0,0,0,0,0,0,0,0,0,0,0,0,0,0,0,0,0,0,0,0,0,0,0,0,0,0,0,0,0,0,0,0,0,0,0,0,0,0,0,0,0.0,0.0
du -h /sys/module/videobuf2_vmalloc/sections/__dyndbg /sys/module/videobuf2_vmalloc/sections/.gnu.linkonce.this_modul /sys/module/videobuf2_vmalloc/sections/.symtab /sys/module/videobuf2_vmalloc/sections/.rodata /sys/module/videobuf2_vmalloc/sections/.note.gnu.build-id /sys/module/videobuf2_vmalloc/sections/.text /sys/module/videobuf2_vmalloc/sections/.call_sites /sys/module/videobuf2_vmalloc/sections/.data /sys/module/videobuf2_vmalloc/sections/.smp_locks /sys/module/videobuf2_vmalloc/sections/__bug_table,0,0,0,0,0,0,0,0,0,0,0,0,0,0,0,0,0,0,0,0,0,0,0,0,0,0,0,0,0,0,0,0,0,0,0,0,0,0,0,0,0,0,0,0,0,0,4,0,0,0,0,0,0,0,0,0,0,0,0,0,0,0,3.1475809232191656,2.921751472015798
runc --root /var/run/docker/runtime-runc/moby --log /run/containerd/io.containerd.runtime.v2.task/moby/efa8f3a0a201 --log-format json --systemd-cgroup kill efa8f3a0a201d8e677fd79ce08e84e8e918f884a8467f85ef34789b4f9dac06 28 -> runc,4,0,0,0,0,0,0,0,0,0,0,0,0,0,0,0,0,0,0,0,0,0,0,0,0,0,0,0,0,0,0,0,0,0,0,0,0,0,0,0,0,0,0,0,0,0,2,0,0,0,0,0,0,0,0,0,0,0,0,0,0,0,3.4059332196378405,2.3742512715923483
runc,0,0,0,0,0,0,0,0,0,0,0,0,0,0,0,0,0,0,0,0,0,0,0,0,0,0,0,0,0,0,0,0,0,0,0,0,0,0,0,0,0,0,0,0,0,0,0,0,0,0,0,0,0,0,0,0,0,0,0,0,0,0,0.0,0.0
runc --root /var/run/docker/runtime-runc/moby --log /run/containerd/io.containerd.runtime.v2.task/moby/efa8f3a0a201 --log-format json --systemd-cgroup kill efa8f3a0a201d8e677fd79ce08e84e8e918f884a8467f85ef34789b4f9dac06 28 -> runc,4,0,0,0,0,0,0,0,0,0,0,0,0,0,0,0,0,0,0,0,0,0,0,0,0,0,0,0,0,0,0,0,0,0,0,0,0,0,0,0,0,0,0,0,0,0,2,0,0,0,0,0,0,0,0,0,0,0,0,0,0,0,3.4059332196378405,2.3742512715923483
runc,0,0,0,0,0,0,0,0,0,0,0,0,0,0,0,0,0,0,0,0,0,0,0,0,0,0,0,0,0,0,0,0,0,0,0,0,0,0,0,0,0,0,0,0,0,0,0,0,0,0,0,0,0,0,0,0,0,0,0,0,0,0,0.0,0.0
du -h /sys/module/vboxdrv/sections/.return_sites /sys/module/vboxdrv/sections/.gnu.linkonce.this_module /sys/module/vboxdrv/sections/.symtab /sys/module/vboxdrv/sections/.rodata /sys/module/vboxdrv/sections/.init.text /sys/module/vboxdrv/sections/.note.gnu.build-id /sys/module/vboxdrv/sections/.text /sys/module/vboxdrv/sections/.fixup /sys/module/vboxdrv/sections/.init.data /sys/module/vboxdrv/sections/.call_sites,0,0,0,0,0,0,0,0,0,0,0,0,0,0,0,0,0,0,0,0,0,0,0,0,0,0,0,0,0,0,0,0,0,0,0,0,0,0,0,0,0,0,0,0,0,0,4,0,0,0,0,0,0,0,0,0,0,0,0,0,0,0,3.1043206267564947,2.9205862412148518
runc --root /var/run/docker/runtime-runc/moby --log /run/containerd/io.containerd.runtime.v2.task/moby/efa8f3a0a201 --log-format json --systemd-cgroup kill efa8f3a0a201d8e677fd79ce08e84e8e918f884a8467f85ef34789b4f9dac06 28 -> runc,4,0,0,0,0,0,0,0,0,0,0,0,0,0,0,0,0,0,0,0,0,0,0,0,0,0,0,0,0,0,0,0,0,0,0,0,0,0,0,0,0,0,0,0,0,0,2,0,0,0,0,0,0,0,0,0,0,0,0,0,0,0,3.4059332196378405,2.3742512715923483
runc,0,0,0,0,0,0,0,0,0,0,0,0,0,0,0,0,0,0,0,0,0,0,0,0,0,0,0,0,0,0,0,0,0,0,0,0,0,0,0,0,0,0,0,0,0,0,0,0,0,0,0,0,0,0,0,0,0,0,0,0,0,0,0.0,0.0
runc --root /var/run/docker/runtime-runc/moby --log /run/containerd/io.containerd.runtime.v2.task/moby/efa8f3a0a201 --log-format json --systemd-cgroup kill efa8f3a0a201d8e677fd79ce08e84e8e918f884a8467f85ef34789b4f9dac06 28 -> runc,4,0,0,0,0,0,0,0,0,0,0,0,0,0,0,0,0,0,0,0,0,0,0,0,0,0,0,0,0,0,0,0,0,0,0,0,0,0,0,0,0,0,0,0,0,0,2,0,0,0,0,0,0,0,0,0,0,0,0,0,0,0,3.4059332196378405,2.3742512715923483
runc,0,0,0,0,0,0,0,0,0,0,0,0,0,0,0,0,0,0,0,0,0,0,0,0,0,0,0,0,0,0,0,0,0,0,0,0,0,0,0,0,0,0,0,0,0,0,0,0,0,0,0,0,0,0,0,0,0,0,0,0,0,0,0.0,0.0
runc --root /var/run/docker/runtime-runc/moby --log /run/containerd/io.containerd.runtime.v2.task/moby/efa8f3a0a201 --log-format json --systemd-cgroup kill efa8f3a0a201d8e677fd79ce08e84e8e918f884a8467f85ef34789b4f9dac06 28 -> runc,4,0,0,0,0,0,0,0,0,0,0,0,0,0,0,0,0,0,0,0,0,0,0,0,0,0,0,0,0,0,0,0,0,0,0,0,0,0,0,0,0,0,0,0,0,0,2,0,0,0,0,0,0,0,0,0,0,0,0,0,0,0,3.4059332196378405,2.3742512715923483
runc,0,0,0,0,0,0,0,0,0,0,0,0,0,0,0,0,0,0,0,0,0,0,0,0,0,0,0,0,0,0,0,0,0,0,0,0,0,0,0,0,0,0,0,0,0,0,0,0,0,0,0,0,0,0,0,0,0,0,0,0,0,0,0.0,0.0
runc --root /var/run/docker/runtime-runc/moby --log /run/containerd/io.containerd.runtime.v2.task/moby/efa8f3a0a201 --log-format json --systemd-cgroup kill efa8f3a0a201d8e677fd79ce08e84e8e918f884a8467f85ef34789b4f9dac06 28 -> runc,4,0,0,0,0,0,0,0,0,0,0,0,0,0,0,0,0,0,0,0,0,0,0,0,0,0,0,0,0,0,0,0,0,0,0,0,0,0,0,0,0,0,0,0,0,0,2,0,0,0,0,0,0,0,0,0,0,0,0,0,0,0,3.4059332196378405,2.3742512715923483
runc,0,0,0,0,0,0,0,0,0,0,0,0,0,0,0,0,0,0,0,0,0,0,0,0,0,0,0,0,0,0,0,0,0,0,0,0,0,0,0,0,0,0,0,0,0,0,0,0,0,0,0,0,0,0,0,0,0,0,0,0,0,0,0.0,0.0
du -h /usr/share/bash-completion/completions/mkfs.bfs /usr/share/bash-completion/completions/nsenter /usr/share/bash-completion/completions/setterm /usr/share/bash-completion/completions/chmem /usr/share/bash-completion/completions/unshare /usr/share/bash-completion/completions/mkfs.minix /usr/share/bash-completion/completions/renice /usr/share/bash-completion/completions/su /usr/share/bash-completion/completions/scriptlive /usr/share/bash-completion/completions/ipcmk,0,0,0,0,0,0,0,0,0,0,0,0,0,0,0,0,0,0,0,0,0,0,0,0,0,0,0,0,0,0,0,0,0,0,0,0,0,0,0,0,0,0,0,0,0,0,4,0,0,0,0,0,0,0,0,0,0,0,0,0,0,0,3.0463859157454705,2.9190236202904916
du -h /usr/lib/python3.12/test/typinganndata/ann_module5.py /usr/lib/python3.12/test/typinganndata/ann_module4.py /usr/lib/python3.12/io.py /usr/lib/python3.12/locale.py /usr/lib/python3.12/sched.py /usr/lib/python3.12/heapq.py /usr/lib/python3.12/copyreg.py /usr/lib/python3.12/selectors.py /usr/lib/python3.12/zipfile/_path/__init__.py /usr/lib/python3.12/zipfile/_path/__pycache__/glob.cpython-312.,0,0,0,0,0,0,0,0,0,0,0,0,0,0,0,0,0,0,0,0,0,0,0,0,0,0,0,0,0,0,0,0,0,0,0,0,0,0,0,0,0,0,0,0,0,0,4,0,0,0,0,0,0,0,0,0,0,0,0,0,0,0,3.238482450460535,2.924195520493906
du -h /proc/3545/mem /proc/3545/mounts /proc/3545/mountinfo /proc/3545/mountstats /proc/3545/clear_refs /proc/3545/smaps /proc/3545/smaps_rollup /proc/3545/pagemap /proc/3545/attr/current /proc/3545/attr/prev,0,0,0,0,0,0,0,0,0,0,0,0,0,0,0,0,0,0,0,0,0,0,0,0,0,0,0,0,0,0,0,0,0,0,0,0,0,0,0,0,0,0,0,0,0,0,4,0,0,0,0,0,0,0,0,0,0,0,0,0,0,0,3.013690410286733,2.9181406747358882
/bin/bash -c find ~/Pictures -name '*.jpg',0,0,0,2,0,2,0,0,0,0,0,0,0,0,0,0,0,0,0,0,0,0,0,0,0,0,0,0,0,0,0,0,0,0,0,0,0,0,0,0,0,0,0,0,0,2,2,0,0,0,0,0,0,0,0,0,0,0,0,0,0,0,3.192596757917139,3.242447746458783
/bin/bash -c cat config.txt,0,0,0,2,0,2,0,0,0,0,0,0,0,0,0,0,0,0,0,0,0,0,0,0,0,0,0,0,0,0,0,0,0,0,0,0,0,0,0,0,0,0,0,0,0,2,2,0,0,0,0,0,0,0,0,0,0,0,0,0,0,0,2.652878689342031,3.231848883452419
ps,1,0,0,0,0,0,0,0,0,0,0,0,0,0,0,0,0,0,0,0,0,0,0,0,0,0,0,0,0,0,0,0,0,0,0,0,0,0,0,0,0,0,0,0,0,0,0,0,0,0,0,0,0,0,0,0,0,0,0,0,0,0,0.0,0.009950330853168083
/bin/bash -c ls -lt,0,0,0,2,0,2,0,0,0,0,0,0,0,0,0,0,0,0,0,0,0,0,0,0,0,0,0,0,0,0,0,0,0,0,0,0,0,0,0,0,0,0,0,0,0,2,2,0,0,0,0,0,0,0,0,0,0,0,0,0,0,0,2.0588138903312014,3.2200514114021184
/bin/bash -c grep -r 'error' .,7,0,0,2,0,2,0,0,0,0,0,0,0,0,0,0,0,0,0,0,0,0,0,0,0,0,0,0,0,0,0,0,0,0,0,0,0,0,0,0,0,0,0,0,0,2,2,0,0,0,0,0,0,0,0,0,0,0,0,0,0,0,2.2773276830375746,3.2271877386654606
/bin/bash -c hostname,0,0,0,2,0,2,0,0,0,0,0,0,0,0,0,0,0,0,0,0,0,0,0,0,0,0,0,0,0,0,0,0,0,0,0,0,0,0,0,0,0,0,0,0,0,2,2,0,0,0,0,0,0,0,0,0,0,0,0,0,0,0,2.596791631981637,3.230740987240622
/bin/bash -c top,3,0,0,4,0,4,0,0,0,0,0,4,0,0,0,0,0,0,0,0,0,0,0,0,0,0,0,0,0,0,0,0,0,0,0,0,0,0,0,0,0,0,0,0,0,4,2,0,0,0,0,0,0,0,0,0,0,0,0,0,0,0,1.9219280948873623,3.4974454260020056
/bin/bash -c ps aux | wc -l -> wc -l -> ps,2,0,0,4,0,4,0,0,0,0,0,0,0,0,0,0,0,0,0,0,0,0,0,0,0,0,0,0,0,0,0,0,0,0,0,0,0,0,0,0,0,0,0,0,0,2,2,0,0,0,0,0,0,0,0,0,0,0,0,0,0,0,2.9566114705266875,3.3843328289935157
wc -l,0,0,0,0,0,0,0,0,0,0,0,0,0,0,0,0,0,0,0,0,0,0,0,0,0,0,0,0,0,0,0,0,0,0,0,0,0,0,0,0,0,0,0,0,0,0,1,0,0,0,0,0,0,0,0,0,0,0,0,0,0,0,2.128085278891395,1.8023766798862095
ps,2,0,0,2,0,2,0,0,0,0,0,0,0,0,0,0,0,0,0,0,0,0,0,0,0,0,0,0,0,0,0,0,0,0,0,0,0,0,0,0,0,0,0,0,0,2,0,0,0,0,0,0,0,0,0,0,0,0,0,0,0,0,0.0,2.7738379416402132
/bin/bash -c who,0,0,0,2,0,2,0,0,0,0,0,0,0,0,0,0,0,0,0,0,0,0,0,0,0,0,0,0,0,0,0,0,0,0,0,0,0,0,0,0,0,0,0,0,0,2,2,0,0,0,0,0,0,0,0,0,0,0,0,0,0,0,1.9219280948873623,3.2173131664510115
/bin/bash -c snap list,0,0,0,2,0,2,0,0,0,0,0,0,0,0,0,0,0,0,0,0,0,0,0,0,0,0,0,0,0,0,0,0,0,0,0,0,0,0,0,0,0,0,0,0,0,2,1,0,0,0,0,0,0,0,0,0,0,0,0,0,0,0,2.782060459463407,3.0629716860172906
/bin/bash -c rm *.bak,0,0,0,2,0,2,0,0,0,0,0,0,0,0,0,0,0,0,0,0,0,0,0,0,0,0,0,0,0,0,0,0,0,0,0,0,0,0,0,0,0,0,0,0,0,2,2,0,0,0,0,0,0,0,0,0,0,0,0,0,0,0,2.5073801024236357,3.2289722856859178
/bin/bash -c mkdir temp_backup,0,0,0,2,0,2,0,0,0,0,0,1,0,0,0,0,0,0,0,0,0,0,0,0,0,0,0,0,0,0,0,0,0,0,0,0,0,0,0,0,0,0,0,0,0,2,2,0,0,0,0,0,0,0,0,0,0,0,0,0,0,0,2.8702169899311403,3.2365235239328873
pool-tracker-mi,5,1,0,0,0,0,0,0,0,0,0,0,0,0,0,0,0,0,0,0,0,0,0,0,0,0,0,0,0,0,0,0,0,0,0,0,0,0,0,0,0,0,0,0,0,0,0,0,0,0,0,0,0,0,0,0,0,0,0,0,0,0,0.0,0.07696104113612832
/bin/bash -c uptime -p,0,0,0,2,0,2,0,0,0,0,0,0,0,0,0,0,0,0,0,0,0,0,0,0,0,0,0,0,0,0,0,0,0,0,0,0,0,0,0,0,0,0,0,0,0,2,2,0,0,0,0,0,0,0,0,0,0,0,0,0,0,0,2.4634582986483036,3.228102295751375
/bin/bash -c cd ~/Downloads,0,0,0,2,0,2,0,0,0,0,0,0,0,0,0,0,0,0,0,0,0,0,0,0,0,0,0,0,0,0,0,0,0,0,0,0,0,0,0,0,0,0,0,0,0,2,1,0,0,0,0,0,0,0,0,0,0,0,0,0,0,0,2.941890713561153,3.0667006424434815
/bin/bash -c history,0,0,0,2,0,2,0,0,0,0,0,0,0,0,0,0,0,0,0,0,0,0,0,0,0,0,0,0,0,0,0,0,0,0,0,0,0,0,0,0,0,0,0,0,0,2,1,0,0,0,0,0,0,0,0,0,0,0,0,0,0,0,2.8582296369090874,3.064750502913974
/bin/bash -c sudo systemctl start mysql,0,0,0,2,0,2,0,0,0,0,0,0,0,0,0,0,0,0,0,0,0,0,0,0,0,0,0,0,0,0,0,0,0,0,0,0,0,0,0,0,0,0,0,0,0,2,2,0,0,0,0,0,0,0,0,0,0,0,0,0,0,0,2.742583405563956,3.2336182868906485
/bin/bash -c sudo systemctl stop mysql,0,0,0,2,0,2,0,0,0,0,0,0,0,0,0,0,0,0,0,0,0,0,0,0,0,0,0,0,0,0,0,0,0,0,0,0,0,0,0,0,0,0,0,0,0,2,2,0,0,0,0,0,0,0,0,0,0,0,0,0,0,0,2.7145625720287434,3.2330659190120197
/bin/bash -c sudo systemctl status apache2,0,0,0,2,0,2,0,0,0,0,0,0,0,0,0,0,0,0,0,0,0,0,0,0,0,0,0,0,0,0,0,0,0,0,0,0,0,0,0,0,0,0,0,0,0,2,2,0,0,0,0,0,0,0,0,0,0,0,0,0,0,0,2.800642347442704,3.2347618185792473
systemd-logind,0,0,0,0,0,1,0,0,0,0,0,0,0,0,0,0,0,0,0,0,0,0,0,0,0,0,0,0,0,0,0,0,0,0,0,0,0,0,0,0,0,0,0,0,0,0,0,0,0,0,0,0,0,0,0,0,0,0,0,0,0,0,0.0,0.6931471805599453
ps,1,0,0,0,0,0,0,0,0,0,0,0,0,0,0,0,0,0,0,0,0,0,0,0,0,0,0,0,0,0,0,0,0,0,0,0,0,0,0,0,0,0,0,0,0,0,0,0,0,0,0,0,0,0,0,0,0,0,0,0,0,0,0.0,0.009950330853168083
/bin/bash -c grep -r 'backup' .,7,0,0,2,0,2,0,0,0,0,0,0,0,0,0,0,0,0,0,0,0,0,0,0,0,0,0,0,0,0,0,0,0,0,0,0,0,0,0,0,0,0,0,0,0,2,2,0,0,0,0,0,0,0,0,0,0,0,0,0,0,0,2.7630741894285697,3.236776137821619
/bin/bash -c tree,0,0,0,2,0,2,0,0,0,0,0,0,0,0,0,0,0,0,0,0,0,0,0,0,0,0,0,0,0,0,0,0,0,0,0,0,0,0,0,0,0,0,0,0,0,2,1,0,0,0,0,0,0,0,0,0,0,0,0,0,0,0,2.813051032754936,3.0636958062177415
/bin/bash -c mv old_name.txt new_name.txt,0,0,0,2,0,2,0,0,0,0,0,0,0,0,0,0,0,0,0,0,0,0,0,0,0,0,0,0,0,0,0,0,0,0,0,0,0,0,0,0,0,0,0,0,0,2,2,0,0,0,0,0,0,0,0,0,0,0,0,0,0,0,2.8026004939154463,3.2348003635393927
/bin/bash -c df -h,1,0,0,2,0,2,0,0,0,0,0,0,0,0,0,0,0,0,0,0,0,0,0,0,0,0,0,0,0,0,0,0,0,0,0,0,0,0,0,0,0,0,0,0,0,2,2,0,0,0,0,0,0,0,0,0,0,0,0,0,0,0,2.128085278891395,3.2218331532366045
/bin/bash -c sudo chown -R user1 data/ -> sudo,1,0,0,2,0,2,1,0,0,0,0,0,0,0,0,0,0,0,0,0,0,0,0,0,0,0,0,0,0,0,0,0,1,0,1,0,0,0,1,0,0,0,0,0,0,2,2,0,0,0,0,0,0,0,0,1,0,0,0,0,0,0,3.0053919583315656,3.663887131081
chown -R user1 data/,0,0,0,2,0,2,0,0,0,0,0,0,0,0,0,0,0,0,0,0,0,0,0,0,0,0,0,0,0,0,0,0,0,0,0,0,0,0,0,0,0,0,0,0,0,2,1,0,0,0,0,0,0,0,0,0,0,0,0,0,0,0,3.044394119358454,3.0690848239336264
sudo,0,0,0,0,0,0,0,0,0,0,0,0,0,0,0,0,0,0,0,0,0,0,0,0,0,0,0,0,0,0,0,0,0,0,0,0,0,0,0,0,0,0,0,0,0,0,0,0,0,0,0,0,0,0,0,0,0,0,0,0,0,0,0.0,0.0
/bin/bash -c grep 'Linux' readme.txt,0,0,0,2,0,2,0,0,0,0,0,0,0,0,0,0,0,0,0,0,0,0,0,0,0,0,0,0,0,0,0,0,0,0,0,0,0,0,0,0,0,0,0,0,0,2,2,0,0,0,0,0,0,0,0,0,0,0,0,0,0,0,2.890168567571515,3.236522572426183
/bin/bash -c clear,0,0,0,2,0,2,0,0,0,0,0,0,0,0,0,0,0,0,0,0,0,0,0,0,0,0,0,0,0,0,0,0,0,0,0,0,0,0,0,0,0,0,0,0,0,2,2,0,0,0,0,0,0,0,0,0,0,0,0,0,0,0,2.2810361125534233,3.2244808098024764
/bin/bash -c tail -n 50 /var/log/syslog,0,0,0,2,0,2,0,0,0,0,0,0,0,0,0,0,0,0,0,0,0,0,0,0,0,0,0,0,0,0,0,0,0,0,0,0,0,0,0,0,0,0,0,0,0,2,2,0,0,0,0,0,0,0,0,0,0,0,0,0,0,0,2.922580416010842,3.2371592677292336
/bin/bash -c wc -l document.txt,0,0,0,2,0,2,0,0,0,0,0,0,0,0,0,0,0,0,0,0,0,0,0,0,0,0,0,0,0,0,0,0,0,0,0,0,0,0,0,0,0,0,0,0,0,2,2,0,0,0,0,0,0,0,0,0,0,0,0,0,0,0,2.8458657801839315,3.2356516363714793
/bin/bash -c du -sh /,0,0,0,2,0,2,0,0,0,0,0,0,0,0,0,0,0,0,0,0,0,0,0,0,0,0,0,0,0,0,0,0,0,0,0,0,0,0,0,0,0,0,0,0,0,2,2,0,0,0,0,0,0,0,0,0,0,0,0,0,0,0,2.40400975732486,3.2269235500298343
ps,1,0,0,0,0,0,0,0,0,0,0,0,0,0,0,0,0,0,0,0,0,0,0,0,0,0,0,0,0,0,0,0,0,0,0,0,0,0,0,0,0,0,0,0,0,0,0,0,0,0,0,0,0,0,0,0,0,0,0,0,0,0,0.0,0.009950330853168083
/bin/bash -c ln file.txt file_link.txt,0,0,0,2,0,2,0,0,0,0,0,0,0,0,0,0,0,0,0,0,0,0,0,0,0,0,0,0,0,0,0,0,0,0,0,0,0,0,0,0,0,0,0,0,0,2,2,0,0,0,0,0,0,0,0,0,0,0,0,0,0,0,2.628244582725586,3.2313624333360225
/bin/bash -c ps aux --sort=-%mem | head -n 10 -> head -n 10 -> ps,2,0,0,4,0,4,0,0,0,0,0,0,0,0,0,0,0,0,0,0,0,0,0,0,0,0,0,0,0,0,0,0,0,0,0,0,0,0,0,0,0,0,0,0,0,2,2,0,0,0,0,0,0,0,0,0,0,0,0,0,0,0,3.1865818803774557,3.388223278801106
head -n 10,0,0,0,0,0,0,0,0,0,0,0,0,0,0,0,0,0,0,0,0,0,0,0,0,0,0,0,0,0,0,0,0,0,0,0,0,0,0,0,0,0,0,0,0,0,0,1,0,0,0,0,0,0,0,0,0,0,0,0,0,0,0,2.596791631981637,1.8402949685907477
ps,2,0,0,2,0,2,0,0,0,0,0,0,0,0,0,0,0,0,0,0,0,0,0,0,0,0,0,0,0,0,0,0,0,0,0,0,0,0,0,0,0,0,0,0,0,2,0,0,0,0,0,0,0,0,0,0,0,0,0,0,0,0,0.0,2.7738379416402132
/bin/bash -c grep 'error' *.txt,2,0,0,2,0,2,0,0,0,0,0,0,0,0,0,0,0,0,0,0,0,0,0,0,0,0,0,0,0,0,0,0,0,0,0,0,0,0,0,0,0,0,0,0,0,2,2,0,0,0,0,0,0,0,0,0,0,0,0,0,0,0,3.0392594889883484,3.2402313534160743
/bin/bash -c uname -v,0,0,0,2,0,2,0,0,0,0,0,0,0,0,0,0,0,0,0,0,0,0,0,0,0,0,0,0,0,0,0,0,0,0,0,0,0,0,0,0,0,0,0,0,0,2,2,0,0,0,0,0,0,0,0,0,0,0,0,0,0,0,2.5073801024236357,3.2289722856859178
/bin/bash -c mkdir ~/backup,0,0,0,2,0,2,0,0,0,0,0,2,0,0,0,0,0,0,0,0,0,0,0,0,0,0,0,0,0,0,0,0,0,0,0,0,0,0,0,0,0,0,0,0,0,2,2,0,0,0,0,0,0,0,0,0,0,0,0,0,0,0,2.8625759375402717,3.236766349526221
/bin/bash -c sensors | grep 'Core 0' -> bash -> grep Core 0,0,0,0,2,0,2,0,0,0,0,0,0,0,0,0,0,0,0,0,0,0,0,0,0,0,0,0,0,0,0,0,0,0,0,0,0,0,0,0,0,0,0,0,0,0,2,2,0,0,0,0,0,0,0,0,0,0,0,0,0,0,0,3.028554509310544,3.2392381878225676
bash,0,0,0,0,0,0,0,0,0,0,0,0,0,0,0,0,0,0,0,0,0,0,0,0,0,0,0,0,0,0,0,0,0,0,0,0,0,0,0,0,0,0,0,0,0,0,0,0,0,0,0,0,0,0,0,0,0,0,0,0,0,0,0.0,0.0
grep Core 0,0,0,0,0,0,0,0,0,0,0,0,0,0,0,0,0,0,0,0,0,0,0,0,0,0,0,0,0,0,0,0,0,0,0,0,0,0,0,0,0,0,0,0,0,0,0,1,0,0,0,0,0,0,0,0,0,0,0,0,0,0,0,2.440404017720928,1.827802383532468
/bin/bash -c rm *.bak,0,0,0,2,0,2,0,0,0,0,0,0,0,0,0,0,0,0,0,0,0,0,0,0,0,0,0,0,0,0,0,0,0,0,0,0,0,0,0,0,0,0,0,0,0,2,2,0,0,0,0,0,0,0,0,0,0,0,0,0,0,0,2.5073801024236357,3.2289722856859178
/bin/bash -c ss -tuln,0,0,0,2,0,2,0,0,0,0,0,0,0,0,0,0,0,0,0,0,0,0,0,0,0,0,0,0,0,0,0,0,0,0,0,0,0,0,0,0,0,0,0,0,0,2,1,0,0,0,0,0,0,0,0,0,0,0,0,0,0,0,2.7795185654187025,3.0629122693007123
/bin/bash -c cd ~,0,0,0,2,0,2,0,0,0,0,0,0,0,0,0,0,0,0,0,0,0,0,0,0,0,0,0,0,0,0,0,0,0,0,0,0,0,0,0,0,0,0,0,0,0,2,1,0,0,0,0,0,0,0,0,0,0,0,0,0,0,0,2.7509720823177575,3.062244753331969
ps,1,0,0,0,0,0,0,0,0,0,0,0,0,0,0,0,0,0,0,0,0,0,0,0,0,0,0,0,0,0,0,0,0,0,0,0,0,0,0,0,0,0,0,0,0,0,0,0,0,0,0,0,0,0,0,0,0,0,0,0,0,0,0.0,0.009950330853168083
/bin/bash -c df -h,1,0,0,2,0,2,0,0,0,0,0,0,0,0,0,0,0,0,0,0,0,0,0,0,0,0,0,0,0,0,0,0,0,0,0,0,0,0,0,0,0,0,0,0,0,2,2,0,0,0,0,0,0,0,0,0,0,0,0,0,0,0,2.128085278891395,3.2218331532366045
/bin/bash -c tar -czvf photos_backup.tar.gz ~/photos -> /bin/sh -c gzip -> gzip,0,0,0,2,0,2,0,0,1,0,0,0,0,0,0,0,0,0,0,0,0,0,0,0,0,0,0,0,0,0,0,0,0,0,0,0,0,0,0,0,0,0,0,0,0,2,4,0,0,0,0,0,0,0,0,0,0,0,0,0,0,0,3.0187837289254342,3.513316760590444
/bin/sh -c gzip -> gzip,0,0,0,0,0,0,0,0,1,0,0,0,0,0,0,0,0,0,0,0,0,0,0,0,0,0,0,0,0,0,0,0,0,0,0,0,0,0,0,0,0,0,0,0,0,0,2,0,0,0,0,0,0,0,0,0,0,0,0,0,0,0,2.7630741894285697,2.3448336306102555
gzip,0,0,0,0,0,0,0,0,0,0,0,0,0,0,0,0,0,0,0,0,0,0,0,0,0,0,0,0,0,0,0,0,0,0,0,0,0,0,0,0,0,0,0,0,0,0,1,0,0,0,0,0,0,0,0,0,0,0,0,0,0,0,2.128085278891395,1.8023766798862095
/bin/bash -c tar -czvf documents_backup.tar.gz ~/documents -> /bin/sh -c gzip -> gzip,0,0,0,2,0,2,0,0,1,0,0,0,0,0,0,0,0,0,0,0,0,0,0,0,0,0,0,0,0,0,0,0,0,0,0,0,0,0,0,0,0,0,0,0,0,2,4,0,0,0,0,0,0,0,0,0,0,0,0,0,0,0,3.156061757607899,3.5153599715194455
/bin/sh -c gzip -> gzip,0,0,0,0,0,0,0,0,1,0,0,0,0,0,0,0,0,0,0,0,0,0,0,0,0,0,0,0,0,0,0,0,0,0,0,0,0,0,0,0,0,0,0,0,0,0,2,0,0,0,0,0,0,0,0,0,0,0,0,0,0,0,2.7630741894285697,2.3448336306102555
gzip,0,0,0,0,0,0,0,0,0,0,0,0,0,0,0,0,0,0,0,0,0,0,0,0,0,0,0,0,0,0,0,0,0,0,0,0,0,0,0,0,0,0,0,0,0,0,1,0,0,0,0,0,0,0,0,0,0,0,0,0,0,0,2.128085278891395,1.8023766798862095
/bin/bash -c find . -mtime -7,0,0,0,2,0,2,0,0,0,0,0,0,0,0,0,0,0,0,0,0,0,0,0,0,0,0,0,0,0,0,0,0,0,0,0,0,0,0,0,0,0,0,0,0,0,2,2,0,0,0,0,0,0,0,0,0,0,0,0,0,0,0,2.6830741894285697,3.2324448318818244
/bin/bash -c hostname -I,0,0,0,2,0,3,0,0,0,0,0,0,0,0,0,0,0,0,0,0,0,0,0,0,0,0,0,0,0,0,0,0,0,0,0,0,0,0,0,0,0,0,0,0,0,2,2,0,0,0,0,0,0,0,0,0,0,0,0,0,0,0,2.7463840917077538,3.2723480414222097
/bin/bash -c docker ps,0,0,0,2,0,2,0,0,0,0,0,0,0,0,0,0,0,0,0,0,0,0,0,0,0,0,0,0,0,0,0,0,0,0,0,0,0,0,0,0,0,0,0,0,0,2,1,0,0,0,0,0,0,0,0,0,0,0,0,0,0,0,2.9646249865489063,3.067229921819631
/bin/bash -c ps aux --sort=-%cpu | head -n 10 -> head -n 10 -> ps,2,0,0,4,0,4,0,0,0,0,0,0,0,0,0,0,0,0,0,0,0,0,0,0,0,0,0,0,0,0,0,0,0,0,0,0,0,0,0,0,0,0,0,0,0,2,2,0,0,0,0,0,0,0,0,0,0,0,0,0,0,0,3.159184620103483,3.387760587926099
head -n 10,0,0,0,0,0,0,0,0,0,0,0,0,0,0,0,0,0,0,0,0,0,0,0,0,0,0,0,0,0,0,0,0,0,0,0,0,0,0,0,0,0,0,0,0,0,0,1,0,0,0,0,0,0,0,0,0,0,0,0,0,0,0,2.596791631981637,1.8402949685907477
ps,2,0,0,2,0,2,0,0,0,0,0,0,0,0,0,0,0,0,0,0,0,0,0,0,0,0,0,0,0,0,0,0,0,0,0,0,0,0,0,0,0,0,0,0,0,2,0,0,0,0,0,0,0,0,0,0,0,0,0,0,0,0,0.0,2.7738379416402132
/bin/bash -c sudo apt install curl,1,0,0,2,0,2,1,0,0,0,0,0,0,0,0,0,0,0,0,0,0,0,0,0,0,0,0,0,0,0,0,0,1,0,1,0,0,0,1,0,0,0,0,0,0,2,2,0,0,0,0,0,0,0,0,1,0,0,0,0,0,0,2.7795185654187025,3.6609880625000963
apt install curl -> /usr/bin/dpkg --print-foreign-architectures,1,0,0,0,0,0,0,0,8,0,0,0,0,0,0,0,0,0,0,0,0,1,0,0,0,0,0,0,0,0,0,0,0,0,0,0,0,0,0,0,0,0,0,0,0,0,5,0,0,0,0,0,0,0,0,0,0,0,0,0,0,0,3.046258435293526,3.3649872782836825
/usr/bin/dpkg --print-foreign-architectures,0,0,0,0,0,0,0,0,0,0,0,0,0,0,0,0,0,0,0,0,0,0,0,0,0,0,0,0,0,0,0,0,0,0,0,0,0,0,0,0,0,0,0,0,0,0,1,0,0,0,0,0,0,0,0,0,0,0,0,0,0,0,3.046258435293526,1.8753542021604113
/usr/bin/dpkg --print-foreign-architectures,0,0,0,0,0,0,0,0,0,0,0,0,0,0,0,0,0,0,0,0,0,0,0,0,0,0,0,0,0,0,0,0,0,0,0,0,0,0,0,0,0,0,0,0,0,0,1,0,0,0,0,0,0,0,0,0,0,0,0,0,0,0,3.046258435293526,1.8753542021604113
/usr/bin/dpkg --print-foreign-architectures,0,0,0,0,0,0,0,0,0,0,0,0,0,0,0,0,0,0,0,0,0,0,0,0,0,0,0,0,0,0,0,0,0,0,0,0,0,0,0,0,0,0,0,0,0,0,1,0,0,0,0,0,0,0,0,0,0,0,0,0,0,0,3.046258435293526,1.8753542021604113
sudo,0,0,0,0,0,0,0,0,0,0,0,0,0,0,0,0,0,0,0,0,0,0,0,0,0,0,0,0,0,0,0,0,0,0,0,0,0,0,0,0,0,0,0,0,0,0,0,0,0,0,0,0,0,0,0,0,0,0,0,0,0,0,0.0,0.0
/bin/bash -c chmod 444 data.txt,0,0,0,2,0,2,0,0,0,0,0,0,0,0,0,0,0,0,0,0,0,0,0,0,0,0,0,0,0,0,0,0,0,0,0,0,0,0,0,0,0,0,0,0,0,2,2,0,0,0,0,0,0,0,0,0,0,0,0,0,0,0,2.627966183339949,3.231356934426207
/bin/bash -c w,1,0,0,2,0,2,0,0,0,0,0,0,0,0,0,0,0,0,0,0,0,0,0,0,0,0,0,0,0,0,0,0,0,0,0,0,0,0,0,0,0,0,0,0,0,2,2,0,0,0,0,0,0,0,0,0,0,0,0,0,0,0,-0.0,3.178470410233162
/bin/bash -c date,0,0,0,2,0,2,0,0,0,0,0,0,0,0,0,0,0,0,0,0,0,0,0,0,0,0,0,0,0,0,0,0,0,0,0,0,0,0,0,0,0,0,0,0,0,2,2,0,0,0,0,0,0,0,0,0,0,0,0,0,0,0,2.128085278891395,3.2214342548711414
/bin/bash -c chmod +x example.sh,0,0,0,2,0,2,0,0,0,0,0,0,0,0,0,0,0,0,0,0,0,0,0,0,0,0,0,0,0,0,0,0,0,0,0,0,0,0,0,0,0,0,0,0,0,2,2,0,0,0,0,0,0,0,0,0,0,0,0,0,0,0,2.8625759375402717,3.2359802257633623
/bin/bash -c ln -s example.txt link_example.txt,0,0,1,2,0,2,0,0,0,0,1,0,0,0,0,0,0,0,0,0,0,0,0,0,0,0,0,0,0,0,0,0,0,0,0,0,0,0,0,0,0,0,0,0,0,2,2,0,0,0,0,0,0,0,0,0,0,0,0,0,0,0,2.8289878643127953,3.4488597333331534
/bin/bash -c mv ~/Downloads/data.txt ~/Documents/,0,0,0,2,0,2,0,0,0,0,0,0,0,0,0,0,0,0,0,0,0,0,0,0,0,0,0,0,0,0,0,0,0,0,0,0,0,0,0,0,0,0,0,0,0,2,2,0,0,0,0,0,0,0,0,0,0,0,0,0,0,0,2.91617733309919,3.2370335182982384
/bin/bash -c find / -name '*config*',0,0,0,2,0,2,0,0,0,0,0,0,0,0,0,0,0,0,0,0,0,0,0,0,0,0,0,0,0,0,0,0,0,0,0,0,0,0,0,0,0,0,0,0,0,2,2,0,0,0,0,0,0,0,0,0,0,0,0,0,0,0,2.8366614225615594,3.235470595284073
/bin/bash -c uptime,1,0,0,2,0,2,0,0,0,0,0,0,0,0,0,0,0,0,0,0,0,0,0,0,0,0,0,0,0,0,0,0,0,0,0,0,0,0,0,0,0,0,0,0,0,2,2,0,0,0,0,0,0,0,0,0,0,0,0,0,0,0,2.40400975732486,3.227320265156415
/bin/bash -c find . -type f -empty -delete,0,0,0,2,0,2,0,0,0,0,0,0,0,0,0,0,0,0,0,0,0,0,0,0,0,0,0,0,0,0,0,0,0,0,0,0,0,0,0,0,0,0,0,0,0,2,2,0,0,0,0,0,0,0,0,0,0,0,0,0,0,0,2.721368841718594,3.233200117409081
/bin/bash -c du -sh .,0,0,0,2,0,2,0,0,0,0,0,0,0,0,0,0,0,0,0,0,0,0,0,0,0,0,0,0,0,0,0,0,0,0,0,0,0,0,0,0,0,0,0,0,0,2,2,0,0,0,0,0,0,0,0,0,0,0,0,0,0,0,2.40400975732486,3.2269235500298343
/bin/bash -c wget http://example.com/file.txt,0,0,0,2,0,2,0,0,0,0,0,0,0,0,0,0,0,0,0,0,0,0,0,0,0,0,0,0,0,0,0,0,0,0,0,0,0,0,0,0,0,0,0,0,0,2,1,0,0,0,0,0,0,0,0,0,0,0,0,0,0,0,3.1114380682359,3.0706411657553683
/bin/bash -c df -h /,1,0,0,2,0,2,0,0,0,0,0,0,0,0,0,0,0,0,0,0,0,0,0,0,0,0,0,0,0,0,0,0,0,0,0,0,0,0,0,0,0,0,0,0,0,2,2,0,0,0,0,0,0,0,0,0,0,0,0,0,0,0,2.2810361125534233,3.2248784949927125
/bin/bash -c zip -r archive.zip *,0,0,0,2,0,2,0,0,0,0,0,0,0,0,0,0,0,0,0,0,0,0,0,0,0,0,0,0,0,0,0,0,0,0,0,0,0,0,0,0,0,0,0,0,0,2,1,0,0,0,0,0,0,0,0,0,0,0,0,0,0,0,2.9744149397353206,3.0674577566485324
/bin/bash -c systemctl list-units --type=service,0,0,0,2,0,2,0,0,0,0,0,0,0,0,0,0,0,0,0,0,0,0,0,0,0,0,0,0,0,0,0,0,0,0,0,0,0,0,0,0,0,0,0,0,0,2,1,0,0,0,0,0,0,0,0,0,0,0,0,0,0,0,3.0038206517899075,3.0681417835536866
/bin/bash -c grep -r 'config' /etc/,2,0,0,2,0,2,0,0,0,0,0,0,0,0,0,0,0,0,0,0,0,1,0,0,0,0,0,0,0,0,0,0,0,0,0,0,0,0,0,0,0,0,0,0,0,2,4,0,0,0,0,0,0,0,0,0,0,0,0,0,0,0,2.801969876934211,3.674298287167562
/bin/bash -c cp important.txt important_backup.txt,0,0,0,2,0,2,0,0,0,0,0,0,0,0,0,0,0,0,0,0,0,0,0,0,0,0,0,0,0,0,0,0,0,0,0,0,0,0,0,0,0,0,0,0,0,2,2,0,0,0,0,0,0,0,0,0,0,0,0,0,0,0,2.8370951219278067,3.235479126479949
ps,1,0,0,0,0,0,0,0,0,0,0,0,0,0,0,0,0,0,0,0,0,0,0,0,0,0,0,0,0,0,0,0,0,0,0,0,0,0,0,0,0,0,0,0,0,0,0,0,0,0,0,0,0,0,0,0,0,0,0,0,0,0,0.0,0.009950330853168083
/bin/bash -c ls | wc -l -> ls -> wc -l,0,0,0,2,0,2,0,0,0,0,0,0,0,0,0,0,0,0,0,0,0,0,0,0,0,0,0,0,0,0,0,0,0,0,0,0,0,0,0,0,0,0,0,0,0,2,3,0,0,0,0,0,0,0,0,0,0,0,0,0,0,0,2.80108677976623,3.3810131568229194
ls,0,0,0,0,0,0,0,0,0,0,0,0,0,0,0,0,0,0,0,0,0,0,0,0,0,0,0,0,0,0,0,0,0,0,0,0,0,0,0,0,0,0,0,0,0,0,1,0,0,0,0,0,0,0,0,0,0,0,0,0,0,0,1.584962500721156,1.75656074043708
wc -l,0,0,0,0,0,0,0,0,0,0,0,0,0,0,0,0,0,0,0,0,0,0,0,0,0,0,0,0,0,0,0,0,0,0,0,0,0,0,0,0,0,0,0,0,0,0,1,0,0,0,0,0,0,0,0,0,0,0,0,0,0,0,2.128085278891395,1.8023766798862095
/bin/bash -c sudo chown -R user1 project/ -> sudo,1,0,0,2,0,2,1,0,0,0,0,0,0,0,0,0,0,0,0,0,0,0,0,0,0,0,0,0,0,0,0,0,1,0,1,0,0,0,1,0,0,0,0,0,0,2,2,0,0,0,0,0,0,0,0,1,0,0,0,0,0,0,3.0269970965398763,3.6641639915619235
chown -R user1 project/,0,0,0,2,0,2,0,0,0,0,0,0,0,0,0,0,0,0,0,0,0,0,0,0,0,0,0,0,0,0,0,0,0,0,0,0,0,0,0,0,0,0,0,0,0,2,1,0,0,0,0,0,0,0,0,0,0,0,0,0,0,0,3.010770866158963,3.068303389026933
sudo,0,0,0,0,0,0,0,0,0,0,0,0,0,0,0,0,0,0,0,0,0,0,0,0,0,0,0,0,0,0,0,0,0,0,0,0,0,0,0,0,0,0,0,0,0,0,0,0,0,0,0,0,0,0,0,0,0,0,0,0,0,0,0.0,0.0
/bin/bash -c du -ah / | sort -rh | head -n 10 -> du -ah / -> sort -rh -> head -n 10,0,0,0,2,0,2,0,0,0,0,0,0,0,0,0,0,0,0,0,0,0,0,0,0,0,0,0,0,0,0,0,0,0,0,0,0,0,0,0,0,0,0,0,0,0,2,4,0,0,0,0,0,0,0,0,0,0,0,0,0,0,0,3.0216894748882814,3.5118691099496675
du -ah /,0,0,0,0,0,0,0,0,0,0,0,0,0,0,0,0,0,0,0,0,0,0,0,0,0,0,0,0,0,0,0,0,0,0,0,0,0,0,0,0,0,0,0,0,0,0,1,0,0,0,0,0,0,0,0,0,0,0,0,0,0,0,2.40400975732486,1.8248726073052342
sort -rh,0,0,0,0,0,0,0,0,0,0,0,0,0,0,0,0,0,0,0,0,0,0,0,0,0,0,0,0,0,0,0,0,0,0,0,0,0,0,0,0,0,0,0,0,0,0,1,0,0,0,0,0,0,0,0,0,0,0,0,0,0,0,2.353533948577482,1.8207949912634163
head -n 10,0,0,0,0,0,0,0,0,0,0,0,0,0,0,0,0,0,0,0,0,0,0,0,0,0,0,0,0,0,0,0,0,0,0,0,0,0,0,0,0,0,0,0,0,0,0,1,0,0,0,0,0,0,0,0,0,0,0,0,0,0,0,2.596791631981637,1.8402949685907477
/bin/bash -c dpkg --get-selections,0,0,0,2,0,2,0,0,0,0,0,0,0,0,0,0,0,0,0,0,0,0,0,0,0,0,0,0,0,0,0,0,0,0,0,0,0,0,0,0,0,0,0,0,0,2,2,0,0,0,0,0,0,0,0,0,0,0,0,0,0,0,2.818212532714683,3.2351076241970684
/bin/bash -c mkdir ~/logs,0,0,0,2,0,2,0,0,0,0,0,2,0,0,0,0,0,0,0,0,0,0,0,0,0,0,0,0,0,0,0,0,0,0,0,0,0,0,0,0,0,0,0,0,0,2,2,0,0,0,0,0,0,0,0,0,0,0,0,0,0,0,2.718054911990678,3.233923142245314
/bin/bash -c find . -name '*.log',0,0,0,2,0,2,0,0,0,0,0,0,0,0,0,0,0,0,0,0,0,0,0,0,0,0,0,0,0,0,0,0,0,0,0,0,0,0,0,0,0,0,0,0,0,2,2,0,0,0,0,0,0,0,0,0,0,0,0,0,0,0,2.8820165499963153,3.2363623711377225
/bin/bash -c grep 'error' app.log,0,0,0,2,0,2,0,0,0,0,0,0,0,0,0,0,0,0,0,0,0,0,0,0,0,0,0,0,0,0,0,0,0,0,0,0,0,0,0,0,0,0,0,0,0,2,2,0,0,0,0,0,0,0,0,0,0,0,0,0,0,0,2.4587690059903835,3.228009366913268
/bin/bash -c clear,0,0,0,2,0,2,0,0,0,0,0,0,0,0,0,0,0,0,0,0,0,0,0,0,0,0,0,0,0,0,0,0,0,0,0,0,0,0,0,0,0,0,0,0,0,2,2,0,0,0,0,0,0,0,0,0,0,0,0,0,0,0,2.2810361125534233,3.2244808098024764
/bin/bash -c sudo reboot,0,0,0,2,0,2,0,0,0,0,0,0,0,0,0,0,0,0,0,0,0,0,0,0,0,0,0,0,0,0,0,0,0,0,0,0,0,0,0,0,0,0,0,0,0,2,2,0,0,0,0,0,0,0,0,0,0,0,0,0,0,0,2.4961268547517816,3.228749456834575
/bin/bash -c ip link show,0,0,0,2,0,2,0,0,0,0,0,0,0,0,0,0,0,0,0,0,0,0,0,0,0,0,0,0,0,0,0,0,0,0,0,0,0,0,0,0,0,0,0,0,0,2,1,0,0,0,0,0,0,0,0,0,0,0,0,0,0,0,2.8894190924251397,3.0654779737508715
/bin/bash -c sudo mkdir /var/temp -> sudo,1,0,0,2,0,2,1,0,0,0,0,0,0,0,0,0,0,0,0,0,0,0,0,0,0,0,0,0,0,0,0,0,1,0,1,0,0,0,1,0,0,0,0,0,0,2,2,0,0,0,0,0,0,0,0,1,0,0,0,0,0,0,2.9153724940519443,3.662732744917372
mkdir /var/temp,0,0,0,0,0,0,0,0,0,0,0,2,0,0,0,0,0,0,0,0,0,0,0,0,0,0,0,0,0,0,0,0,0,0,0,0,0,0,0,0,0,0,0,0,0,0,1,0,0,0,0,0,0,0,0,0,0,0,0,0,0,0,2.7509720823177575,1.8555924354513604
sudo,0,0,0,0,0,0,0,0,0,0,0,0,0,0,0,0,0,0,0,0,0,0,0,0,0,0,0,0,0,0,0,0,0,0,0,0,0,0,0,0,0,0,0,0,0,0,0,0,0,0,0,0,0,0,0,0,0,0,0,0,0,0,0.0,0.0
/bin/bash -c firefox 'https://example.com' &,0,0,0,2,0,2,0,0,0,0,0,0,0,0,0,0,0,0,0,0,0,0,0,0,0,0,0,0,0,0,0,0,0,0,0,0,0,0,0,0,0,0,0,0,0,2,1,0,0,0,0,0,0,0,0,0,0,0,0,0,0,0,3.203963355293671,3.0727850548173667
bash,0,0,0,0,0,0,0,0,0,0,0,0,0,0,0,0,0,0,0,0,0,0,0,0,0,0,0,0,0,0,0,0,0,0,0,0,0,0,0,0,0,0,0,0,0,0,0,0,0,0,0,0,0,0,0,0,0,0,0,0,0,0,0.0,0.0
/bin/bash -c uptime,1,0,0,2,0,2,0,0,0,0,0,0,0,0,0,0,0,0,0,0,0,0,0,0,0,0,0,0,0,0,0,0,0,0,0,0,0,0,0,0,0,0,0,0,0,2,2,0,0,0,0,0,0,0,0,0,0,0,0,0,0,0,2.40400975732486,3.227320265156415
/bin/bash -c ps aux,2,0,0,4,0,4,0,0,0,0,0,0,0,0,0,0,0,0,0,0,0,0,0,0,0,0,0,0,0,0,0,0,0,0,0,0,0,0,0,0,0,0,0,0,0,4,1,0,0,0,0,0,0,0,0,0,0,0,0,0,0,0,2.8057008608988823,3.3817715979867793
/bin/bash -c sudo hostnamectl set-hostname new-hostname,0,0,0,2,0,2,0,0,0,0,0,0,0,0,0,0,0,0,0,0,0,0,0,0,0,0,0,0,0,0,0,0,0,0,0,0,0,0,0,0,0,0,0,0,0,2,2,0,0,0,0,0,0,0,0,0,0,0,0,0,0,0,2.8055549895175367,3.234858518233548
/bin/bash -c df -h /,1,0,0,2,0,2,0,0,0,0,0,0,0,0,0,0,0,0,0,0,0,0,0,0,0,0,0,0,0,0,0,0,0,0,0,0,0,0,0,0,0,0,0,0,0,2,2,0,0,0,0,0,0,0,0,0,0,0,0,0,0,0,2.2810361125534233,3.2248784949927125
/bin/bash -c find . -mtime -30,0,0,0,2,0,2,0,0,0,0,0,0,0,0,0,0,0,0,0,0,0,0,0,0,0,0,0,0,0,0,0,0,0,0,0,0,0,0,0,0,0,0,0,0,0,2,2,0,0,0,0,0,0,0,0,0,0,0,0,0,0,0,2.7509720823177575,3.233783591509894
/bin/bash -c sudo systemctl start nginx,0,0,0,2,0,2,0,0,0,0,0,0,0,0,0,0,0,0,0,0,0,0,0,0,0,0,0,0,0,0,0,0,0,0,0,0,0,0,0,0,0,0,0,0,0,2,2,0,0,0,0,0,0,0,0,0,0,0,0,0,0,0,2.9116865272181074,3.23694531442724
/bin/bash -c sudo systemctl stop nginx,0,0,0,2,0,2,0,0,0,0,0,0,0,0,0,0,0,0,0,0,0,0,0,0,0,0,0,0,0,0,0,0,0,0,0,0,0,0,0,0,0,0,0,0,0,2,2,0,0,0,0,0,0,0,0,0,0,0,0,0,0,0,2.8915309551551807,3.236549343203054
/bin/bash -c ls ~/documents | wc -l -> wc -l -> ls /root/documents,0,0,0,2,0,2,0,0,0,0,0,0,0,0,0,0,0,0,0,0,0,0,0,0,0,0,0,0,0,0,0,0,0,0,0,0,0,0,0,0,0,0,0,0,0,2,3,0,0,0,0,0,0,0,0,0,0,0,0,0,0,0,3.0807742190050345,3.385758381604455
wc -l,0,0,0,0,0,0,0,0,0,0,0,0,0,0,0,0,0,0,0,0,0,0,0,0,0,0,0,0,0,0,0,0,0,0,0,0,0,0,0,0,0,0,0,0,0,0,1,0,0,0,0,0,0,0,0,0,0,0,0,0,0,0,2.128085278891395,1.8023766798862095
ls /root/documents,0,0,0,0,0,0,0,0,0,0,0,0,0,0,0,0,0,0,0,0,0,0,0,0,0,0,0,0,0,0,0,0,0,0,0,0,0,0,0,0,0,0,0,0,0,0,1,0,0,0,0,0,0,0,0,0,0,0,0,0,0,0,2.779094498080773,1.854663412833925
/bin/bash -c find / -name '*.bak' -exec rm {} +,0,0,0,2,0,2,0,0,0,0,0,0,0,0,0,0,0,0,0,0,0,0,0,0,0,0,0,0,0,0,0,0,0,0,0,0,0,0,0,0,0,0,0,0,0,2,2,0,0,0,0,0,0,0,0,0,0,0,0,0,0,0,3.1087100988198775,3.2408077541561164
/bin/bash -c ls -l log.txt,0,0,0,2,0,2,0,0,0,0,0,0,0,0,0,0,0,0,0,0,0,0,0,0,0,0,0,0,0,0,0,0,0,0,0,0,0,0,0,0,0,0,0,0,0,2,2,0,0,0,0,0,0,0,0,0,0,0,0,0,0,0,2.488785591776994,3.2286040635711686
/bin/bash -c find /home -type f,0,0,0,2,0,2,0,0,0,0,0,0,0,0,0,0,0,0,0,0,0,0,0,0,0,0,0,0,0,0,0,0,0,0,0,0,0,0,0,0,0,0,0,0,0,2,2,0,0,0,0,0,0,0,0,0,0,0,0,0,0,0,2.8820165499963153,3.2363623711377225
/bin/bash -c grep 'error' /var/log/*,1,0,1,2,0,2,0,0,0,0,0,0,0,0,0,0,0,0,0,0,0,1,0,0,0,0,0,0,0,0,0,0,0,0,0,0,0,0,0,0,0,0,0,0,0,2,3,0,0,0,0,0,0,0,0,0,0,0,0,0,0,0,2.7753021342051203,3.723224141712035
/bin/bash -c python3 -m http.server 8000,10,0,0,7,0,7,0,0,0,0,0,0,0,0,0,0,0,0,0,0,0,9,0,0,0,0,0,0,0,0,0,0,0,0,0,0,0,0,0,0,0,0,0,0,0,6,11,0,0,0,0,0,0,0,0,0,0,0,0,0,0,0,2.9683824688342706,4.449500584250984
virtiofsd,0,0,0,0,0,0,0,0,0,0,0,0,0,0,0,0,0,0,0,0,0,0,0,0,0,0,0,0,0,0,0,0,0,0,0,0,0,0,0,0,0,0,0,0,0,0,0,0,0,0,0,0,0,0,0,0,0,0,0,0,0,0,0.0,0.0
qemu-system-x86,0,0,0,0,0,0,0,0,0,0,0,0,0,0,0,0,0,0,0,0,0,0,0,0,0,0,0,0,0,0,0,0,0,0,0,0,0,0,0,0,0,0,0,0,0,0,0,0,0,0,0,0,0,0,0,0,0,0,0,0,0,0,0.0,0.0
kvm-pit/805986,0,0,0,0,0,0,0,0,0,0,0,0,0,0,0,0,0,0,0,0,0,0,0,0,0,0,0,0,0,0,0,0,0,0,0,0,0,0,0,0,0,0,0,0,0,0,0,0,0,0,0,0,0,0,0,0,0,0,0,0,0,0,0.0,0.0
/bin/bash -c free -h,0,0,0,2,0,2,0,0,0,0,0,0,0,0,0,0,0,0,0,0,0,0,0,0,0,0,0,0,0,0,0,0,0,0,0,0,0,0,0,0,0,0,0,0,0,2,2,0,0,0,0,0,0,0,0,0,0,0,0,0,0,0,2.2221915755066783,3.2233098117136683
/bin/bash -c who,0,0,0,2,0,2,0,0,0,0,0,0,0,0,0,0,0,0,0,0,0,0,0,0,0,0,0,0,0,0,0,0,0,0,0,0,0,0,0,0,0,0,0,0,0,2,2,0,0,0,0,0,0,0,0,0,0,0,0,0,0,0,1.9219280948873623,3.2173131664510115
/bin/bash -c date,0,0,0,2,0,2,0,0,0,0,0,0,0,0,0,0,0,0,0,0,0,0,0,0,0,0,0,0,0,0,0,0,0,0,0,0,0,0,0,0,0,0,0,0,0,2,2,0,0,0,0,0,0,0,0,0,0,0,0,0,0,0,2.128085278891395,3.2214342548711414
/bin/bash -c df -h,1,0,0,2,0,2,0,0,0,0,0,0,0,0,0,0,0,0,0,0,0,0,0,0,0,0,0,0,0,0,0,0,0,0,0,0,0,0,0,0,0,0,0,0,0,2,2,0,0,0,0,0,0,0,0,0,0,0,0,0,0,0,2.128085278891395,3.2218331532366045
/bin/bash -c tar -cvf documents_backup.tar ~/documents,0,1,0,2,0,2,0,0,1,0,0,0,0,0,0,0,0,0,0,0,0,0,0,0,0,0,0,0,0,0,0,0,0,0,0,0,0,0,0,0,0,0,0,0,0,2,2,0,0,0,0,0,0,0,0,0,0,0,0,0,0,0,3.0794498509822423,3.243362559701001
/bin/bash -c ps aux | wc -l -> wc -l -> ps,2,0,0,4,0,4,0,0,0,0,0,0,0,0,0,0,0,0,0,0,0,0,0,0,0,0,0,0,0,0,0,0,0,0,0,0,0,0,0,0,0,0,0,0,0,2,2,0,0,0,0,0,0,0,0,0,0,0,0,0,0,0,2.9566114705266875,3.3843328289935157
wc -l,0,0,0,0,0,0,0,0,0,0,0,0,0,0,0,0,0,0,0,0,0,0,0,0,0,0,0,0,0,0,0,0,0,0,0,0,0,0,0,0,0,0,0,0,0,0,1,0,0,0,0,0,0,0,0,0,0,0,0,0,0,0,2.128085278891395,1.8023766798862095
ps,2,0,0,2,0,2,0,0,0,0,0,0,0,0,0,0,0,0,0,0,0,0,0,0,0,0,0,0,0,0,0,0,0,0,0,0,0,0,0,0,0,0,0,0,0,2,0,0,0,0,0,0,0,0,0,0,0,0,0,0,0,0,0.0,2.7738379416402132
/bin/bash -c find . -name '*.txt',0,0,0,2,0,2,0,0,0,0,0,0,0,0,0,0,0,0,0,0,0,0,0,0,0,0,0,0,0,0,0,0,0,0,0,0,0,0,0,0,0,0,0,0,0,2,2,0,0,0,0,0,0,0,0,0,0,0,0,0,0,0,2.813051032754936,3.235006051122345
/bin/bash -c head -n 20 logfile.log,0,0,0,2,0,2,0,0,0,0,0,0,0,0,0,0,0,0,0,0,0,0,0,0,0,0,0,0,0,0,0,0,0,0,0,0,0,0,0,0,0,0,0,0,0,2,2,0,0,0,0,0,0,0,0,0,0,0,0,0,0,0,2.890168567571515,3.236522572426183
/bin/bash -c du -ah . | sort -rh | head -n 10 -> du -ah . -> sort -rh -> head -n 10,0,0,0,2,0,2,0,0,0,0,0,0,0,0,0,0,0,0,0,0,0,0,0,0,0,0,0,0,0,0,0,0,0,0,0,0,0,0,0,0,0,0,0,0,0,2,4,0,0,0,0,0,0,0,0,0,0,0,0,0,0,0,3.062807198801169,3.512482420604095
du -ah .,0,0,0,0,0,0,0,0,0,0,0,0,0,0,0,0,0,0,0,0,0,0,0,0,0,0,0,0,0,0,0,0,0,0,0,0,0,0,0,0,0,0,0,0,0,0,1,0,0,0,0,0,0,0,0,0,0,0,0,0,0,0,2.40400975732486,1.8248726073052342
sort -rh,0,0,0,0,0,0,0,0,0,0,0,0,0,0,0,0,0,0,0,0,0,0,0,0,0,0,0,0,0,0,0,0,0,0,0,0,0,0,0,0,0,0,0,0,0,0,1,0,0,0,0,0,0,0,0,0,0,0,0,0,0,0,2.353533948577482,1.8207949912634163
head -n 10,0,0,0,0,0,0,0,0,0,0,0,0,0,0,0,0,0,0,0,0,0,0,0,0,0,0,0,0,0,0,0,0,0,0,0,0,0,0,0,0,0,0,0,0,0,0,1,0,0,0,0,0,0,0,0,0,0,0,0,0,0,0,2.596791631981637,1.8402949685907477
/bin/bash -c sudo systemctl status ssh,0,0,0,2,0,2,0,0,0,0,0,0,0,0,0,0,0,0,0,0,0,0,0,0,0,0,0,0,0,0,0,0,0,0,0,0,0,0,0,0,0,0,0,0,0,2,2,0,0,0,0,0,0,0,0,0,0,0,0,0,0,0,2.591610095800768,3.230638573602361
kworker/dying,0,0,0,0,0,0,0,0,0,0,0,0,0,0,0,0,0,0,0,0,0,0,0,0,0,0,0,0,0,0,0,0,0,0,0,0,0,0,0,0,0,0,0,0,0,0,0,0,0,0,0,0,0,0,0,0,0,0,0,0,0,0,0.0,0.0
/bin/bash -c sudo systemctl stop ssh,0,0,0,2,0,2,0,0,0,0,0,0,0,0,0,0,0,0,0,0,0,0,0,0,0,0,0,0,0,0,0,0,0,0,0,0,0,0,0,0,0,0,0,0,0,2,2,0,0,0,0,0,0,0,0,0,0,0,0,0,0,0,2.645010289069466,3.231693531739412
/bin/bash -c free -m,0,0,0,2,0,2,0,0,0,0,0,0,0,0,0,0,0,0,0,0,0,0,0,0,0,0,0,0,0,0,0,0,0,0,0,0,0,0,0,0,0,0,0,0,0,2,2,0,0,0,0,0,0,0,0,0,0,0,0,0,0,0,2.2221915755066783,3.2233098117136683
/bin/bash -c sudo apt install nginx,1,0,0,2,0,2,1,0,0,0,0,0,0,0,0,0,0,0,0,0,0,0,0,0,0,0,0,0,0,0,0,0,1,0,1,0,0,0,1,0,0,0,0,0,0,2,2,0,0,0,0,0,0,0,0,1,0,0,0,0,0,0,2.782060459463407,3.661020734328504
apt install nginx -> /usr/bin/dpkg --print-foreign-architectures,2,0,1,4,0,4,8,0,8,0,0,0,0,0,0,0,0,0,0,0,0,2,0,4,0,0,0,0,0,0,0,0,4,0,4,0,4,0,0,0,2,0,0,0,0,4,14,0,0,0,0,0,0,0,0,0,0,0,0,0,0,0,3.046258435293526,4.859371448376939
/usr/bin/dpkg --print-foreign-architectures,0,0,0,0,0,0,0,0,0,0,0,0,0,0,0,0,0,0,0,0,0,0,0,0,0,0,0,0,0,0,0,0,0,0,0,0,0,0,0,0,0,0,0,0,0,0,1,0,0,0,0,0,0,0,0,0,0,0,0,0,0,0,3.046258435293526,1.8753542021604113
/usr/bin/dpkg --print-foreign-architectures,0,0,0,0,0,0,0,0,0,0,0,0,0,0,0,0,0,0,0,0,0,0,0,0,0,0,0,0,0,0,0,0,0,0,0,0,0,0,0,0,0,0,0,0,0,0,1,0,0,0,0,0,0,0,0,0,0,0,0,0,0,0,3.046258435293526,1.8753542021604113
/usr/bin/dpkg --print-foreign-architectures,0,0,0,0,0,0,0,0,0,0,0,0,0,0,0,0,0,0,0,0,0,0,0,0,0,0,0,0,0,0,0,0,0,0,0,0,0,0,0,0,0,0,0,0,0,0,1,0,0,0,0,0,0,0,0,0,0,0,0,0,0,0,3.046258435293526,1.8753542021604113
sudo,0,0,0,0,0,0,0,0,0,0,0,0,0,0,0,0,0,0,0,0,0,0,0,0,0,0,0,0,0,0,0,0,0,0,0,0,0,0,0,0,0,0,0,0,0,0,0,0,0,0,0,0,0,0,0,0,0,0,0,0,0,0,0.0,0.0
ps,1,0,0,0,0,0,0,0,0,0,0,0,0,0,0,0,0,0,0,0,0,0,0,0,0,0,0,0,0,0,0,0,0,0,0,0,0,0,0,0,0,0,0,0,0,0,0,0,0,0,0,0,0,0,0,0,0,0,0,0,0,0,0.0,0.009950330853168083
/bin/bash -c sudo systemctl restart nginx,0,0,0,2,0,2,0,0,0,0,0,0,0,0,0,0,0,0,0,0,0,0,0,0,0,0,0,0,0,0,0,0,0,0,0,0,0,0,0,0,0,0,0,0,0,2,2,0,0,0,0,0,0,0,0,0,0,0,0,0,0,0,2.9200343335579073,3.237109267393721
/bin/bash -c rm -rf old_files,0,0,0,2,0,2,0,0,0,0,0,0,0,0,0,0,0,0,0,0,0,0,0,0,0,0,0,0,0,0,0,0,0,0,0,0,0,0,0,0,0,0,0,0,0,2,2,0,0,0,0,0,0,0,0,0,0,0,0,0,0,0,2.7509720823177575,3.233783591509894
/bin/bash -c hostname -I,0,0,0,2,0,3,0,0,0,0,0,0,0,0,0,0,0,0,0,0,0,0,0,0,0,0,0,0,0,0,0,0,0,0,0,0,0,0,0,0,0,0,0,0,0,2,2,0,0,0,0,0,0,0,0,0,0,0,0,0,0,0,2.7463840917077538,3.2723480414222097
/bin/bash -c ls -l example.sh,0,0,0,2,0,2,0,0,0,0,0,0,0,0,0,0,0,0,0,0,0,0,0,0,0,0,0,0,0,0,0,0,0,0,0,0,0,0,0,0,0,0,0,0,0,2,2,0,0,0,0,0,0,0,0,0,0,0,0,0,0,0,2.648939211867259,3.2317711064182375
/bin/bash -c chmod 755 backup,0,0,0,2,0,2,0,0,0,0,0,0,0,0,0,0,0,0,0,0,0,0,0,0,0,0,0,0,0,0,0,0,0,0,0,0,0,0,0,0,0,0,0,0,0,2,2,0,0,0,0,0,0,0,0,0,0,0,0,0,0,0,2.825046156391832,3.235242087097522
/bin/bash -c mkdir ~/projects,0,0,0,2,0,2,0,0,0,0,0,2,0,0,0,0,0,0,0,0,0,0,0,0,0,0,0,0,0,0,0,0,0,0,0,0,0,0,0,0,0,0,0,0,0,2,2,0,0,0,0,0,0,0,0,0,0,0,0,0,0,0,2.815712148594124,3.235845268931396
/bin/bash -c ls -l,0,0,0,2,0,2,0,0,0,0,0,0,0,0,0,0,0,0,0,0,0,0,0,0,0,0,0,0,0,0,0,0,0,0,0,0,0,0,0,0,0,0,0,0,0,2,2,0,0,0,0,0,0,0,0,0,0,0,0,0,0,0,1.8423709931771088,3.2157182648819798
/bin/bash -c find / -type f -empty -delete,0,0,0,2,0,2,4,0,0,9,0,1,10,0,0,0,0,0,0,0,0,0,2,0,0,0,0,0,0,0,0,1,3,1,3,1,3,0,0,1,3,0,1,1,0,2,12,0,0,0,0,0,0,0,0,0,0,0,0,0,0,0,2.721368841718594,4.6988488940372735
"gpgv -> /usr/bin/apt-key --quiet --readonly --keyring /usr/share/keyrings/ubuntu-archive-keyring.gpg verify --status-fd 3 /tmp/apt.sig.VVp8MB /tmp/apt.data.Drprqk -> apt-key -> apt-config shell MASTER_KEYRING APT::Key::MasterKeyring -> /usr/bin/dpkg --print-foreign-architectures -> apt-config shell ARCHIVE_KEYRING APT::Key::ArchiveKeyring -> apt-config shell REMOVED_KEYS APT::Key::RemovedKeys -> apt-config shell ARCHIVE_KEYRING_URI APT::Key::ArchiveKeyringURI -> apt-config shell GPGV Apt::Key::gpgvcommand ASSERT_PUBKEY_ALGO Apt::Key::assert-pubkey-algo -> mktemp --directory --tmpdir apt-key-gpghome.XXXXXXXXXX -> chmod 700 /tmp/apt-key-gpghome.OgTwRKzDGo -> gpgv --assert-pubkey-algo=>=rsa1024,ed25519,ed448,nistp256,nistp384, --homedir /tmp/apt-key-gpghome.OgTwRKzDGo --keyring /usr/share/keyrings/ubuntu-archive-keyring.gpg --ignore-time-conflict --status-fd 3 /tmp/apt.sig.VVp8MB /tmp/apt.data.Drprqk -> rm -rf /tmp/apt-key-gpghome.OgTwRKzDGo",1,0,1,0,0,0,4,0,8,0,0,2,2,0,0,0,0,0,0,0,0,1,2,4,4,0,0,0,0,0,0,0,2,0,2,0,0,0,0,0,0,0,0,0,0,0,16,0,0,0,0,1,0,0,0,0,0,0,0,0,0,0,3.509929398119477,4.8063540972702326
"gpgv -> /usr/bin/apt-key --quiet --readonly --keyring /usr/share/keyrings/ubuntu-archive-keyring.gpg verify --status-fd 3 /tmp/apt.sig.0RzEGo /tmp/apt.data.ms5a7r -> apt-key -> apt-config shell MASTER_KEYRING APT::Key::MasterKeyring -> /usr/bin/dpkg --print-foreign-architectures -> apt-config shell ARCHIVE_KEYRING APT::Key::ArchiveKeyring -> apt-config shell REMOVED_KEYS APT::Key::RemovedKeys -> apt-config shell ARCHIVE_KEYRING_URI APT::Key::ArchiveKeyringURI -> apt-config shell GPGV Apt::Key::gpgvcommand ASSERT_PUBKEY_ALGO Apt::Key::assert-pubkey-algo -> mktemp --directory --tmpdir apt-key-gpghome.XXXXXXXXXX -> chmod 700 /tmp/apt-key-gpghome.uNr0U6g7B9 -> gpgv --assert-pubkey-algo=>=rsa1024,ed25519,ed448,nistp256,nistp384, --homedir /tmp/apt-key-gpghome.uNr0U6g7B9 --keyring /usr/share/keyrings/ubuntu-archive-keyring.gpg --ignore-time-conflict --status-fd 3 /tmp/apt.sig.0RzEGo /tmp/apt.data.ms5a7r -> rm -rf /tmp/apt-key-gpghome.uNr0U6g7B9",1,0,1,0,0,0,4,0,8,0,0,2,2,0,0,0,0,0,0,0,0,1,2,4,4,0,0,0,0,0,0,0,2,0,2,0,0,0,0,0,0,0,0,0,0,0,16,0,0,0,0,1,0,0,0,0,0,0,0,0,0,0,3.4921114445015555,4.806281240387337
"gpgv -> /usr/bin/apt-key --quiet --readonly --keyring /usr/share/keyrings/ubuntu-archive-keyring.gpg verify --status-fd 3 /tmp/apt.sig.GGcMHF /tmp/apt.data.qMPFaQ -> apt-key -> apt-config shell MASTER_KEYRING APT::Key::MasterKeyring -> /usr/bin/dpkg --print-foreign-architectures -> apt-config shell ARCHIVE_KEYRING APT::Key::ArchiveKeyring -> apt-config shell REMOVED_KEYS APT::Key::RemovedKeys -> apt-config shell ARCHIVE_KEYRING_URI APT::Key::ArchiveKeyringURI -> apt-config shell GPGV Apt::Key::gpgvcommand ASSERT_PUBKEY_ALGO Apt::Key::assert-pubkey-algo -> mktemp --directory --tmpdir apt-key-gpghome.XXXXXXXXXX -> chmod 700 /tmp/apt-key-gpghome.QL2uLGjmwR -> gpgv --assert-pubkey-algo=>=rsa1024,ed25519,ed448,nistp256,nistp384, --homedir /tmp/apt-key-gpghome.QL2uLGjmwR --keyring /usr/share/keyrings/ubuntu-archive-keyring.gpg --ignore-time-conflict --status-fd 3 /tmp/apt.sig.GGcMHF /tmp/apt.data.qMPFaQ -> rm -rf /tmp/apt-key-gpghome.QL2uLGjmwR",2,0,2,0,0,0,4,0,8,0,0,2,2,0,0,0,0,0,0,0,0,2,2,4,4,0,0,0,0,0,0,0,2,0,2,0,0,0,0,0,0,0,0,0,0,0,17,0,0,0,0,1,0,0,0,0,0,0,0,0,0,0,3.5253466203954344,4.885092277343049
"gpgv -> /usr/bin/apt-key --quiet --readonly --keyring /usr/share/keyrings/ubuntu-archive-keyring.gpg verify --status-fd 3 /tmp/apt.sig.fv5BQq /tmp/apt.data.tZE7ET -> apt-key -> apt-config shell MASTER_KEYRING APT::Key::MasterKeyring -> /usr/bin/dpkg --print-foreign-architectures -> apt-config shell ARCHIVE_KEYRING APT::Key::ArchiveKeyring -> apt-config shell REMOVED_KEYS APT::Key::RemovedKeys -> apt-config shell ARCHIVE_KEYRING_URI APT::Key::ArchiveKeyringURI -> apt-config shell GPGV Apt::Key::gpgvcommand ASSERT_PUBKEY_ALGO Apt::Key::assert-pubkey-algo -> mktemp --directory --tmpdir apt-key-gpghome.XXXXXXXXXX -> chmod 700 /tmp/apt-key-gpghome.ZvWCQbZGED -> gpgv --assert-pubkey-algo=>=rsa1024,ed25519,ed448,nistp256,nistp384, --homedir /tmp/apt-key-gpghome.ZvWCQbZGED --keyring /usr/share/keyrings/ubuntu-archive-keyring.gpg --ignore-time-conflict --status-fd 3 /tmp/apt.sig.fv5BQq /tmp/apt.data.tZE7ET -> rm -rf /tmp/apt-key-gpghome.ZvWCQbZGED",0,0,0,0,0,0,4,0,8,0,0,2,2,0,0,0,0,0,0,0,0,0,2,4,4,0,0,0,0,0,0,0,2,0,2,0,0,0,0,0,0,0,0,0,0,0,15,0,0,0,0,1,0,0,0,0,0,0,0,0,0,0,3.527122803826714,4.5979800125526475
"gpgv -> /usr/bin/apt-key --quiet --readonly --keyring /usr/share/keyrings/ubuntu-archive-keyring.gpg verify --status-fd 3 /tmp/apt.sig.01nOec /tmp/apt.data.y1BPwK -> apt-key -> apt-config shell MASTER_KEYRING APT::Key::MasterKeyring -> /usr/bin/dpkg --print-foreign-architectures -> apt-config shell ARCHIVE_KEYRING APT::Key::ArchiveKeyring -> apt-config shell REMOVED_KEYS APT::Key::RemovedKeys -> apt-config shell ARCHIVE_KEYRING_URI APT::Key::ArchiveKeyringURI -> apt-config shell GPGV Apt::Key::gpgvcommand ASSERT_PUBKEY_ALGO Apt::Key::assert-pubkey-algo -> mktemp --directory --tmpdir apt-key-gpghome.XXXXXXXXXX -> chmod 700 /tmp/apt-key-gpghome.bIF0AKdqbC -> gpgv --assert-pubkey-algo=>=rsa1024,ed25519,ed448,nistp256,nistp384, --homedir /tmp/apt-key-gpghome.bIF0AKdqbC --keyring /usr/share/keyrings/ubuntu-archive-keyring.gpg --ignore-time-conflict --status-fd 3 /tmp/apt.sig.01nOec /tmp/apt.data.y1BPwK -> rm -rf /tmp/apt-key-gpghome.bIF0AKdqbC",0,0,0,0,0,0,4,0,8,0,0,2,2,0,0,0,0,0,0,0,0,0,2,4,4,0,0,0,0,0,0,0,2,0,2,0,0,0,0,0,0,0,0,0,0,0,15,0,0,0,0,1,0,0,0,0,0,0,0,0,0,0,3.5101320137931964,4.597894441906508
"gpgv -> /usr/bin/apt-key --quiet --readonly --keyring /usr/share/keyrings/ubuntu-archive-keyring.gpg verify --status-fd 3 /tmp/apt.sig.J9w0Y4 /tmp/apt.data.MWhJ04 -> apt-key -> apt-config shell MASTER_KEYRING APT::Key::MasterKeyring -> /usr/bin/dpkg --print-foreign-architectures -> apt-config shell ARCHIVE_KEYRING APT::Key::ArchiveKeyring -> apt-config shell REMOVED_KEYS APT::Key::RemovedKeys -> apt-config shell ARCHIVE_KEYRING_URI APT::Key::ArchiveKeyringURI -> apt-config shell GPGV Apt::Key::gpgvcommand ASSERT_PUBKEY_ALGO Apt::Key::assert-pubkey-algo -> mktemp --directory --tmpdir apt-key-gpghome.XXXXXXXXXX -> chmod 700 /tmp/apt-key-gpghome.Vxxs1ZrD04 -> gpgv --assert-pubkey-algo=>=rsa1024,ed25519,ed448,nistp256,nistp384, --homedir /tmp/apt-key-gpghome.Vxxs1ZrD04 --keyring /usr/share/keyrings/ubuntu-archive-keyring.gpg --ignore-time-conflict --status-fd 3 /tmp/apt.sig.J9w0Y4 /tmp/apt.data.MWhJ04 -> rm -rf /tmp/apt-key-gpghome.Vxxs1ZrD04",0,0,0,0,0,0,4,0,8,0,0,2,2,0,0,0,0,0,0,0,0,0,2,4,4,0,0,0,0,0,0,0,2,0,2,0,0,0,0,0,0,0,0,0,0,0,15,0,0,0,0,1,0,0,0,0,0,0,0,0,0,0,3.5054703988833853,4.597870963354333
"gpgv -> /usr/bin/apt-key --quiet --readonly --keyring /usr/share/keyrings/ubuntu-archive-keyring.gpg verify --status-fd 3 /tmp/apt.sig.DLryK2 /tmp/apt.data.DxkWiq -> apt-key -> apt-config shell MASTER_KEYRING APT::Key::MasterKeyring -> /usr/bin/dpkg --print-foreign-architectures -> apt-config shell ARCHIVE_KEYRING APT::Key::ArchiveKeyring -> apt-config shell REMOVED_KEYS APT::Key::RemovedKeys -> apt-config shell ARCHIVE_KEYRING_URI APT::Key::ArchiveKeyringURI -> apt-config shell GPGV Apt::Key::gpgvcommand ASSERT_PUBKEY_ALGO Apt::Key::assert-pubkey-algo -> mktemp --directory --tmpdir apt-key-gpghome.XXXXXXXXXX -> chmod 700 /tmp/apt-key-gpghome.xsgbRvg2XE -> gpgv --assert-pubkey-algo=>=rsa1024,ed25519,ed448,nistp256,nistp384, --homedir /tmp/apt-key-gpghome.xsgbRvg2XE --keyring /usr/share/keyrings/ubuntu-archive-keyring.gpg --ignore-time-conflict --status-fd 3 /tmp/apt.sig.DLryK2 /tmp/apt.data.DxkWiq -> rm -rf /tmp/apt-key-gpghome.xsgbRvg2XE",5,0,5,0,0,0,4,0,8,0,0,2,2,0,0,0,0,0,0,0,0,5,2,4,4,0,0,0,0,0,0,0,2,0,2,0,0,0,0,0,0,0,0,0,0,0,20,0,0,0,0,1,0,0,0,0,0,0,0,0,0,0,3.4921114445015555,5.089545395827615
"gpgv -> /usr/bin/apt-key --quiet --readonly --keyring /usr/share/keyrings/ubuntu-archive-keyring.gpg verify --status-fd 3 /tmp/apt.sig.MrQ4Nz /tmp/apt.data.ZuRfpR -> apt-key -> apt-config shell MASTER_KEYRING APT::Key::MasterKeyring -> /usr/bin/dpkg --print-foreign-architectures -> apt-config shell ARCHIVE_KEYRING APT::Key::ArchiveKeyring -> apt-config shell REMOVED_KEYS APT::Key::RemovedKeys -> apt-config shell ARCHIVE_KEYRING_URI APT::Key::ArchiveKeyringURI -> apt-config shell GPGV Apt::Key::gpgvcommand ASSERT_PUBKEY_ALGO Apt::Key::assert-pubkey-algo -> mktemp --directory --tmpdir apt-key-gpghome.XXXXXXXXXX -> chmod 700 /tmp/apt-key-gpghome.HIOdlXM56s -> gpgv --assert-pubkey-algo=>=rsa1024,ed25519,ed448,nistp256,nistp384, --homedir /tmp/apt-key-gpghome.HIOdlXM56s --keyring /usr/share/keyrings/ubuntu-archive-keyring.gpg --ignore-time-conflict --status-fd 3 /tmp/apt.sig.MrQ4Nz /tmp/apt.data.ZuRfpR -> rm -rf /tmp/apt-key-gpghome.HIOdlXM56s",0,0,0,0,0,0,4,0,8,0,0,2,2,0,0,0,0,0,0,0,0,0,2,4,4,0,0,0,0,0,0,0,2,0,2,0,0,0,0,0,0,0,0,0,0,0,15,0,0,0,0,1,0,0,0,0,0,0,0,0,0,0,3.5065865484510965,4.59787658497052
"gpgv -> /usr/bin/apt-key --quiet --readonly --keyring /usr/share/keyrings/ubuntu-archive-keyring.gpg verify --status-fd 3 /tmp/apt.sig.VSd7IF /tmp/apt.data.7o7hFA -> apt-key -> apt-config shell MASTER_KEYRING APT::Key::MasterKeyring -> /usr/bin/dpkg --print-foreign-architectures -> apt-config shell ARCHIVE_KEYRING APT::Key::ArchiveKeyring -> apt-config shell REMOVED_KEYS APT::Key::RemovedKeys -> apt-config shell ARCHIVE_KEYRING_URI APT::Key::ArchiveKeyringURI -> apt-config shell GPGV Apt::Key::gpgvcommand ASSERT_PUBKEY_ALGO Apt::Key::assert-pubkey-algo -> mktemp --directory --tmpdir apt-key-gpghome.XXXXXXXXXX -> chmod 700 /tmp/apt-key-gpghome.4ERehUl6Ww -> gpgv --assert-pubkey-algo=>=rsa1024,ed25519,ed448,nistp256,nistp384, --homedir /tmp/apt-key-gpghome.4ERehUl6Ww --keyring /usr/share/keyrings/ubuntu-archive-keyring.gpg --ignore-time-conflict --status-fd 3 /tmp/apt.sig.VSd7IF /tmp/apt.data.7o7hFA -> rm -rf /tmp/apt-key-gpghome.4ERehUl6Ww",0,0,0,0,0,0,4,0,8,0,0,2,2,0,0,0,0,0,0,0,0,0,2,4,4,0,0,0,0,0,0,0,2,0,2,0,0,0,0,0,0,0,0,0,0,0,15,0,0,0,0,1,0,0,0,0,0,0,0,0,0,0,3.518447865669295,4.597936323912079
"gpgv -> /usr/bin/apt-key --quiet --readonly --keyring /usr/share/keyrings/ubuntu-archive-keyring.gpg verify --status-fd 3 /tmp/apt.sig.pI5UzJ /tmp/apt.data.iyMxhU -> apt-key -> apt-config shell MASTER_KEYRING APT::Key::MasterKeyring -> /usr/bin/dpkg --print-foreign-architectures -> apt-config shell ARCHIVE_KEYRING APT::Key::ArchiveKeyring -> apt-config shell REMOVED_KEYS APT::Key::RemovedKeys -> apt-config shell ARCHIVE_KEYRING_URI APT::Key::ArchiveKeyringURI -> apt-config shell GPGV Apt::Key::gpgvcommand ASSERT_PUBKEY_ALGO Apt::Key::assert-pubkey-algo -> mktemp --directory --tmpdir apt-key-gpghome.XXXXXXXXXX -> chmod 700 /tmp/apt-key-gpghome.KvJSjSgMJe -> gpgv --assert-pubkey-algo=>=rsa1024,ed25519,ed448,nistp256,nistp384, --homedir /tmp/apt-key-gpghome.KvJSjSgMJe --keyring /usr/share/keyrings/ubuntu-archive-keyring.gpg --ignore-time-conflict --status-fd 3 /tmp/apt.sig.pI5UzJ /tmp/apt.data.iyMxhU -> rm -rf /tmp/apt-key-gpghome.KvJSjSgMJe",0,0,0,0,0,0,4,0,8,0,0,2,2,0,0,0,0,0,0,0,0,0,2,4,4,0,0,0,0,0,0,0,2,0,2,0,0,0,0,0,0,0,0,0,0,0,15,0,0,0,0,1,0,0,0,0,0,0,0,0,0,0,3.4993149492052784,4.597839960153476
"gpgv -> /usr/bin/apt-key --quiet --readonly --keyring /usr/share/keyrings/ubuntu-archive-keyring.gpg verify --status-fd 3 /tmp/apt.sig.LhE8io /tmp/apt.data.XYn23L -> apt-key -> apt-config shell MASTER_KEYRING APT::Key::MasterKeyring -> /usr/bin/dpkg --print-foreign-architectures -> apt-config shell ARCHIVE_KEYRING APT::Key::ArchiveKeyring -> apt-config shell REMOVED_KEYS APT::Key::RemovedKeys -> apt-config shell ARCHIVE_KEYRING_URI APT::Key::ArchiveKeyringURI -> apt-config shell GPGV Apt::Key::gpgvcommand ASSERT_PUBKEY_ALGO Apt::Key::assert-pubkey-algo -> mktemp --directory --tmpdir apt-key-gpghome.XXXXXXXXXX -> chmod 700 /tmp/apt-key-gpghome.WSmAigF9Fu -> gpgv --assert-pubkey-algo=>=rsa1024,ed25519,ed448,nistp256,nistp384, --homedir /tmp/apt-key-gpghome.WSmAigF9Fu --keyring /usr/share/keyrings/ubuntu-archive-keyring.gpg --ignore-time-conflict --status-fd 3 /tmp/apt.sig.LhE8io /tmp/apt.data.XYn23L -> rm -rf /tmp/apt-key-gpghome.WSmAigF9Fu",0,0,0,0,0,0,4,0,8,0,0,2,2,0,0,0,0,0,0,0,0,0,2,4,4,0,0,0,0,0,0,0,2,0,2,0,0,0,0,0,0,0,0,0,0,0,15,0,0,0,0,1,0,0,0,0,0,0,0,0,0,0,3.4921114445015555,4.59780367698513
"gpgv -> /usr/bin/apt-key --quiet --readonly --keyring /usr/share/keyrings/ubuntu-archive-keyring.gpg verify --status-fd 3 /tmp/apt.sig.gY2lf2 /tmp/apt.data.3jgqDx -> apt-key -> apt-config shell MASTER_KEYRING APT::Key::MasterKeyring -> /usr/bin/dpkg --print-foreign-architectures -> apt-config shell ARCHIVE_KEYRING APT::Key::ArchiveKeyring -> apt-config shell REMOVED_KEYS APT::Key::RemovedKeys -> apt-config shell ARCHIVE_KEYRING_URI APT::Key::ArchiveKeyringURI -> apt-config shell GPGV Apt::Key::gpgvcommand ASSERT_PUBKEY_ALGO Apt::Key::assert-pubkey-algo -> mktemp --directory --tmpdir apt-key-gpghome.XXXXXXXXXX -> chmod 700 /tmp/apt-key-gpghome.JkIGP80l8I -> gpgv --assert-pubkey-algo=>=rsa1024,ed25519,ed448,nistp256,nistp384, --homedir /tmp/apt-key-gpghome.JkIGP80l8I --keyring /usr/share/keyrings/ubuntu-archive-keyring.gpg --ignore-time-conflict --status-fd 3 /tmp/apt.sig.gY2lf2 /tmp/apt.data.3jgqDx -> rm -rf /tmp/apt-key-gpghome.JkIGP80l8I",0,0,0,0,0,0,4,0,8,0,0,2,2,0,0,0,0,0,0,0,0,0,2,4,4,0,0,0,0,0,0,0,2,0,2,0,0,0,0,0,0,0,0,0,0,0,15,0,0,0,0,1,0,0,0,0,0,0,0,0,0,0,3.503910057911404,4.5978631044638725
