command_chain,count_read_event,count_write_event,count_sensitive_file_access_fails,count_socket_connect_event_successfully,count_socket_connect_event_fails,count_socket_create_event,count_file_modification_event_successfully,count_file_modification_event_fails,count_file_creation_event,count_link_event,count_symlink_event,count_dir_creation_event,count_dir_remove_event,count_mknod_create_event,count_rename_event,count_auth_event_successfully,count_auth_event_fails,count_passwd_change_event_successfully,count_passwd_change_event_fails,count_user_change_event_successfully,count_user_change_event_fails,count_do_not_update_atime,count_was_modified_time_changed,count_owner_changed,count_group_changed,count_suid_set,count_suid_cleared,count_sgid_set,count_sgid_cleared,count_sticky_set,count_sticky_cleared,count_user_write_added,count_user_write_removed,count_user_read_added,count_user_read_removed,count_user_exec_added,count_user_exec_removed,count_group_write_added,count_group_write_removed,count_group_exec_added,count_group_exec_removed,count_world_write_been_added,count_world_read_been_added,count_world_exec_been_added,count_external_ip,is_priviliged_port,count_sensitive_file,count_is_linked_to_sensitive_file,count_linked_file_SGID_or_SUID,count_atime_flag_been_set,count_modified_time_been_changed,is_current_dir_world_writable,is_target_dir_world_writable,is_in_memory_path,is_cross_user_link,is_dev_backdoor,is_fake_device,risk_score,argv_has_network,argv_is_ip,argv_has_encoding,argv_is_net_tool,argv_is_sudo,argv_entropy,label
python3 -> /bin/bash -c firefox & -> /bin/bash -c find ~/Pictures -name '*.png' -> /bin/bash -c cp ~/Downloads/notes.txt ~/Documents/ -> /bin/bash -c rm ~/Desktop/old_backup.zip -> /bin/bash -c pwd -> /bin/bash -c ls -a ~ -> /bin/bash -c code . -> /bin/bash -c hostname -I -> /bin/bash -c free -h -> /bin/bash -c ps aux -> /bin/bash -c grep 'error' log.txt -> /bin/bash -c mv ~/Documents/report.pdf ~/Desktop/ -> /bin/bash -c sudo mkdir /temp -> sudo -> /bin/bash -c find . -name 'readme.txt' -> /bin/bash -c cp /config.json ./ -> /bin/bash -c rm ~/Downloads/outdated_backup.tar -> /bin/bash -c uname -r -> /bin/bash -c ls -d */ -> /bin/bash -c ps aux --sort=-%mem | head -n 10 -> head -n 10 -> ps -> /bin/bash -c find /var/www -name 'index.html' -> /bin/bash -c mv oldfile.txt newfile.txt -> /bin/bash -c printenv -> /bin/bash -c tar -czvf project.tar.gz ~/project -> /bin/sh -c gzip -> gzip -> /bin/bash -c unzip archive.zip -> /bin/bash -c zip -r files.zip ~/files -> /bin/bash -c sudo apt update && sudo apt upgrade -y -> sudo apt update -> /bin/bash -c mv ~/Desktop/x ~/Downloads/ -> /bin/bash -c mkdir ~/backups -> /bin/bash -c find ~/Documents -name '*.txt' -> /bin/bash -c cp ~/Downloads/data.csv ./ -> /bin/bash -c rm ~/Desktop/old_version.tar -> /bin/bash -c ls -l -> /bin/bash -c du -sh ~/ -> /bin/bash -c nproc -> /bin/bash -c who -> /bin/bash -c grep 'success' /var/log/syslog -> /bin/bash -c tar -xzvf project.tar.gz -> gzip -d -> /bin/bash -c chmod 600 file.txt -> /bin/bash -c rm -r ~/old_folder -> /bin/bash -c find / -name '*config*' -> /bin/bash -c ln -s example.txt symlink_example.txt -> /bin/bash -c ss -tuln -> /bin/bash -c rm -rf /tmp/* -> /bin/bash -c du -sh . -> /bin/bash -c tar -czvf backup_project.tar.gz ~/project -> /bin/bash -c dpkg --get-selections -> /bin/bash -c wc -l large_file.txt -> /bin/bash -c ps aux --sort=-%mem | head -n 5 -> head -n 5 -> /bin/bash -c sudo chown user1 file.txt -> /bin/bash -c mv ~/Documents/old_folder ~/Downloads/ -> /bin/bash -c date '+%Y-%m-%d %H:%M:%S' -> /bin/bash -c uptime -> /bin/bash -c mkdir ~/Documents/projects -> /bin/bash -c mkdir ~/Documents/archive -> /bin/bash -c ls ~/Downloads -> /bin/bash -c find / -name '*backup*' -> /bin/bash -c du -sh ~/Downloads -> /bin/bash -c chmod 666 data.txt -> /bin/bash -c tar -czvf work_backup.tar.gz ~/work -> /bin/bash -c grep 'error' /var/log/* -> /bin/bash -c df -h -> /bin/bash -c zip -r project.zip ~/project_folder -> /bin/bash -c mv ~/Desktop/report.pdf ~/Documents/ -> /bin/bash -c touch ~/Documents/notes.txt -> /bin/bash -c cat message.txt -> /bin/bash -c tail -n 10 error.log -> /bin/bash -c rm old_report.txt -> /bin/bash -c tar -czvf home_backup.tar.gz ~/ -> /bin/bash -c sudo apt install htop -> /bin/bash -c rm /var/log/*.log -> /bin/bash -c pstree -> /bin/bash -c touch new_file.txt -> /bin/bash -c find . -mtime +30 -> /bin/bash -c ls -d /home/*/ -> /bin/bash -c date '+%Y-%m-%d' -> /bin/bash -c grep 'warning' system.log -> /bin/bash -c tail -n 100 /var/log/syslog -> /bin/bash -c sudo systemctl start apache2 -> /bin/bash -c sudo systemctl stop apache2 -> /bin/bash -c sudo systemctl restart apache2 -> /bin/bash -c touch ~/Documents/test_file.txt -> /bin/bash -c du -sh * -> /bin/bash -c ls -l my_file.txt -> /bin/bash -c find / -type f -exec du -h {} + | sort -rh | head -n 10 -> find / -type f -exec du -h {} + -> du -h /sys/kernel/warn_count /sys/kernel/notes /sys/kernel/mm/page_idle/bitmap /sys/kernel/mm/lru_gen/enabled /sys/kernel/mm/lru_gen/min_ttl_ms /sys/kernel/mm/hugepages/hugepages-2048kB/free_hugepages /sys/kernel/mm/hugepages/hugepages-2048kB/resv_hugepages /sys/kernel/mm/hugepages/hugepages-2048kB/surplus_hugepages /sys/kernel/mm/hugepages/hugepages-2048kB/nr_hugepages_mempolic /sys/kernel/mm/hugepages/hugepages-2048kB/nr_hugepages -> du -h /sys/kernel/slab/kmalloc-rnd-06-64/validate /sys/kernel/slab/kmalloc-rnd-06-64/skip_kfence /sys/kernel/slab/kmalloc-rnd-06-64/min_partial /sys/kernel/slab/kmalloc-rnd-06-64/poison /sys/kernel/slab/kmalloc-rnd-06-64/red_zone /sys/kernel/slab/kmalloc-rnd-06-64/slabs /sys/kernel/slab/kmalloc-rnd-06-64/destroy_by_rcu /sys/kernel/slab/kmalloc-rnd-06-64/usersize /sys/kernel/slab/kmalloc-rnd-06-64/sanity_checks /sys/kernel/slab/kmalloc-rnd-06-64/align -> du -h /sys/kernel/slab/kmalloc-rcl-512/usersize /sys/kernel/slab/kmalloc-rcl-512/sanity_checks /sys/kernel/slab/kmalloc-rcl-512/align /sys/kernel/slab/kmalloc-rcl-512/aliases /sys/kernel/slab/kmalloc-rcl-512/store_user /sys/kernel/slab/kmalloc-rcl-512/trace /sys/kernel/slab/kmalloc-rcl-512/reclaim_account /sys/kernel/slab/kmalloc-rcl-512/order /sys/kernel/slab/kmalloc-rcl-512/object_size /sys/kernel/slab/kmalloc-rcl-512/shrink -> du -h /sys/kernel/slab/kmalloc-rnd-01-192/sanity_checks /sys/kernel/slab/kmalloc-rnd-01-192/align /sys/kernel/slab/kmalloc-rnd-01-192/aliases /sys/kernel/slab/kmalloc-rnd-01-192/store_user /sys/kernel/slab/kmalloc-rnd-01-192/trace /sys/kernel/slab/kmalloc-rnd-01-192/reclaim_account /sys/kernel/slab/kmalloc-rnd-01-192/order /sys/kernel/slab/kmalloc-rnd-01-192/object_size /sys/kernel/slab/kmalloc-rnd-01-192/shrink /sys/kernel/slab/kmalloc-rnd-01-192/hwcache_align -> du -h /sys/devices/platform/PNP0C14:00/wmi_bus/wmi_bus-PNP0C14:00/86C /sys/devices/platform/PNP0C14:00/wmi_bus/wmi_bus-PNP0C14:00/86C /sys/devices/platform/PNP0C14:00/wmi_bus/wmi_bus-PNP0C14:00/86C /sys/devices/platform/PNP0C14:00/wmi_bus/wmi_bus-PNP0C14:00/86C /sys/devices/platform/PNP0C14:00/wmi_bus/wmi_bus-PNP0C14:00/86C /sys/devices/platform/PNP0C14:00/wmi_bus/wmi_bus-PNP0C14:00/86C /sys/devices/platform/PNP0C14:00/wmi_bus/wmi_bus-PNP0C14:00/86C /sys/devices/platform/PNP0C14:00/wmi_bus/wmi_bus-PNP0C14:00/86C /sys/devices/platform/PNP0C14:00/wmi_bus/wmi_bus-PNP0C14:00/86C /sys/devices/platform/PNP0C14:00/wmi_bus/wmi_bus-PNP0C14:00/86C -> du -h /sys/devices/platform/serial8250/serial8250:0/serial8250:0.10/t /sys/devices/platform/serial8250/serial8250:0/serial8250:0.10/t /sys/devices/platform/serial8250/serial8250:0/serial8250:0.10/t /sys/devices/platform/serial8250/serial8250:0/serial8250:0.10/t /sys/devices/platform/serial8250/serial8250:0/serial8250:0.10/t /sys/devices/platform/serial8250/serial8250:0/serial8250:0.10/t /sys/devices/platform/serial8250/serial8250:0/serial8250:0.10/t /sys/devices/platform/serial8250/serial8250:0/serial8250:0.10/t /sys/devices/platform/serial8250/serial8250:0/serial8250:0.10/t /sys/devices/platform/serial8250/serial8250:0/serial8250:0.10/t -> du -h /sys/devices/pci0000:00/0000:00:17.0/ata3/host2/target2:0:0/2:0 /sys/devices/pci0000:00/0000:00:17.0/ata3/host2/target2:0:0/2:0 /sys/devices/pci0000:00/0000:00:17.0/ata3/host2/target2:0:0/2:0 /sys/devices/pci0000:00/0000:00:17.0/ata3/host2/target2:0:0/2:0 /sys/devices/pci0000:00/0000:00:17.0/ata3/host2/target2:0:0/2:0 /sys/devices/pci0000:00/0000:00:17.0/ata3/host2/target2:0:0/2:0 /sys/devices/pci0000:00/0000:00:17.0/ata3/host2/target2:0:0/2:0 /sys/devices/pci0000:00/0000:00:17.0/ata3/host2/target2:0:0/2:0 /sys/devices/pci0000:00/0000:00:17.0/ata3/host2/target2:0:0/2:0 /sys/devices/pci0000:00/0000:00:17.0/ata3/host2/target2:0:0/2:0 -> du -h /sys/devices/pci0000:00/0000:00:1f.3/hdaudioC0D0/widgets/21/pin /sys/devices/pci0000:00/0000:00:1f.3/hdaudioC0D0/widgets/21/amp /sys/devices/pci0000:00/0000:00:1f.3/hdaudioC0D0/widgets/21/con /sys/devices/pci0000:00/0000:00:1f.3/hdaudioC0D0/widgets/21/pin /sys/devices/pci0000:00/0000:00:1f.3/hdaudioC0D0/widgets/21/cap /sys/devices/pci0000:00/0000:00:1f.3/hdaudioC0D0/widgets/21/pow /sys/devices/pci0000:00/0000:00:1f.3/hdaudioC0D0/widgets/21/pcm /sys/devices/pci0000:00/0000:00:1f.3/hdaudioC0D0/widgets/11/pcm /sys/devices/pci0000:00/0000:00:1f.3/hdaudioC0D0/widgets/11/amp /sys/devices/pci0000:00/0000:00:1f.3/hdaudioC0D0/widgets/11/pin -> du -h /sys/devices/pci0000:00/0000:00:14.0/usb1/1-5/1-5:1.0/iad_bFunc /sys/devices/pci0000:00/0000:00:14.0/usb1/1-5/1-5:1.0/bInterfac /sys/devices/pci0000:00/0000:00:14.0/usb1/1-5/1-5:1.0/video4lin /sys/devices/pci0000:00/0000:00:14.0/usb1/1-5/1-5:1.0/video4lin /sys/devices/pci0000:00/0000:00:14.0/usb1/1-5/1-5:1.0/video4lin /sys/devices/pci0000:00/0000:00:14.0/usb1/1-5/1-5:1.0/video4lin /sys/devices/pci0000:00/0000:00:14.0/usb1/1-5/1-5:1.0/video4lin /sys/devices/pci0000:00/0000:00:14.0/usb1/1-5/1-5:1.0/video4lin /sys/devices/pci0000:00/0000:00:14.0/usb1/1-5/1-5:1.0/video4lin /sys/devices/pci0000:00/0000:00:14.0/usb1/1-5/1-5:1.0/video4lin -> du -h /sys/devices/pci0000:00/0000:00:1c.2/0000:02:00.0/subsystem_dev /sys/devices/pci0000:00/0000:00:1c.2/0000:02:00.0/dma_mask_bits /sys/devices/pci0000:00/0000:00:1c.2/0000:02:00.0/vendor /sys/devices/pci0000:00/0000:00:1c.2/0000:02:00.0/local_cpus /sys/devices/pci0000:00/0000:00:1c.2/0000:02:00.0/power/runtime /sys/devices/pci0000:00/0000:00:1c.2/0000:02:00.0/power/wakeup /sys/devices/pci0000:00/0000:00:1c.2/0000:02:00.0/power/wakeup_ /sys/devices/pci0000:00/0000:00:1c.2/0000:02:00.0/power/wakeup_ /sys/devices/pci0000:00/0000:00:1c.2/0000:02:00.0/power/wakeup_ /sys/devices/pci0000:00/0000:00:1c.2/0000:02:00.0/power/runtime -> du -h /sys/devices/virtual/thermal/thermal_zone2/trip_point_4_temp /sys/devices/virtual/thermal/thermal_zone2/trip_point_2_type /sys/devices/virtual/thermal/thermal_zone2/mode /sys/devices/virtual/thermal/thermal_zone2/power/runtime_active /sys/devices/virtual/thermal/thermal_zone2/power/runtime_active /sys/devices/virtual/thermal/thermal_zone2/power/runtime_usage /sys/devices/virtual/thermal/thermal_zone2/power/runtime_status /sys/devices/virtual/thermal/thermal_zone2/power/autosuspend_de /sys/devices/virtual/thermal/thermal_zone2/power/async /sys/devices/virtual/thermal/thermal_zone2/power/runtime_suspen -> du -h /sys/devices/virtual/block/loop19/queue/rotational /sys/devices/virtual/block/loop19/queue/discard_max_bytes /sys/devices/virtual/block/loop19/queue/add_random /sys/devices/virtual/block/loop19/queue/discard_max_hw_bytes /sys/devices/virtual/block/loop19/queue/optimal_io_size /sys/devices/virtual/block/loop19/queue/chunk_sectors /sys/devices/virtual/block/loop19/queue/read_ahead_kb /sys/devices/virtual/block/loop19/queue/max_discard_segments /sys/devices/virtual/block/loop19/queue/write_zeroes_max_bytes /sys/devices/virtual/block/loop19/queue/nomerges -> du -h /sys/devices/LNXSYSTM:00/LNXSYBUS:00/PNP0C0F:06/power/runtime_u /sys/devices/LNXSYSTM:00/LNXSYBUS:00/PNP0C0F:06/power/runtime_s /sys/devices/LNXSYSTM:00/LNXSYBUS:00/PNP0C0F:06/power/autosuspe /sys/devices/LNXSYSTM:00/LNXSYBUS:00/PNP0C0F:06/power/async /sys/devices/LNXSYSTM:00/LNXSYBUS:00/PNP0C0F:06/power/runtime_s /sys/devices/LNXSYSTM:00/LNXSYBUS:00/PNP0C0F:06/power/runtime_e /sys/devices/LNXSYSTM:00/LNXSYBUS:00/PNP0C0F:06/power/control /sys/devices/LNXSYSTM:00/LNXSYBUS:00/PNP0C0F:06/uid /sys/devices/LNXSYSTM:00/LNXSYBUS:00/PNP0C0F:06/hid /sys/devices/LNXSYSTM:00/LNXSYBUS:00/PNP0C0F:06/path -> du -h /sys/devices/LNXSYSTM:00/LNXSYBUS:00/PNP0A08:00/device:10/PNP01 /sys/devices/LNXSYSTM:00/LNXSYBUS:00/PNP0A08:00/device:10/PNP01 /sys/devices/LNXSYSTM:00/LNXSYBUS:00/PNP0A08:00/device:10/PNP01 /sys/devices/LNXSYSTM:00/LNXSYBUS:00/PNP0A08:00/device:10/PNP01 /sys/devices/LNXSYSTM:00/LNXSYBUS:00/PNP0A08:00/device:10/PNP0C /sys/devices/LNXSYSTM:00/LNXSYBUS:00/PNP0A08:00/device:10/PNP0C /sys/devices/LNXSYSTM:00/LNXSYBUS:00/PNP0A08:00/device:10/PNP0C /sys/devices/LNXSYSTM:00/LNXSYBUS:00/PNP0A08:00/device:10/PNP0C /sys/devices/LNXSYSTM:00/LNXSYBUS:00/PNP0A08:00/device:10/PNP0C /sys/devices/LNXSYSTM:00/LNXSYBUS:00/PNP0A08:00/device:10/PNP0C -> du -h /sys/devices/LNXSYSTM:00/LNXPWRBN:00/input/input3/id/bustype /sys/devices/LNXSYSTM:00/LNXPWRBN:00/input/input3/id/vendor /sys/devices/LNXSYSTM:00/LNXPWRBN:00/input/input3/id/product /sys/devices/LNXSYSTM:00/LNXPWRBN:00/input/input3/id/version /sys/devices/LNXSYSTM:00/LNXPWRBN:00/input/input3/event3/uevent /sys/devices/LNXSYSTM:00/LNXPWRBN:00/input/input3/event3/power/ /sys/devices/LNXSYSTM:00/LNXPWRBN:00/input/input3/event3/power/ /sys/devices/LNXSYSTM:00/LNXPWRBN:00/input/input3/event3/power/ /sys/devices/LNXSYSTM:00/LNXPWRBN:00/input/input3/event3/power/ /sys/devices/LNXSYSTM:00/LNXPWRBN:00/input/input3/event3/power/ -> du -h /sys/module/videobuf2_vmalloc/sections/__dyndbg /sys/module/videobuf2_vmalloc/sections/.gnu.linkonce.this_modul /sys/module/videobuf2_vmalloc/sections/.symtab /sys/module/videobuf2_vmalloc/sections/.rodata /sys/module/videobuf2_vmalloc/sections/.note.gnu.build-id /sys/module/videobuf2_vmalloc/sections/.text /sys/module/videobuf2_vmalloc/sections/.call_sites /sys/module/videobuf2_vmalloc/sections/.data /sys/module/videobuf2_vmalloc/sections/.smp_locks /sys/module/videobuf2_vmalloc/sections/__bug_table -> du -h /sys/module/vboxdrv/sections/.return_sites /sys/module/vboxdrv/sections/.gnu.linkonce.this_module /sys/module/vboxdrv/sections/.symtab /sys/module/vboxdrv/sections/.rodata /sys/module/vboxdrv/sections/.init.text /sys/module/vboxdrv/sections/.note.gnu.build-id /sys/module/vboxdrv/sections/.text /sys/module/vboxdrv/sections/.fixup /sys/module/vboxdrv/sections/.init.data /sys/module/vboxdrv/sections/.call_sites -> du -h /usr/share/bash-completion/completions/mkfs.bfs /usr/share/bash-completion/completions/nsenter /usr/share/bash-completion/completions/setterm /usr/share/bash-completion/completions/chmem /usr/share/bash-completion/completions/unshare /usr/share/bash-completion/completions/mkfs.minix /usr/share/bash-completion/completions/renice /usr/share/bash-completion/completions/su /usr/share/bash-completion/completions/scriptlive /usr/share/bash-completion/completions/ipcmk -> du -h /usr/lib/python3.12/test/typinganndata/ann_module5.py /usr/lib/python3.12/test/typinganndata/ann_module4.py /usr/lib/python3.12/io.py /usr/lib/python3.12/locale.py /usr/lib/python3.12/sched.py /usr/lib/python3.12/heapq.py /usr/lib/python3.12/copyreg.py /usr/lib/python3.12/selectors.py /usr/lib/python3.12/zipfile/_path/__init__.py /usr/lib/python3.12/zipfile/_path/__pycache__/glob.cpython-312. -> du -h /proc/3545/mem /proc/3545/mounts /proc/3545/mountinfo /proc/3545/mountstats /proc/3545/clear_refs /proc/3545/smaps /proc/3545/smaps_rollup /proc/3545/pagemap /proc/3545/attr/current /proc/3545/attr/prev -> sort -rh -> /bin/bash -c find ~/Pictures -name '*.jpg' -> /bin/bash -c cat config.txt -> /bin/bash -c ls -lt -> /bin/bash -c grep -r 'error' . -> /bin/bash -c hostname -> /bin/bash -c top -> /bin/bash -c ps aux | wc -l -> wc -l -> /bin/bash -c snap list -> /bin/bash -c rm *.bak -> /bin/bash -c mkdir temp_backup -> /bin/bash -c uptime -p -> /bin/bash -c cd ~/Downloads -> /bin/bash -c history -> /bin/bash -c sudo systemctl start mysql -> /bin/bash -c sudo systemctl stop mysql -> /bin/bash -c sudo systemctl status apache2 -> /bin/bash -c grep -r 'backup' . -> /bin/bash -c tree -> /bin/bash -c mv old_name.txt new_name.txt -> /bin/bash -c sudo chown -R user1 data/ -> /bin/bash -c grep 'Linux' readme.txt -> /bin/bash -c clear -> /bin/bash -c tail -n 50 /var/log/syslog -> /bin/bash -c wc -l document.txt -> /bin/bash -c du -sh / -> /bin/bash -c ln file.txt file_link.txt -> /bin/bash -c grep 'error' *.txt -> /bin/bash -c uname -v -> /bin/bash -c mkdir ~/backup -> /bin/bash -c sensors | grep 'Core 0' -> bash -> grep Core 0 -> /bin/bash -c cd ~ -> /bin/bash -c tar -czvf photos_backup.tar.gz ~/photos -> /bin/bash -c tar -czvf documents_backup.tar.gz ~/documents -> /bin/bash -c find . -mtime -7 -> /bin/bash -c docker ps -> /bin/bash -c ps aux --sort=-%cpu | head -n 10 -> /bin/bash -c sudo apt install curl -> /bin/bash -c chmod 444 data.txt -> /bin/bash -c w -> /bin/bash -c date -> /bin/bash -c chmod +x example.sh -> /bin/bash -c ln -s example.txt link_example.txt -> /bin/bash -c mv ~/Downloads/data.txt ~/Documents/ -> /bin/bash -c find . -type f -empty -delete -> /bin/bash -c wget http://example.com/file.txt -> /bin/bash -c df -h / -> /bin/bash -c zip -r archive.zip * -> /bin/bash -c systemctl list-units --type=service -> /bin/bash -c grep -r 'config' /etc/ -> /bin/bash -c cp important.txt important_backup.txt -> /bin/bash -c ls | wc -l -> ls -> /bin/bash -c sudo chown -R user1 project/ -> /bin/bash -c du -ah / | sort -rh | head -n 10 -> du -ah / -> /bin/bash -c mkdir ~/logs -> /bin/bash -c find . -name '*.log' -> /bin/bash -c grep 'error' app.log -> /bin/bash -c sudo reboot -> /bin/bash -c ip link show -> /bin/bash -c sudo mkdir /var/temp -> /bin/bash -c firefox 'https://example.com' & -> /bin/bash -c sudo hostnamectl set-hostname new-hostname -> /bin/bash -c find . -mtime -30 -> /bin/bash -c sudo systemctl start nginx -> /bin/bash -c sudo systemctl stop nginx -> /bin/bash -c ls ~/documents | wc -l -> ls /root/documents -> /bin/bash -c find / -name '*.bak' -exec rm {} + -> /bin/bash -c ls -l log.txt -> /bin/bash -c find /home -type f -> /bin/bash -c python3 -m http.server 8000 -> /bin/bash -c tar -cvf documents_backup.tar ~/documents -> /bin/bash -c find . -name '*.txt' -> /bin/bash -c head -n 20 logfile.log -> /bin/bash -c du -ah . | sort -rh | head -n 10 -> du -ah . -> /bin/bash -c sudo systemctl status ssh -> /bin/bash -c sudo systemctl stop ssh -> /bin/bash -c free -m -> /bin/bash -c sudo apt install nginx -> /bin/bash -c sudo systemctl restart nginx -> /bin/bash -c rm -rf old_files -> /bin/bash -c ls -l example.sh -> /bin/bash -c chmod 755 backup -> /bin/bash -c mkdir ~/projects -> /bin/bash -c find / -type f -empty -delete,87,1,3,541,0,550,24,0,8,12,2,15,14,0,0,0,0,0,0,0,0,15,8,0,0,0,0,0,0,0,0,2,22,2,22,2,6,0,12,1,4,0,1,1,0,6,620,0,0,0,0,0,0,0,0,1,0,8.222819307282053,0.0,0.0,0.0,0.0,0.0,3.2789647192315785,benign
systemd -> udisksd -> pool-tracker-mi -> cupsd -> snapd -> systemd-timesyn -> systemd-logind,106,2,0,1,0,4,5,0,1,0,0,0,2,0,0,0,0,0,0,0,0,0,3,2,6,0,0,0,0,0,0,0,4,0,4,0,0,0,0,0,0,0,0,0,0,1,7,0,0,0,0,0,0,0,0,0,0,4.397776944765114,,,,,,,benign
udisksd,4,0,0,0,0,0,0,0,0,0,0,0,0,0,0,0,0,0,0,0,0,0,0,0,0,0,0,0,0,0,0,0,0,0,0,0,0,0,0,0,0,0,0,0,0,0,0,0,0,0,0,0,0,0,0,0,0,0.0392207131532812,,,,,,,benign
pool,2,0,0,0,0,0,0,0,0,0,0,0,0,0,0,0,0,0,0,0,0,0,0,0,0,0,0,0,0,0,0,0,0,0,0,0,0,0,0,0,0,0,0,0,0,0,0,0,0,0,0,0,0,0,0,0,0,0.0198026272961797,,,,,,,benign
systemd -> pool-tracker-mi,51,1,0,0,0,0,0,0,0,0,0,0,0,0,0,0,0,0,0,0,0,0,0,0,0,0,0,0,0,0,0,0,0,0,0,0,0,0,0,0,0,0,0,0,0,0,0,0,0,0,0,0,0,0,0,0,0,0.4317824164255378,,,,,,,benign
/bin/bash -c firefox &,0,0,0,0,0,2,0,0,0,0,0,0,0,0,0,0,0,0,0,0,0,0,0,0,0,0,0,0,0,0,0,0,0,0,0,0,0,0,0,0,0,0,0,0,0,0,1,0,0,0,0,0,0,0,0,0,0,2.1161510336594027,0.0,0.0,0.0,0.0,0.0,2.5982657036259327,benign
bash,0,0,0,0,0,0,0,0,0,0,0,0,0,0,0,0,0,0,0,0,0,0,0,0,0,0,0,0,0,0,0,0,0,0,0,0,0,0,0,0,0,0,0,0,0,0,0,0,0,0,0,0,0,0,0,0,0,0.0,,,,,,,benign
/bin/bash -c find ~/Pictures -name '*.png',0,0,0,2,0,2,0,0,0,0,0,0,0,0,0,0,0,0,0,0,0,0,0,0,0,0,0,0,0,0,0,0,0,0,0,0,0,0,0,0,0,0,0,0,0,2,2,0,0,0,0,0,0,0,0,0,0,3.2359635476370268,0.0,0.0,0.0,0.0,0.0,2.861727652146944,benign
/bin/bash -c cp ~/Downloads/notes.txt ~/Documents/,0,0,0,2,0,2,0,0,0,0,0,0,0,0,0,0,0,0,0,0,0,0,0,0,0,0,0,0,0,0,0,0,0,0,0,0,0,0,0,0,0,0,0,0,0,2,2,0,0,0,0,0,0,0,0,0,0,3.2340571000396543,0.0,0.0,0.0,0.0,0.0,2.7648548045108248,benign
/bin/bash -c rm ~/Desktop/old_backup.zip,0,0,0,2,0,2,0,0,0,0,0,0,0,0,0,0,0,0,0,0,0,0,0,0,0,0,0,0,0,0,0,0,0,0,0,0,0,0,0,0,0,0,0,0,0,2,2,0,0,0,0,0,0,0,0,0,0,3.2379292933819928,0.0,0.0,0.0,0.0,0.0,2.9618072101164894,benign
/bin/bash -c pwd,0,0,0,2,0,2,0,0,0,0,0,0,0,0,0,0,0,0,0,0,0,0,0,0,0,0,0,0,0,0,0,0,0,0,0,0,0,0,0,0,0,0,0,0,0,2,1,0,0,0,0,0,0,0,0,0,0,3.055825119909083,0.0,0.0,0.0,0.0,0.0,2.4774055510121467,benign
redis-server,0,0,0,0,0,0,0,0,0,0,0,0,1,0,0,0,0,0,0,0,0,0,0,0,0,0,0,0,0,0,0,0,0,0,0,0,0,0,0,0,0,0,0,0,0,0,0,0,0,0,0,0,0,0,0,0,0,0.048790164169432,,,,,,,benign
/bin/bash -c ls -a ~,0,0,0,2,0,2,0,0,0,0,0,0,0,0,0,0,0,0,0,0,0,0,0,0,0,0,0,0,0,0,0,0,0,0,0,0,0,0,0,0,0,0,0,0,0,2,2,0,0,0,0,0,0,0,0,0,0,3.221254694053457,0.0,0.0,0.0,0.0,0.0,2.1190850469784714,benign
/bin/bash -c code .,0,0,0,2,0,2,0,0,0,0,0,0,0,0,0,0,0,0,0,0,0,0,0,0,0,0,0,0,0,0,0,0,0,0,0,0,0,0,0,0,0,0,0,0,0,2,1,0,0,0,0,0,0,0,0,0,0,3.055505106786769,0.0,0.0,0.0,0.0,0.0,2.463814398623497,benign
/bin/bash -c hostname -I,0,0,0,2,0,3,0,0,0,0,0,0,0,0,0,0,0,0,0,0,0,0,0,0,0,0,0,0,0,0,0,0,0,0,0,0,0,0,0,0,0,0,0,0,0,2,2,0,0,0,0,0,0,0,0,0,0,3.2663700844185137,0.0,0.0,0.0,0.0,0.0,2.4320090718903087,benign
/bin/bash -c free -h,0,0,0,2,0,2,0,0,0,0,0,0,0,0,0,0,0,0,0,0,0,0,0,0,0,0,0,0,0,0,0,0,0,0,0,0,0,0,0,0,0,0,0,0,0,2,2,0,0,0,0,0,0,0,0,0,0,3.216304567244948,0.0,0.0,0.0,0.0,0.0,1.871602261409798,benign
/bin/bash -c ps aux,2,0,0,4,0,4,0,0,0,0,0,0,0,0,0,0,0,0,0,0,0,0,0,0,0,0,0,0,0,0,0,0,0,0,0,0,0,0,0,0,0,0,0,0,0,4,1,0,0,0,0,0,0,0,0,0,0,3.375067831438304,0.0,0.0,0.0,0.0,0.0,2.412532347341446,benign
/bin/bash -c grep 'error' log.txt,0,0,0,2,0,2,0,0,0,0,0,0,0,0,0,0,0,0,0,0,0,0,0,0,0,0,0,0,0,0,0,0,0,0,0,0,0,0,0,0,0,0,0,0,0,2,2,0,0,0,0,0,0,0,0,0,0,3.224541425352061,0.0,0.0,0.0,0.0,0.0,2.284084017565329,benign
/bin/bash -c mv ~/Documents/report.pdf ~/Desktop/,0,0,0,2,0,2,0,0,0,0,0,0,0,0,0,0,0,0,0,0,0,0,0,0,0,0,0,0,0,0,0,0,0,0,0,0,0,0,0,0,0,0,0,0,0,2,2,0,0,0,0,0,0,0,0,0,0,3.233818440307301,0.0,0.0,0.0,0.0,0.0,2.7527407234793992,benign
/bin/bash -c sudo mkdir /temp -> sudo,1,0,0,2,0,2,1,0,0,0,0,0,0,0,0,0,0,0,0,0,0,0,0,0,0,0,0,0,0,0,0,0,1,0,1,0,0,0,1,0,0,0,0,0,0,2,2,0,0,0,0,0,0,0,0,1,0,3.6570972784778633,0.0,0.0,0.0,0.0,0.0,2.4774055510121467,benign
mkdir /temp,0,0,0,0,0,0,0,0,0,0,0,2,0,0,0,0,0,0,0,0,0,0,0,0,0,0,0,0,0,0,0,0,0,0,0,0,0,0,0,0,0,0,0,0,0,0,1,0,0,0,0,0,0,0,0,0,0,1.823343125420513,0.0,0.0,0.0,0.0,0.0,2.3450525501511783,benign
sudo,0,0,0,0,0,0,0,0,0,0,0,0,0,0,0,0,0,0,0,0,0,0,0,0,0,0,0,0,0,0,0,0,0,0,0,0,0,0,0,0,0,0,0,0,0,0,0,0,0,0,0,0,0,0,0,0,0,0.0,,,,,,,benign
ps,1,0,0,0,0,0,0,0,0,0,0,0,0,0,0,0,0,0,0,0,0,0,0,0,0,0,0,0,0,0,0,0,0,0,0,0,0,0,0,0,0,0,0,0,0,0,0,0,0,0,0,0,0,0,0,0,0,0.009950330853168,,,,,,,benign
/bin/bash -c find . -name 'readme.txt',0,0,0,2,0,2,0,0,0,0,0,0,0,0,0,0,0,0,0,0,0,0,0,0,0,0,0,0,0,0,0,0,0,0,0,0,0,0,0,0,0,0,0,0,0,2,2,0,0,0,0,0,0,0,0,0,0,3.228163971481857,0.0,0.0,0.0,0.0,0.0,2.46657076528238,benign
/bin/bash -c cp /config.json ./,0,0,0,2,0,2,0,0,0,0,0,0,0,0,0,0,0,0,0,0,0,0,0,0,0,0,0,0,0,0,0,0,0,0,0,0,0,0,0,0,0,0,0,0,0,2,2,0,0,0,0,0,0,0,0,0,0,3.227761156726606,0.0,0.0,0.0,0.0,0.0,2.4462461797274915,benign
/bin/bash -c rm ~/Downloads/outdated_backup.tar,0,0,0,2,0,2,0,0,0,0,0,0,0,0,0,0,0,0,0,0,0,0,0,0,0,0,0,0,0,0,0,0,0,0,0,0,0,0,0,0,0,0,0,0,0,2,2,0,0,0,0,0,0,0,0,0,0,3.2373511486811286,0.0,0.0,0.0,0.0,0.0,2.932352426715399,benign
/bin/bash -c uname -r,0,0,0,2,0,2,0,0,0,0,0,0,0,0,0,0,0,0,0,0,0,0,0,0,0,0,0,0,0,0,0,0,0,0,0,0,0,0,0,0,0,0,0,0,0,2,2,0,0,0,0,0,0,0,0,0,0,3.2215400225660225,0.0,0.0,0.0,0.0,0.0,2.133387491316597,benign
/bin/bash -c ls -d */,0,0,0,2,0,2,0,0,0,0,0,0,0,0,0,0,0,0,0,0,0,0,0,0,0,0,0,0,0,0,0,0,0,0,0,0,0,0,0,0,0,0,0,0,0,2,2,0,0,0,0,0,0,0,0,0,0,3.215851397655844,0.0,0.0,0.0,0.0,0.0,1.8490070880144411,benign
/bin/bash -c ps aux --sort=-%mem | head -n 10 -> head -n 10 -> ps,2,0,0,4,0,4,0,0,0,0,0,0,0,0,0,0,0,0,0,0,0,0,0,0,0,0,0,0,0,0,0,0,0,0,0,0,0,0,0,0,0,0,0,0,0,2,2,0,0,0,0,0,0,0,0,0,0,3.3804648883092554,0.0,0.0,0.0,0.0,0.0,2.728856831455938,benign
head -n 10,0,0,0,0,0,0,0,0,0,0,0,0,0,0,0,0,0,0,0,0,0,0,0,0,0,0,0,0,0,0,0,0,0,0,0,0,0,0,0,0,0,0,0,0,0,0,1,0,0,0,0,0,0,0,0,0,0,1.8001879351926722,0.0,0.0,0.0,0.0,0.0,2.1015690258342747,benign
ps,2,0,0,2,0,2,0,0,0,0,0,0,0,0,0,0,0,0,0,0,0,0,0,0,0,0,0,0,0,0,0,0,0,0,0,0,0,0,0,0,0,0,0,0,0,2,0,0,0,0,0,0,0,0,0,0,0,2.773837941640213,,,,,,,benign
/bin/bash -c find /var/www -name 'index.html',0,0,0,2,0,2,0,0,0,0,0,0,0,0,0,0,0,0,0,0,0,0,0,0,0,0,0,0,0,0,0,0,0,0,0,0,0,0,0,0,0,0,0,0,0,2,2,0,0,0,0,0,0,0,0,0,0,3.233616309128968,0.0,0.0,0.0,0.0,0.0,2.74248304892619,benign
/bin/bash -c mv oldfile.txt newfile.txt,0,0,0,2,0,2,0,0,0,0,0,0,0,0,0,0,0,0,0,0,0,0,0,0,0,0,0,0,0,0,0,0,0,0,0,0,0,0,0,0,0,0,0,0,0,2,2,0,0,0,0,0,0,0,0,0,0,3.230576373701744,0.0,0.0,0.0,0.0,0.0,2.588463400543831,benign
/bin/bash -c printenv,0,0,0,2,0,2,0,0,0,0,0,0,0,0,0,0,0,0,0,0,0,0,0,0,0,0,0,0,0,0,0,0,0,0,0,0,0,0,0,0,0,0,0,0,0,2,2,0,0,0,0,0,0,0,0,0,0,3.2246912861148727,0.0,0.0,0.0,0.0,0.0,2.291620193427939,benign
/bin/bash -c tar -czvf project.tar.gz ~/project -> /bin/sh -c gzip -> gzip,0,0,0,2,0,2,0,0,1,0,0,0,0,0,0,0,0,0,0,0,0,0,0,0,0,0,0,0,0,0,0,0,0,0,0,0,0,0,0,0,0,0,0,0,0,2,4,0,0,0,0,0,0,0,0,0,0,3.5082041512583264,0.0,0.0,0.0,0.0,0.0,2.6765073172176934,benign
/bin/sh -c gzip -> gzip,0,0,0,0,0,0,0,0,1,0,0,0,0,0,0,0,0,0,0,0,0,0,0,0,0,0,0,0,0,0,0,0,0,0,0,0,0,0,0,0,0,0,0,0,0,0,2,0,0,0,0,0,0,0,0,0,0,2.3274687740268183,0.0,0.0,0.0,0.0,0.0,2.403917277291339,benign
gzip,0,0,0,0,0,0,0,0,0,0,0,0,0,0,0,0,0,0,0,0,0,0,0,0,0,0,0,0,0,0,0,0,0,0,0,0,0,0,0,0,0,0,0,0,0,0,1,0,0,0,0,0,0,0,0,0,0,1.7817061829263552,0.0,0.0,0.0,0.0,0.0,1.879964948727111,benign
/bin/bash -c unzip archive.zip,0,0,0,2,0,2,0,0,0,0,0,0,0,0,0,0,0,0,0,0,0,0,0,0,0,0,0,0,0,0,0,0,0,0,0,0,0,0,0,0,0,0,0,0,0,2,1,0,0,0,0,0,0,0,0,0,0,3.0610906074986937,0.0,0.0,0.0,0.0,0.0,2.701659688341386,benign
cupsd,0,1,0,0,0,0,3,0,1,0,0,0,2,0,0,0,0,0,0,0,0,0,1,0,4,0,0,0,0,0,0,0,2,0,2,0,0,0,0,0,0,0,0,0,0,0,0,0,0,0,0,0,0,0,0,0,0,2.4997952622817508,,,,,,,benign
/bin/bash -c zip -r files.zip ~/files,0,0,0,2,0,2,0,0,0,0,0,0,0,0,0,0,0,0,0,0,0,0,0,0,0,0,0,0,0,0,0,0,0,0,0,0,0,0,0,0,0,0,0,0,0,2,1,0,0,0,0,0,0,0,0,0,0,3.0598684018224835,0.0,0.0,0.0,0.0,0.0,2.6495013580831617,benign
/bin/bash -c sudo apt update && sudo apt upgrade -y -> sudo apt update -> sudo,1,0,0,2,0,2,1,0,0,0,0,0,0,0,0,0,0,0,0,0,0,0,0,0,0,0,0,0,0,0,0,0,1,0,1,0,0,0,1,0,0,0,0,0,0,2,2,0,0,0,0,0,0,0,0,1,0,3.658929970720169,0.0,0.0,0.0,0.0,0.0,2.6195646721337056,benign
sudo apt update -> sudo,1,0,0,0,0,0,1,0,0,0,0,0,0,0,0,0,0,0,0,0,0,0,0,0,0,0,0,0,0,0,0,0,1,0,1,0,0,0,1,0,0,0,0,0,0,0,1,0,0,0,0,0,0,0,0,1,0,2.9763039828850744,0.0,0.0,0.0,0.0,0.0,2.210368890194565,benign
"apt update -> /usr/bin/dpkg --print-foreign-architectures -> /usr/lib/apt/methods/http -> /usr/lib/apt/methods/gpgv -> gpgv -> /usr/bin/apt-key --quiet --readonly --keyring /usr/share/keyrings/ubuntu-archive-keyring.gpg verify --status-fd 3 /tmp/apt.sig.VVp8MB /tmp/apt.data.Drprqk -> apt-key -> apt-config shell MASTER_KEYRING APT::Key::MasterKeyring -> apt-config shell ARCHIVE_KEYRING APT::Key::ArchiveKeyring -> apt-config shell REMOVED_KEYS APT::Key::RemovedKeys -> apt-config shell ARCHIVE_KEYRING_URI APT::Key::ArchiveKeyringURI -> apt-config shell GPGV Apt::Key::gpgvcommand ASSERT_PUBKEY_ALGO Apt::Key::assert-pubkey-algo -> mktemp --directory --tmpdir apt-key-gpghome.XXXXXXXXXX -> chmod 700 /tmp/apt-key-gpghome.OgTwRKzDGo -> gpgv --assert-pubkey-algo=>=rsa1024,ed25519,ed448,nistp256,nistp384, --homedir /tmp/apt-key-gpghome.OgTwRKzDGo --keyring /usr/share/keyrings/ubuntu-archive-keyring.gpg --ignore-time-conflict --status-fd 3 /tmp/apt.sig.VVp8MB /tmp/apt.data.Drprqk -> rm -rf /tmp/apt-key-gpghome.OgTwRKzDGo -> /usr/bin/apt-key --quiet --readonly --keyring /usr/share/keyrings/ubuntu-archive-keyring.gpg verify --status-fd 3 /tmp/apt.sig.0RzEGo /tmp/apt.data.ms5a7r -> chmod 700 /tmp/apt-key-gpghome.uNr0U6g7B9 -> gpgv --assert-pubkey-algo=>=rsa1024,ed25519,ed448,nistp256,nistp384, --homedir /tmp/apt-key-gpghome.uNr0U6g7B9 --keyring /usr/share/keyrings/ubuntu-archive-keyring.gpg --ignore-time-conflict --status-fd 3 /tmp/apt.sig.0RzEGo /tmp/apt.data.ms5a7r -> rm -rf /tmp/apt-key-gpghome.uNr0U6g7B9 -> /usr/bin/apt-key --quiet --readonly --keyring /usr/share/keyrings/ubuntu-archive-keyring.gpg verify --status-fd 3 /tmp/apt.sig.GGcMHF /tmp/apt.data.qMPFaQ -> chmod 700 /tmp/apt-key-gpghome.QL2uLGjmwR -> gpgv --assert-pubkey-algo=>=rsa1024,ed25519,ed448,nistp256,nistp384, --homedir /tmp/apt-key-gpghome.QL2uLGjmwR --keyring /usr/share/keyrings/ubuntu-archive-keyring.gpg --ignore-time-conflict --status-fd 3 /tmp/apt.sig.GGcMHF /tmp/apt.data.qMPFaQ -> rm -rf /tmp/apt-key-gpghome.QL2uLGjmwR -> /usr/bin/apt-key --quiet --readonly --keyring /usr/share/keyrings/ubuntu-archive-keyring.gpg verify --status-fd 3 /tmp/apt.sig.fv5BQq /tmp/apt.data.tZE7ET -> chmod 700 /tmp/apt-key-gpghome.ZvWCQbZGED -> gpgv --assert-pubkey-algo=>=rsa1024,ed25519,ed448,nistp256,nistp384, --homedir /tmp/apt-key-gpghome.ZvWCQbZGED --keyring /usr/share/keyrings/ubuntu-archive-keyring.gpg --ignore-time-conflict --status-fd 3 /tmp/apt.sig.fv5BQq /tmp/apt.data.tZE7ET -> rm -rf /tmp/apt-key-gpghome.ZvWCQbZGED -> apt",5,0,4,58,0,28,56,0,57,0,0,8,8,0,0,0,0,0,0,0,0,5,8,44,16,0,0,0,0,0,0,0,28,0,28,0,4,0,0,0,2,0,8,0,24,26,114,0,0,0,0,1,0,0,0,0,0,6.817924973141169,0.0,0.0,0.0,0.0,0.0,3.41257442940132,benign
/usr/bin/dpkg --print-foreign-architectures,0,0,0,0,0,0,0,0,0,0,0,0,0,0,0,0,0,0,0,0,0,0,0,0,0,0,0,0,0,0,0,0,0,0,0,0,0,0,0,0,0,0,0,0,0,0,1,0,0,0,0,0,0,0,0,0,0,1.868058222419032,0.0,0.0,0.0,0.0,0.0,2.9514195898955555,benign
/usr/lib/apt/methods/http,0,0,0,0,0,0,0,0,0,0,0,0,0,0,0,0,0,0,0,0,0,0,0,0,0,0,0,0,0,0,0,0,0,0,0,0,0,0,0,0,0,0,0,0,0,0,1,0,0,0,0,0,0,0,0,0,0,1.854262555220856,0.0,0.0,0.0,0.0,0.0,2.773972927341982,benign
/usr/lib/apt/methods/http,0,0,0,26,0,11,0,0,0,0,0,0,0,0,0,0,0,0,0,0,0,0,0,0,0,0,0,0,0,0,0,0,0,0,0,0,0,0,0,0,0,0,0,0,12,26,1,0,0,0,0,0,0,0,0,0,0,4.790711441183116,0.0,0.0,0.0,0.0,0.0,2.773972927341982,benign
/usr/lib/apt/methods/http,0,0,0,26,0,11,0,0,0,0,0,0,0,0,0,0,0,0,0,0,0,0,0,0,0,0,0,0,0,0,0,0,0,0,0,0,0,0,0,0,0,0,0,0,12,26,1,0,0,0,0,0,0,0,0,0,0,4.790711441183116,0.0,0.0,0.0,0.0,0.0,2.773972927341982,benign
/usr/lib/apt/methods/gpgv,0,0,0,0,0,0,0,0,0,0,0,0,0,0,0,0,0,0,0,0,0,0,0,0,0,0,0,0,0,0,0,0,0,0,0,0,0,0,0,0,0,0,0,0,0,0,1,0,0,0,0,0,0,0,0,0,0,1.8634303062418824,0.0,0.0,0.0,0.0,0.0,2.891619986165511,benign
"/usr/lib/apt/methods/gpgv -> gpgv -> /usr/bin/apt-key --quiet --readonly --keyring /usr/share/keyrings/ubuntu-archive-keyring.gpg verify --status-fd 3 /tmp/apt.sig.VVp8MB /tmp/apt.data.Drprqk -> apt-key -> apt-config shell MASTER_KEYRING APT::Key::MasterKeyring -> /usr/bin/dpkg --print-foreign-architectures -> apt-config shell ARCHIVE_KEYRING APT::Key::ArchiveKeyring -> apt-config shell REMOVED_KEYS APT::Key::RemovedKeys -> apt-config shell ARCHIVE_KEYRING_URI APT::Key::ArchiveKeyringURI -> apt-config shell GPGV Apt::Key::gpgvcommand ASSERT_PUBKEY_ALGO Apt::Key::assert-pubkey-algo -> mktemp --directory --tmpdir apt-key-gpghome.XXXXXXXXXX -> chmod 700 /tmp/apt-key-gpghome.OgTwRKzDGo -> gpgv --assert-pubkey-algo=>=rsa1024,ed25519,ed448,nistp256,nistp384, --homedir /tmp/apt-key-gpghome.OgTwRKzDGo --keyring /usr/share/keyrings/ubuntu-archive-keyring.gpg --ignore-time-conflict --status-fd 3 /tmp/apt.sig.VVp8MB /tmp/apt.data.Drprqk -> rm -rf /tmp/apt-key-gpghome.OgTwRKzDGo -> /usr/bin/apt-key --quiet --readonly --keyring /usr/share/keyrings/ubuntu-archive-keyring.gpg verify --status-fd 3 /tmp/apt.sig.0RzEGo /tmp/apt.data.ms5a7r -> chmod 700 /tmp/apt-key-gpghome.uNr0U6g7B9 -> gpgv --assert-pubkey-algo=>=rsa1024,ed25519,ed448,nistp256,nistp384, --homedir /tmp/apt-key-gpghome.uNr0U6g7B9 --keyring /usr/share/keyrings/ubuntu-archive-keyring.gpg --ignore-time-conflict --status-fd 3 /tmp/apt.sig.0RzEGo /tmp/apt.data.ms5a7r -> rm -rf /tmp/apt-key-gpghome.uNr0U6g7B9 -> /usr/bin/apt-key --quiet --readonly --keyring /usr/share/keyrings/ubuntu-archive-keyring.gpg verify --status-fd 3 /tmp/apt.sig.GGcMHF /tmp/apt.data.qMPFaQ -> chmod 700 /tmp/apt-key-gpghome.QL2uLGjmwR -> gpgv --assert-pubkey-algo=>=rsa1024,ed25519,ed448,nistp256,nistp384, --homedir /tmp/apt-key-gpghome.QL2uLGjmwR --keyring /usr/share/keyrings/ubuntu-archive-keyring.gpg --ignore-time-conflict --status-fd 3 /tmp/apt.sig.GGcMHF /tmp/apt.data.qMPFaQ -> rm -rf /tmp/apt-key-gpghome.QL2uLGjmwR -> /usr/bin/apt-key --quiet --readonly --keyring /usr/share/keyrings/ubuntu-archive-keyring.gpg verify --status-fd 3 /tmp/apt.sig.fv5BQq /tmp/apt.data.tZE7ET -> chmod 700 /tmp/apt-key-gpghome.ZvWCQbZGED -> gpgv --assert-pubkey-algo=>=rsa1024,ed25519,ed448,nistp256,nistp384, --homedir /tmp/apt-key-gpghome.ZvWCQbZGED --keyring /usr/share/keyrings/ubuntu-archive-keyring.gpg --ignore-time-conflict --status-fd 3 /tmp/apt.sig.fv5BQq /tmp/apt.data.tZE7ET -> rm -rf /tmp/apt-key-gpghome.ZvWCQbZGED",4,0,4,2,0,2,16,0,32,0,0,8,8,0,0,0,0,0,0,0,0,4,8,16,16,0,0,0,0,0,0,0,8,0,8,0,0,0,0,0,0,0,0,0,0,2,65,0,0,0,0,1,0,0,0,0,0,6.023026892408021,0.0,0.0,0.0,0.0,0.0,3.41257442940132,benign
"/usr/bin/apt-key --quiet --readonly --keyring /usr/share/keyrings/ubuntu-archive-keyring.gpg verify --status-fd 3 /tmp/apt.sig.VVp8MB /tmp/apt.data.Drprqk -> apt-key -> apt-config shell MASTER_KEYRING APT::Key::MasterKeyring -> /usr/bin/dpkg --print-foreign-architectures -> apt-config shell ARCHIVE_KEYRING APT::Key::ArchiveKeyring -> apt-config shell REMOVED_KEYS APT::Key::RemovedKeys -> apt-config shell ARCHIVE_KEYRING_URI APT::Key::ArchiveKeyringURI -> apt-config shell GPGV Apt::Key::gpgvcommand ASSERT_PUBKEY_ALGO Apt::Key::assert-pubkey-algo -> mktemp --directory --tmpdir apt-key-gpghome.XXXXXXXXXX -> chmod 700 /tmp/apt-key-gpghome.OgTwRKzDGo -> gpgv --assert-pubkey-algo=>=rsa1024,ed25519,ed448,nistp256,nistp384, --homedir /tmp/apt-key-gpghome.OgTwRKzDGo --keyring /usr/share/keyrings/ubuntu-archive-keyring.gpg --ignore-time-conflict --status-fd 3 /tmp/apt.sig.VVp8MB /tmp/apt.data.Drprqk -> rm -rf /tmp/apt-key-gpghome.OgTwRKzDGo",1,0,1,0,0,0,2,0,2,0,0,2,2,0,0,0,0,0,0,0,0,1,0,2,2,0,0,0,0,0,0,0,0,0,0,0,0,0,0,0,0,0,0,0,0,0,16,0,0,0,0,1,0,0,0,0,0,4.614408141381532,0.0,0.0,0.0,0.0,0.0,3.3961514003245497,benign
apt-key,0,0,0,0,0,0,0,0,0,0,0,0,0,0,0,0,0,0,0,0,0,0,0,0,0,0,0,0,0,0,0,0,0,0,0,0,0,0,0,0,0,0,0,0,0,0,0,0,0,0,0,0,0,0,0,0,0,0.0,,,,,,,benign
apt-config shell MASTER_KEYRING APT::Key::MasterKeyring -> /usr/bin/dpkg --print-foreign-architectures,0,0,0,0,0,0,0,0,0,0,0,0,0,0,0,0,0,0,0,0,0,0,0,0,0,0,0,0,0,0,0,0,0,0,0,0,0,0,0,0,0,0,0,0,0,0,2,0,0,0,0,0,0,0,0,0,0,2.3621914259952668,0.0,0.0,0.0,0.0,0.0,3.228372376129276,benign
/usr/bin/dpkg --print-foreign-architectures,0,0,0,0,0,0,0,0,0,0,0,0,0,0,0,0,0,0,0,0,0,0,0,0,0,0,0,0,0,0,0,0,0,0,0,0,0,0,0,0,0,0,0,0,0,0,1,0,0,0,0,0,0,0,0,0,0,1.868058222419032,0.0,0.0,0.0,0.0,0.0,2.9514195898955555,benign
apt-config shell ARCHIVE_KEYRING APT::Key::ArchiveKeyring -> /usr/bin/dpkg --print-foreign-architectures,0,0,0,0,0,0,0,0,0,0,0,0,0,0,0,0,0,0,0,0,0,0,0,0,0,0,0,0,0,0,0,0,0,0,0,0,0,0,0,0,0,0,0,0,0,0,2,0,0,0,0,0,0,0,0,0,0,2.363799501265868,0.0,0.0,0.0,0.0,0.0,3.2625366587893625,benign
/usr/bin/dpkg --print-foreign-architectures,0,0,0,0,0,0,0,0,0,0,0,0,0,0,0,0,0,0,0,0,0,0,0,0,0,0,0,0,0,0,0,0,0,0,0,0,0,0,0,0,0,0,0,0,0,0,1,0,0,0,0,0,0,0,0,0,0,1.868058222419032,0.0,0.0,0.0,0.0,0.0,2.9514195898955555,benign
apt-config shell REMOVED_KEYS APT::Key::RemovedKeys -> /usr/bin/dpkg --print-foreign-architectures,0,0,0,0,0,0,0,0,0,0,0,0,0,0,0,0,0,0,0,0,0,0,0,0,0,0,0,0,0,0,0,0,0,0,0,0,0,0,0,0,0,0,0,0,0,0,2,0,0,0,0,0,0,0,0,0,0,2.3617765258995345,0.0,0.0,0.0,0.0,0.0,3.219566549293704,benign
/usr/bin/dpkg --print-foreign-architectures,0,0,0,0,0,0,0,0,0,0,0,0,0,0,0,0,0,0,0,0,0,0,0,0,0,0,0,0,0,0,0,0,0,0,0,0,0,0,0,0,0,0,0,0,0,0,1,0,0,0,0,0,0,0,0,0,0,1.868058222419032,0.0,0.0,0.0,0.0,0.0,2.9514195898955555,benign
apt-config shell ARCHIVE_KEYRING_URI APT::Key::ArchiveKeyringURI -> /usr/bin/dpkg --print-foreign-architectures,0,0,0,0,0,0,0,0,0,0,0,0,0,0,0,0,0,0,0,0,0,0,0,0,0,0,0,0,0,0,0,0,0,0,0,0,0,0,0,0,0,0,0,0,0,0,2,0,0,0,0,0,0,0,0,0,0,2.36502700653444,0.0,0.0,0.0,0.0,0.0,3.288652559985165,benign
/usr/bin/dpkg --print-foreign-architectures,0,0,0,0,0,0,0,0,0,0,0,0,0,0,0,0,0,0,0,0,0,0,0,0,0,0,0,0,0,0,0,0,0,0,0,0,0,0,0,0,0,0,0,0,0,0,1,0,0,0,0,0,0,0,0,0,0,1.868058222419032,0.0,0.0,0.0,0.0,0.0,2.9514195898955555,benign
apt-key,0,0,0,0,0,0,0,0,0,0,0,0,0,0,0,0,0,0,0,0,0,0,0,0,0,0,0,0,0,0,0,0,0,0,0,0,0,0,0,0,0,0,0,0,0,0,0,0,0,0,0,0,0,0,0,0,0,0.0,,,,,,,benign
apt-config shell GPGV Apt::Key::gpgvcommand ASSERT_PUBKEY_ALGO Apt::Key::assert-pubkey-algo -> /usr/bin/dpkg --print-foreign-architectures,1,0,1,0,0,0,0,0,0,0,0,0,0,0,0,0,0,0,0,0,0,1,0,0,0,0,0,0,0,0,0,0,0,0,0,0,0,0,0,0,0,0,0,0,0,0,3,0,0,0,0,0,0,0,0,0,0,3.283653869699834,0.0,0.0,0.0,0.0,0.0,3.326109460381478,benign
/usr/bin/dpkg --print-foreign-architectures,0,0,0,0,0,0,0,0,0,0,0,0,0,0,0,0,0,0,0,0,0,0,0,0,0,0,0,0,0,0,0,0,0,0,0,0,0,0,0,0,0,0,0,0,0,0,1,0,0,0,0,0,0,0,0,0,0,1.868058222419032,0.0,0.0,0.0,0.0,0.0,2.9514195898955555,benign
gpgv --assert-pubkey-algo,0,0,0,0,0,0,0,0,0,0,0,0,0,0,0,0,0,0,0,0,0,0,0,0,0,0,0,0,0,0,0,0,0,0,0,0,0,0,0,0,0,0,0,0,0,0,1,0,0,0,0,0,0,0,0,0,0,1.852240816467405,0.0,0.0,0.0,0.0,0.0,2.7481733799993955,benign
apt-key,0,0,0,0,0,0,0,0,0,0,0,0,0,0,0,0,0,0,0,0,0,0,0,0,0,0,0,0,0,0,0,0,0,0,0,0,0,0,0,0,0,0,0,0,0,0,0,0,0,0,0,0,0,0,0,0,0,0.0,,,,,,,benign
mktemp --directory --tmpdir apt-key-gpghome.XXXXXXXXXX,0,0,0,0,0,0,0,0,0,0,0,2,0,0,0,0,0,0,0,0,0,0,0,0,0,0,0,0,0,0,0,0,0,0,0,0,0,0,0,0,0,0,0,0,0,0,1,0,0,0,0,1,0,0,0,0,0,2.001260071631328,0.0,0.0,0.0,0.0,0.0,2.7567454149350623,benign
chmod 700 /tmp/apt-key-gpghome.OgTwRKzDGo,0,0,0,0,0,0,2,0,0,0,0,0,0,0,0,0,0,0,0,0,0,0,0,2,2,0,0,0,0,0,0,0,0,0,0,0,0,0,0,0,0,0,0,0,0,0,1,0,0,0,0,0,0,0,0,0,0,3.023034974275593,0.0,0.0,0.0,0.0,0.0,3.1071533924469854,benign
apt-key,0,0,0,0,0,0,0,0,0,0,0,0,0,0,0,0,0,0,0,0,0,0,0,0,0,0,0,0,0,0,0,0,0,0,0,0,0,0,0,0,0,0,0,0,0,0,0,0,0,0,0,0,0,0,0,0,0,0.0,,,,,,,benign
apt-key,0,0,0,0,0,0,0,0,0,0,0,0,0,0,0,0,0,0,0,0,0,0,0,0,0,0,0,0,0,0,0,0,0,0,0,0,0,0,0,0,0,0,0,0,0,0,0,0,0,0,0,0,0,0,0,0,0,0.0,,,,,,,benign
"sed -e s#'#''""'#g """,0,0,0,0,0,0,0,0,0,0,0,0,0,0,0,0,0,0,0,0,0,0,0,0,0,0,0,0,0,0,0,0,0,0,0,0,0,0,0,0,0,0,0,0,0,0,1,0,0,0,0,0,0,0,0,0,0,1.8090776073913948,0.0,0.0,0.0,0.0,0.0,2.209627598587938,benign
apt-key,0,0,0,0,0,0,0,0,0,0,0,0,0,0,0,0,0,0,0,0,0,0,0,0,0,0,0,0,0,0,0,0,0,0,0,0,0,0,0,0,0,0,0,0,0,0,0,0,0,0,0,0,0,0,0,0,0,0.0,,,,,,,benign
apt-key,0,0,0,0,0,0,0,0,0,0,0,0,0,0,0,0,0,0,0,0,0,0,0,0,0,0,0,0,0,0,0,0,0,0,0,0,0,0,0,0,0,0,0,0,0,0,0,0,0,0,0,0,0,0,0,0,0,0.0,,,,,,,benign
"sed -e s#'#''""'#g """,0,0,0,0,0,0,0,0,0,0,0,0,0,0,0,0,0,0,0,0,0,0,0,0,0,0,0,0,0,0,0,0,0,0,0,0,0,0,0,0,0,0,0,0,0,0,1,0,0,0,0,0,0,0,0,0,0,1.8090776073913948,0.0,0.0,0.0,0.0,0.0,2.209627598587938,benign
apt-key,0,0,0,0,0,0,0,0,0,0,0,0,0,0,0,0,0,0,0,0,0,0,0,0,0,0,0,0,0,0,0,0,0,0,0,0,0,0,0,0,0,0,0,0,0,0,0,0,0,0,0,0,0,0,0,0,0,0.0,,,,,,,benign
apt-key,0,0,0,0,0,0,0,0,0,0,0,0,0,0,0,0,0,0,0,0,0,0,0,0,0,0,0,0,0,0,0,0,0,0,0,0,0,0,0,0,0,0,0,0,0,0,0,0,0,0,0,0,0,0,0,0,0,0.0,,,,,,,benign
"gpgv --assert-pubkey-algo=>=rsa1024,ed25519,ed448,nistp256,nistp384, --homedir /tmp/apt-key-gpghome.OgTwRKzDGo --keyring /usr/share/keyrings/ubuntu-archive-keyring.gpg --ignore-time-conflict --status-fd 3 /tmp/apt.sig.VVp8MB /tmp/apt.data.Drprqk",0,0,0,0,0,0,0,0,0,0,0,0,0,0,0,0,0,0,0,0,0,0,0,0,0,0,0,0,0,0,0,0,0,0,0,0,0,0,0,0,0,0,0,0,0,0,1,0,0,0,0,0,0,0,0,0,0,1.9018202762135328,0.0,0.0,0.0,0.0,0.0,3.3961514003245497,benign
rm -rf /tmp/apt-key-gpghome.OgTwRKzDGo,0,0,0,0,0,0,0,0,0,0,0,0,2,0,0,0,0,0,0,0,0,0,0,0,0,0,0,0,0,0,0,0,0,0,0,0,0,0,0,0,0,0,0,0,0,0,1,0,0,0,0,0,0,0,0,0,0,1.8898828679074384,0.0,0.0,0.0,0.0,0.0,3.037186771889768,benign
"/usr/bin/apt-key --quiet --readonly --keyring /usr/share/keyrings/ubuntu-archive-keyring.gpg verify --status-fd 3 /tmp/apt.sig.0RzEGo /tmp/apt.data.ms5a7r -> apt-key -> apt-config shell MASTER_KEYRING APT::Key::MasterKeyring -> /usr/bin/dpkg --print-foreign-architectures -> apt-config shell ARCHIVE_KEYRING APT::Key::ArchiveKeyring -> apt-config shell REMOVED_KEYS APT::Key::RemovedKeys -> apt-config shell ARCHIVE_KEYRING_URI APT::Key::ArchiveKeyringURI -> apt-config shell GPGV Apt::Key::gpgvcommand ASSERT_PUBKEY_ALGO Apt::Key::assert-pubkey-algo -> mktemp --directory --tmpdir apt-key-gpghome.XXXXXXXXXX -> chmod 700 /tmp/apt-key-gpghome.uNr0U6g7B9 -> gpgv --assert-pubkey-algo=>=rsa1024,ed25519,ed448,nistp256,nistp384, --homedir /tmp/apt-key-gpghome.uNr0U6g7B9 --keyring /usr/share/keyrings/ubuntu-archive-keyring.gpg --ignore-time-conflict --status-fd 3 /tmp/apt.sig.0RzEGo /tmp/apt.data.ms5a7r -> rm -rf /tmp/apt-key-gpghome.uNr0U6g7B9",1,0,1,0,0,0,2,0,2,0,0,2,2,0,0,0,0,0,0,0,0,1,0,2,2,0,0,0,0,0,0,0,0,0,0,0,0,0,0,0,0,0,0,0,0,0,16,0,0,0,0,1,0,0,0,0,0,4.614294358029605,0.0,0.0,0.0,0.0,0.0,3.3731848374422,benign
apt-key,0,0,0,0,0,0,0,0,0,0,0,0,0,0,0,0,0,0,0,0,0,0,0,0,0,0,0,0,0,0,0,0,0,0,0,0,0,0,0,0,0,0,0,0,0,0,0,0,0,0,0,0,0,0,0,0,0,0.0,,,,,,,benign
apt-config shell MASTER_KEYRING APT::Key::MasterKeyring -> /usr/bin/dpkg --print-foreign-architectures,0,0,0,0,0,0,0,0,0,0,0,0,0,0,0,0,0,0,0,0,0,0,0,0,0,0,0,0,0,0,0,0,0,0,0,0,0,0,0,0,0,0,0,0,0,0,2,0,0,0,0,0,0,0,0,0,0,2.3621914259952668,0.0,0.0,0.0,0.0,0.0,3.228372376129276,benign
/usr/bin/dpkg --print-foreign-architectures,0,0,0,0,0,0,0,0,0,0,0,0,0,0,0,0,0,0,0,0,0,0,0,0,0,0,0,0,0,0,0,0,0,0,0,0,0,0,0,0,0,0,0,0,0,0,1,0,0,0,0,0,0,0,0,0,0,1.868058222419032,0.0,0.0,0.0,0.0,0.0,2.9514195898955555,benign
apt-config shell ARCHIVE_KEYRING APT::Key::ArchiveKeyring -> /usr/bin/dpkg --print-foreign-architectures,0,0,0,0,0,0,0,0,0,0,0,0,0,0,0,0,0,0,0,0,0,0,0,0,0,0,0,0,0,0,0,0,0,0,0,0,0,0,0,0,0,0,0,0,0,0,2,0,0,0,0,0,0,0,0,0,0,2.363799501265868,0.0,0.0,0.0,0.0,0.0,3.2625366587893625,benign
/usr/bin/dpkg --print-foreign-architectures,0,0,0,0,0,0,0,0,0,0,0,0,0,0,0,0,0,0,0,0,0,0,0,0,0,0,0,0,0,0,0,0,0,0,0,0,0,0,0,0,0,0,0,0,0,0,1,0,0,0,0,0,0,0,0,0,0,1.868058222419032,0.0,0.0,0.0,0.0,0.0,2.9514195898955555,benign
apt-config shell REMOVED_KEYS APT::Key::RemovedKeys -> /usr/bin/dpkg --print-foreign-architectures,1,0,1,0,0,0,0,0,0,0,0,0,0,0,0,0,0,0,0,0,0,1,0,0,0,0,0,0,0,0,0,0,0,0,0,0,0,0,0,0,0,0,0,0,0,0,3,0,0,0,0,0,0,0,0,0,0,3.2816546714855463,0.0,0.0,0.0,0.0,0.0,3.219566549293704,benign
/usr/bin/dpkg --print-foreign-architectures,0,0,0,0,0,0,0,0,0,0,0,0,0,0,0,0,0,0,0,0,0,0,0,0,0,0,0,0,0,0,0,0,0,0,0,0,0,0,0,0,0,0,0,0,0,0,1,0,0,0,0,0,0,0,0,0,0,1.868058222419032,0.0,0.0,0.0,0.0,0.0,2.9514195898955555,benign
apt-config shell ARCHIVE_KEYRING_URI APT::Key::ArchiveKeyringURI -> /usr/bin/dpkg --print-foreign-architectures,0,0,0,0,0,0,0,0,0,0,0,0,0,0,0,0,0,0,0,0,0,0,0,0,0,0,0,0,0,0,0,0,0,0,0,0,0,0,0,0,0,0,0,0,0,0,2,0,0,0,0,0,0,0,0,0,0,2.36502700653444,0.0,0.0,0.0,0.0,0.0,3.288652559985165,benign
/usr/bin/dpkg --print-foreign-architectures,0,0,0,0,0,0,0,0,0,0,0,0,0,0,0,0,0,0,0,0,0,0,0,0,0,0,0,0,0,0,0,0,0,0,0,0,0,0,0,0,0,0,0,0,0,0,1,0,0,0,0,0,0,0,0,0,0,1.868058222419032,0.0,0.0,0.0,0.0,0.0,2.9514195898955555,benign
apt-key,0,0,0,0,0,0,0,0,0,0,0,0,0,0,0,0,0,0,0,0,0,0,0,0,0,0,0,0,0,0,0,0,0,0,0,0,0,0,0,0,0,0,0,0,0,0,0,0,0,0,0,0,0,0,0,0,0,0.0,,,,,,,benign
apt-config shell GPGV Apt::Key::gpgvcommand ASSERT_PUBKEY_ALGO Apt::Key::assert-pubkey-algo -> /usr/bin/dpkg --print-foreign-architectures,0,0,0,0,0,0,0,0,0,0,0,0,0,0,0,0,0,0,0,0,0,0,0,0,0,0,0,0,0,0,0,0,0,0,0,0,0,0,0,0,0,0,0,0,0,0,2,0,0,0,0,0,0,0,0,0,0,2.3667849377426244,0.0,0.0,0.0,0.0,0.0,3.326109460381478,benign
/usr/bin/dpkg --print-foreign-architectures,0,0,0,0,0,0,0,0,0,0,0,0,0,0,0,0,0,0,0,0,0,0,0,0,0,0,0,0,0,0,0,0,0,0,0,0,0,0,0,0,0,0,0,0,0,0,1,0,0,0,0,0,0,0,0,0,0,1.868058222419032,0.0,0.0,0.0,0.0,0.0,2.9514195898955555,benign
gpgv --assert-pubkey-algo,0,0,0,0,0,0,0,0,0,0,0,0,0,0,0,0,0,0,0,0,0,0,0,0,0,0,0,0,0,0,0,0,0,0,0,0,0,0,0,0,0,0,0,0,0,0,1,0,0,0,0,0,0,0,0,0,0,1.852240816467405,0.0,0.0,0.0,0.0,0.0,2.7481733799993955,benign
apt-key,0,0,0,0,0,0,0,0,0,0,0,0,0,0,0,0,0,0,0,0,0,0,0,0,0,0,0,0,0,0,0,0,0,0,0,0,0,0,0,0,0,0,0,0,0,0,0,0,0,0,0,0,0,0,0,0,0,0.0,,,,,,,benign
mktemp --directory --tmpdir apt-key-gpghome.XXXXXXXXXX,0,0,0,0,0,0,0,0,0,0,0,2,0,0,0,0,0,0,0,0,0,0,0,0,0,0,0,0,0,0,0,0,0,0,0,0,0,0,0,0,0,0,0,0,0,0,1,0,0,0,0,1,0,0,0,0,0,2.001260071631328,0.0,0.0,0.0,0.0,0.0,2.7567454149350623,benign
chmod 700 /tmp/apt-key-gpghome.uNr0U6g7B9,0,0,0,0,0,0,2,0,0,0,0,0,0,0,0,0,0,0,0,0,0,0,0,2,2,0,0,0,0,0,0,0,0,0,0,0,0,0,0,0,0,0,0,0,0,0,1,0,0,0,0,0,0,0,0,0,0,3.0224486176738647,0.0,0.0,0.0,0.0,0.0,3.083057006904817,benign
apt-key,0,0,0,0,0,0,0,0,0,0,0,0,0,0,0,0,0,0,0,0,0,0,0,0,0,0,0,0,0,0,0,0,0,0,0,0,0,0,0,0,0,0,0,0,0,0,0,0,0,0,0,0,0,0,0,0,0,0.0,,,,,,,benign
apt-key,0,0,0,0,0,0,0,0,0,0,0,0,0,0,0,0,0,0,0,0,0,0,0,0,0,0,0,0,0,0,0,0,0,0,0,0,0,0,0,0,0,0,0,0,0,0,0,0,0,0,0,0,0,0,0,0,0,0.0,,,,,,,benign
"sed -e s#'#''""'#g """,0,0,0,0,0,0,0,0,0,0,0,0,0,0,0,0,0,0,0,0,0,0,0,0,0,0,0,0,0,0,0,0,0,0,0,0,0,0,0,0,0,0,0,0,0,0,1,0,0,0,0,0,0,0,0,0,0,1.8090776073913948,0.0,0.0,0.0,0.0,0.0,2.209627598587938,benign
apt-key,0,0,0,0,0,0,0,0,0,0,0,0,0,0,0,0,0,0,0,0,0,0,0,0,0,0,0,0,0,0,0,0,0,0,0,0,0,0,0,0,0,0,0,0,0,0,0,0,0,0,0,0,0,0,0,0,0,0.0,,,,,,,benign
apt-key,0,0,0,0,0,0,0,0,0,0,0,0,0,0,0,0,0,0,0,0,0,0,0,0,0,0,0,0,0,0,0,0,0,0,0,0,0,0,0,0,0,0,0,0,0,0,0,0,0,0,0,0,0,0,0,0,0,0.0,,,,,,,benign
"sed -e s#'#''""'#g """,0,0,0,0,0,0,0,0,0,0,0,0,0,0,0,0,0,0,0,0,0,0,0,0,0,0,0,0,0,0,0,0,0,0,0,0,0,0,0,0,0,0,0,0,0,0,1,0,0,0,0,0,0,0,0,0,0,1.8090776073913948,0.0,0.0,0.0,0.0,0.0,2.209627598587938,benign
apt-key,0,0,0,0,0,0,0,0,0,0,0,0,0,0,0,0,0,0,0,0,0,0,0,0,0,0,0,0,0,0,0,0,0,0,0,0,0,0,0,0,0,0,0,0,0,0,0,0,0,0,0,0,0,0,0,0,0,0.0,,,,,,,benign
apt-key,0,0,0,0,0,0,0,0,0,0,0,0,0,0,0,0,0,0,0,0,0,0,0,0,0,0,0,0,0,0,0,0,0,0,0,0,0,0,0,0,0,0,0,0,0,0,0,0,0,0,0,0,0,0,0,0,0,0.0,,,,,,,benign
"gpgv --assert-pubkey-algo=>=rsa1024,ed25519,ed448,nistp256,nistp384, --homedir /tmp/apt-key-gpghome.uNr0U6g7B9 --keyring /usr/share/keyrings/ubuntu-archive-keyring.gpg --ignore-time-conflict --status-fd 3 /tmp/apt.sig.0RzEGo /tmp/apt.data.ms5a7r",0,0,0,0,0,0,0,0,0,0,0,0,0,0,0,0,0,0,0,0,0,0,0,0,0,0,0,0,0,0,0,0,0,0,0,0,0,0,0,0,0,0,0,0,0,0,1,0,0,0,0,0,0,0,0,0,0,1.9001043899238368,0.0,0.0,0.0,0.0,0.0,3.3731848374422,benign
rm -rf /tmp/apt-key-gpghome.uNr0U6g7B9,0,0,0,0,0,0,0,0,0,0,0,0,2,0,0,0,0,0,0,0,0,0,0,0,0,0,0,0,0,0,0,0,0,0,0,0,0,0,0,0,0,0,0,0,0,0,1,0,0,0,0,0,0,0,0,0,0,1.8891419728682837,0.0,0.0,0.0,0.0,0.0,3.027383038095437,benign
"/usr/bin/apt-key --quiet --readonly --keyring /usr/share/keyrings/ubuntu-archive-keyring.gpg verify --status-fd 3 /tmp/apt.sig.GGcMHF /tmp/apt.data.qMPFaQ -> apt-key -> apt-config shell MASTER_KEYRING APT::Key::MasterKeyring -> /usr/bin/dpkg --print-foreign-architectures -> apt-config shell ARCHIVE_KEYRING APT::Key::ArchiveKeyring -> apt-config shell REMOVED_KEYS APT::Key::RemovedKeys -> apt-config shell ARCHIVE_KEYRING_URI APT::Key::ArchiveKeyringURI -> apt-config shell GPGV Apt::Key::gpgvcommand ASSERT_PUBKEY_ALGO Apt::Key::assert-pubkey-algo -> mktemp --directory --tmpdir apt-key-gpghome.XXXXXXXXXX -> chmod 700 /tmp/apt-key-gpghome.QL2uLGjmwR -> gpgv --assert-pubkey-algo=>=rsa1024,ed25519,ed448,nistp256,nistp384, --homedir /tmp/apt-key-gpghome.QL2uLGjmwR --keyring /usr/share/keyrings/ubuntu-archive-keyring.gpg --ignore-time-conflict --status-fd 3 /tmp/apt.sig.GGcMHF /tmp/apt.data.qMPFaQ -> rm -rf /tmp/apt-key-gpghome.QL2uLGjmwR",2,0,2,0,0,0,2,0,2,0,0,2,2,0,0,0,0,0,0,0,0,2,0,2,2,0,0,0,0,0,0,0,0,0,0,0,0,0,0,0,0,0,0,0,0,0,17,0,0,0,0,1,0,0,0,0,0,4.709038539162538,0.0,0.0,0.0,0.0,0.0,3.410877830563703,benign
apt-key,0,0,0,0,0,0,0,0,0,0,0,0,0,0,0,0,0,0,0,0,0,0,0,0,0,0,0,0,0,0,0,0,0,0,0,0,0,0,0,0,0,0,0,0,0,0,0,0,0,0,0,0,0,0,0,0,0,0.0,,,,,,,benign
apt-config shell MASTER_KEYRING APT::Key::MasterKeyring -> /usr/bin/dpkg --print-foreign-architectures,1,0,1,0,0,0,0,0,0,0,0,0,0,0,0,0,0,0,0,0,0,1,0,0,0,0,0,0,0,0,0,0,0,0,0,0,0,0,0,0,0,0,0,0,0,0,3,0,0,0,0,0,0,0,0,0,0,3.281820057855956,0.0,0.0,0.0,0.0,0.0,3.228372376129276,benign
/usr/bin/dpkg --print-foreign-architectures,0,0,0,0,0,0,0,0,0,0,0,0,0,0,0,0,0,0,0,0,0,0,0,0,0,0,0,0,0,0,0,0,0,0,0,0,0,0,0,0,0,0,0,0,0,0,1,0,0,0,0,0,0,0,0,0,0,1.868058222419032,0.0,0.0,0.0,0.0,0.0,2.9514195898955555,benign
apt-config shell ARCHIVE_KEYRING APT::Key::ArchiveKeyring -> /usr/bin/dpkg --print-foreign-architectures,0,0,0,0,0,0,0,0,0,0,0,0,0,0,0,0,0,0,0,0,0,0,0,0,0,0,0,0,0,0,0,0,0,0,0,0,0,0,0,0,0,0,0,0,0,0,2,0,0,0,0,0,0,0,0,0,0,2.363799501265868,0.0,0.0,0.0,0.0,0.0,3.2625366587893625,benign
/usr/bin/dpkg --print-foreign-architectures,0,0,0,0,0,0,0,0,0,0,0,0,0,0,0,0,0,0,0,0,0,0,0,0,0,0,0,0,0,0,0,0,0,0,0,0,0,0,0,0,0,0,0,0,0,0,1,0,0,0,0,0,0,0,0,0,0,1.868058222419032,0.0,0.0,0.0,0.0,0.0,2.9514195898955555,benign
apt-config shell REMOVED_KEYS APT::Key::RemovedKeys -> /usr/bin/dpkg --print-foreign-architectures,0,0,0,0,0,0,0,0,0,0,0,0,0,0,0,0,0,0,0,0,0,0,0,0,0,0,0,0,0,0,0,0,0,0,0,0,0,0,0,0,0,0,0,0,0,0,2,0,0,0,0,0,0,0,0,0,0,2.3617765258995345,0.0,0.0,0.0,0.0,0.0,3.219566549293704,benign
/usr/bin/dpkg --print-foreign-architectures,0,0,0,0,0,0,0,0,0,0,0,0,0,0,0,0,0,0,0,0,0,0,0,0,0,0,0,0,0,0,0,0,0,0,0,0,0,0,0,0,0,0,0,0,0,0,1,0,0,0,0,0,0,0,0,0,0,1.868058222419032,0.0,0.0,0.0,0.0,0.0,2.9514195898955555,benign
apt-config shell ARCHIVE_KEYRING_URI APT::Key::ArchiveKeyringURI -> /usr/bin/dpkg --print-foreign-architectures,0,0,0,0,0,0,0,0,0,0,0,0,0,0,0,0,0,0,0,0,0,0,0,0,0,0,0,0,0,0,0,0,0,0,0,0,0,0,0,0,0,0,0,0,0,0,2,0,0,0,0,0,0,0,0,0,0,2.36502700653444,0.0,0.0,0.0,0.0,0.0,3.288652559985165,benign
/usr/bin/dpkg --print-foreign-architectures,0,0,0,0,0,0,0,0,0,0,0,0,0,0,0,0,0,0,0,0,0,0,0,0,0,0,0,0,0,0,0,0,0,0,0,0,0,0,0,0,0,0,0,0,0,0,1,0,0,0,0,0,0,0,0,0,0,1.868058222419032,0.0,0.0,0.0,0.0,0.0,2.9514195898955555,benign
apt-key,0,0,0,0,0,0,0,0,0,0,0,0,0,0,0,0,0,0,0,0,0,0,0,0,0,0,0,0,0,0,0,0,0,0,0,0,0,0,0,0,0,0,0,0,0,0,0,0,0,0,0,0,0,0,0,0,0,0.0,,,,,,,benign
apt-config shell GPGV Apt::Key::gpgvcommand ASSERT_PUBKEY_ALGO Apt::Key::assert-pubkey-algo -> /usr/bin/dpkg --print-foreign-architectures,1,0,1,0,0,0,0,0,0,0,0,0,0,0,0,0,0,0,0,0,0,1,0,0,0,0,0,0,0,0,0,0,0,0,0,0,0,0,0,0,0,0,0,0,0,0,3,0,0,0,0,0,0,0,0,0,0,3.283653869699834,0.0,0.0,0.0,0.0,0.0,3.326109460381478,benign
/usr/bin/dpkg --print-foreign-architectures,0,0,0,0,0,0,0,0,0,0,0,0,0,0,0,0,0,0,0,0,0,0,0,0,0,0,0,0,0,0,0,0,0,0,0,0,0,0,0,0,0,0,0,0,0,0,1,0,0,0,0,0,0,0,0,0,0,1.868058222419032,0.0,0.0,0.0,0.0,0.0,2.9514195898955555,benign
gpgv --assert-pubkey-algo,0,0,0,0,0,0,0,0,0,0,0,0,0,0,0,0,0,0,0,0,0,0,0,0,0,0,0,0,0,0,0,0,0,0,0,0,0,0,0,0,0,0,0,0,0,0,1,0,0,0,0,0,0,0,0,0,0,1.852240816467405,0.0,0.0,0.0,0.0,0.0,2.7481733799993955,benign
apt-key,0,0,0,0,0,0,0,0,0,0,0,0,0,0,0,0,0,0,0,0,0,0,0,0,0,0,0,0,0,0,0,0,0,0,0,0,0,0,0,0,0,0,0,0,0,0,0,0,0,0,0,0,0,0,0,0,0,0.0,,,,,,,benign
mktemp --directory --tmpdir apt-key-gpghome.XXXXXXXXXX,0,0,0,0,0,0,0,0,0,0,0,2,0,0,0,0,0,0,0,0,0,0,0,0,0,0,0,0,0,0,0,0,0,0,0,0,0,0,0,0,0,0,0,0,0,0,1,0,0,0,0,1,0,0,0,0,0,2.001260071631328,0.0,0.0,0.0,0.0,0.0,2.7567454149350623,benign
chmod 700 /tmp/apt-key-gpghome.QL2uLGjmwR,0,0,0,0,0,0,2,0,0,0,0,0,0,0,0,0,0,0,0,0,0,0,0,2,2,0,0,0,0,0,0,0,0,0,0,0,0,0,0,0,0,0,0,0,0,0,1,0,0,0,0,0,0,0,0,0,0,3.023112541826881,0.0,0.0,0.0,0.0,0.0,3.1103420973444607,benign
apt-key,0,0,0,0,0,0,0,0,0,0,0,0,0,0,0,0,0,0,0,0,0,0,0,0,0,0,0,0,0,0,0,0,0,0,0,0,0,0,0,0,0,0,0,0,0,0,0,0,0,0,0,0,0,0,0,0,0,0.0,,,,,,,benign
apt-key,0,0,0,0,0,0,0,0,0,0,0,0,0,0,0,0,0,0,0,0,0,0,0,0,0,0,0,0,0,0,0,0,0,0,0,0,0,0,0,0,0,0,0,0,0,0,0,0,0,0,0,0,0,0,0,0,0,0.0,,,,,,,benign
"sed -e s#'#''""'#g """,0,0,0,0,0,0,0,0,0,0,0,0,0,0,0,0,0,0,0,0,0,0,0,0,0,0,0,0,0,0,0,0,0,0,0,0,0,0,0,0,0,0,0,0,0,0,1,0,0,0,0,0,0,0,0,0,0,1.8090776073913948,0.0,0.0,0.0,0.0,0.0,2.209627598587938,benign
apt-key,0,0,0,0,0,0,0,0,0,0,0,0,0,0,0,0,0,0,0,0,0,0,0,0,0,0,0,0,0,0,0,0,0,0,0,0,0,0,0,0,0,0,0,0,0,0,0,0,0,0,0,0,0,0,0,0,0,0.0,,,,,,,benign
apt-key,0,0,0,0,0,0,0,0,0,0,0,0,0,0,0,0,0,0,0,0,0,0,0,0,0,0,0,0,0,0,0,0,0,0,0,0,0,0,0,0,0,0,0,0,0,0,0,0,0,0,0,0,0,0,0,0,0,0.0,,,,,,,benign
"sed -e s#'#''""'#g """,0,0,0,0,0,0,0,0,0,0,0,0,0,0,0,0,0,0,0,0,0,0,0,0,0,0,0,0,0,0,0,0,0,0,0,0,0,0,0,0,0,0,0,0,0,0,1,0,0,0,0,0,0,0,0,0,0,1.8090776073913948,0.0,0.0,0.0,0.0,0.0,2.209627598587938,benign
apt-key,0,0,0,0,0,0,0,0,0,0,0,0,0,0,0,0,0,0,0,0,0,0,0,0,0,0,0,0,0,0,0,0,0,0,0,0,0,0,0,0,0,0,0,0,0,0,0,0,0,0,0,0,0,0,0,0,0,0.0,,,,,,,benign
apt-key,0,0,0,0,0,0,0,0,0,0,0,0,0,0,0,0,0,0,0,0,0,0,0,0,0,0,0,0,0,0,0,0,0,0,0,0,0,0,0,0,0,0,0,0,0,0,0,0,0,0,0,0,0,0,0,0,0,0.0,,,,,,,benign
"gpgv --assert-pubkey-algo=>=rsa1024,ed25519,ed448,nistp256,nistp384, --homedir /tmp/apt-key-gpghome.QL2uLGjmwR --keyring /usr/share/keyrings/ubuntu-archive-keyring.gpg --ignore-time-conflict --status-fd 3 /tmp/apt.sig.GGcMHF /tmp/apt.data.qMPFaQ",0,0,0,0,0,0,0,0,0,0,0,0,0,0,0,0,0,0,0,0,0,0,0,0,0,0,0,0,0,0,0,0,0,0,0,0,0,0,0,0,0,0,0,0,0,0,1,0,0,0,0,0,0,0,0,0,0,1.902918975483319,0.0,0.0,0.0,0.0,0.0,3.410877830563703,benign
rm -rf /tmp/apt-key-gpghome.QL2uLGjmwR,0,0,0,0,0,0,0,0,0,0,0,0,2,0,0,0,0,0,0,0,0,0,0,0,0,0,0,0,0,0,0,0,0,0,0,0,0,0,0,0,0,0,0,0,0,0,1,0,0,0,0,0,0,0,0,0,0,1.88940179213081,0.0,0.0,0.0,0.0,0.0,3.030820213504404,benign
"/usr/bin/apt-key --quiet --readonly --keyring /usr/share/keyrings/ubuntu-archive-keyring.gpg verify --status-fd 3 /tmp/apt.sig.fv5BQq /tmp/apt.data.tZE7ET -> apt-key -> apt-config shell MASTER_KEYRING APT::Key::MasterKeyring -> /usr/bin/dpkg --print-foreign-architectures -> apt-config shell ARCHIVE_KEYRING APT::Key::ArchiveKeyring -> apt-config shell REMOVED_KEYS APT::Key::RemovedKeys -> apt-config shell ARCHIVE_KEYRING_URI APT::Key::ArchiveKeyringURI -> apt-config shell GPGV Apt::Key::gpgvcommand ASSERT_PUBKEY_ALGO Apt::Key::assert-pubkey-algo -> mktemp --directory --tmpdir apt-key-gpghome.XXXXXXXXXX -> chmod 700 /tmp/apt-key-gpghome.ZvWCQbZGED -> gpgv --assert-pubkey-algo=>=rsa1024,ed25519,ed448,nistp256,nistp384, --homedir /tmp/apt-key-gpghome.ZvWCQbZGED --keyring /usr/share/keyrings/ubuntu-archive-keyring.gpg --ignore-time-conflict --status-fd 3 /tmp/apt.sig.fv5BQq /tmp/apt.data.tZE7ET -> rm -rf /tmp/apt-key-gpghome.ZvWCQbZGED",0,0,0,0,0,0,2,0,2,0,0,2,2,0,0,0,0,0,0,0,0,0,0,2,2,0,0,0,0,0,0,0,0,0,0,0,0,0,0,0,0,0,0,0,0,0,15,0,0,0,0,1,0,0,0,0,0,4.355763344152846,0.0,0.0,0.0,0.0,0.0,3.41257442940132,benign
apt-key,0,0,0,0,0,0,0,0,0,0,0,0,0,0,0,0,0,0,0,0,0,0,0,0,0,0,0,0,0,0,0,0,0,0,0,0,0,0,0,0,0,0,0,0,0,0,0,0,0,0,0,0,0,0,0,0,0,0.0,,,,,,,benign
apt-config shell MASTER_KEYRING APT::Key::MasterKeyring -> /usr/bin/dpkg --print-foreign-architectures,0,0,0,0,0,0,0,0,0,0,0,0,0,0,0,0,0,0,0,0,0,0,0,0,0,0,0,0,0,0,0,0,0,0,0,0,0,0,0,0,0,0,0,0,0,0,2,0,0,0,0,0,0,0,0,0,0,2.3621914259952668,0.0,0.0,0.0,0.0,0.0,3.228372376129276,benign
/usr/bin/dpkg --print-foreign-architectures,0,0,0,0,0,0,0,0,0,0,0,0,0,0,0,0,0,0,0,0,0,0,0,0,0,0,0,0,0,0,0,0,0,0,0,0,0,0,0,0,0,0,0,0,0,0,1,0,0,0,0,0,0,0,0,0,0,1.868058222419032,0.0,0.0,0.0,0.0,0.0,2.9514195898955555,benign
apt-config shell ARCHIVE_KEYRING APT::Key::ArchiveKeyring -> /usr/bin/dpkg --print-foreign-architectures,0,0,0,0,0,0,0,0,0,0,0,0,0,0,0,0,0,0,0,0,0,0,0,0,0,0,0,0,0,0,0,0,0,0,0,0,0,0,0,0,0,0,0,0,0,0,2,0,0,0,0,0,0,0,0,0,0,2.363799501265868,0.0,0.0,0.0,0.0,0.0,3.2625366587893625,benign
/usr/bin/dpkg --print-foreign-architectures,0,0,0,0,0,0,0,0,0,0,0,0,0,0,0,0,0,0,0,0,0,0,0,0,0,0,0,0,0,0,0,0,0,0,0,0,0,0,0,0,0,0,0,0,0,0,1,0,0,0,0,0,0,0,0,0,0,1.868058222419032,0.0,0.0,0.0,0.0,0.0,2.9514195898955555,benign
apt-config shell REMOVED_KEYS APT::Key::RemovedKeys -> /usr/bin/dpkg --print-foreign-architectures,0,0,0,0,0,0,0,0,0,0,0,0,0,0,0,0,0,0,0,0,0,0,0,0,0,0,0,0,0,0,0,0,0,0,0,0,0,0,0,0,0,0,0,0,0,0,2,0,0,0,0,0,0,0,0,0,0,2.3617765258995345,0.0,0.0,0.0,0.0,0.0,3.219566549293704,benign
/usr/bin/dpkg --print-foreign-architectures,0,0,0,0,0,0,0,0,0,0,0,0,0,0,0,0,0,0,0,0,0,0,0,0,0,0,0,0,0,0,0,0,0,0,0,0,0,0,0,0,0,0,0,0,0,0,1,0,0,0,0,0,0,0,0,0,0,1.868058222419032,0.0,0.0,0.0,0.0,0.0,2.9514195898955555,benign
apt-config shell ARCHIVE_KEYRING_URI APT::Key::ArchiveKeyringURI -> /usr/bin/dpkg --print-foreign-architectures,0,0,0,0,0,0,0,0,0,0,0,0,0,0,0,0,0,0,0,0,0,0,0,0,0,0,0,0,0,0,0,0,0,0,0,0,0,0,0,0,0,0,0,0,0,0,2,0,0,0,0,0,0,0,0,0,0,2.36502700653444,0.0,0.0,0.0,0.0,0.0,3.288652559985165,benign
/usr/bin/dpkg --print-foreign-architectures,0,0,0,0,0,0,0,0,0,0,0,0,0,0,0,0,0,0,0,0,0,0,0,0,0,0,0,0,0,0,0,0,0,0,0,0,0,0,0,0,0,0,0,0,0,0,1,0,0,0,0,0,0,0,0,0,0,1.868058222419032,0.0,0.0,0.0,0.0,0.0,2.9514195898955555,benign
apt-key,0,0,0,0,0,0,0,0,0,0,0,0,0,0,0,0,0,0,0,0,0,0,0,0,0,0,0,0,0,0,0,0,0,0,0,0,0,0,0,0,0,0,0,0,0,0,0,0,0,0,0,0,0,0,0,0,0,0.0,,,,,,,benign
apt-config shell GPGV Apt::Key::gpgvcommand ASSERT_PUBKEY_ALGO Apt::Key::assert-pubkey-algo -> /usr/bin/dpkg --print-foreign-architectures,0,0,0,0,0,0,0,0,0,0,0,0,0,0,0,0,0,0,0,0,0,0,0,0,0,0,0,0,0,0,0,0,0,0,0,0,0,0,0,0,0,0,0,0,0,0,2,0,0,0,0,0,0,0,0,0,0,2.3667849377426244,0.0,0.0,0.0,0.0,0.0,3.326109460381478,benign
/usr/bin/dpkg --print-foreign-architectures,0,0,0,0,0,0,0,0,0,0,0,0,0,0,0,0,0,0,0,0,0,0,0,0,0,0,0,0,0,0,0,0,0,0,0,0,0,0,0,0,0,0,0,0,0,0,1,0,0,0,0,0,0,0,0,0,0,1.868058222419032,0.0,0.0,0.0,0.0,0.0,2.9514195898955555,benign
gpgv --assert-pubkey-algo,0,0,0,0,0,0,0,0,0,0,0,0,0,0,0,0,0,0,0,0,0,0,0,0,0,0,0,0,0,0,0,0,0,0,0,0,0,0,0,0,0,0,0,0,0,0,1,0,0,0,0,0,0,0,0,0,0,1.852240816467405,0.0,0.0,0.0,0.0,0.0,2.7481733799993955,benign
apt-key,0,0,0,0,0,0,0,0,0,0,0,0,0,0,0,0,0,0,0,0,0,0,0,0,0,0,0,0,0,0,0,0,0,0,0,0,0,0,0,0,0,0,0,0,0,0,0,0,0,0,0,0,0,0,0,0,0,0.0,,,,,,,benign
mktemp --directory --tmpdir apt-key-gpghome.XXXXXXXXXX,0,0,0,0,0,0,0,0,0,0,0,2,0,0,0,0,0,0,0,0,0,0,0,0,0,0,0,0,0,0,0,0,0,0,0,0,0,0,0,0,0,0,0,0,0,0,1,0,0,0,0,1,0,0,0,0,0,2.001260071631328,0.0,0.0,0.0,0.0,0.0,2.7567454149350623,benign
chmod 700 /tmp/apt-key-gpghome.ZvWCQbZGED,0,0,0,0,0,0,2,0,0,0,0,0,0,0,0,0,0,0,0,0,0,0,0,2,2,0,0,0,0,0,0,0,0,0,0,0,0,0,0,0,0,0,0,0,0,0,1,0,0,0,0,0,0,0,0,0,0,3.0240631337920414,0.0,0.0,0.0,0.0,0.0,3.14943983828225,benign
apt-key,0,0,0,0,0,0,0,0,0,0,0,0,0,0,0,0,0,0,0,0,0,0,0,0,0,0,0,0,0,0,0,0,0,0,0,0,0,0,0,0,0,0,0,0,0,0,0,0,0,0,0,0,0,0,0,0,0,0.0,,,,,,,benign
apt-key,0,0,0,0,0,0,0,0,0,0,0,0,0,0,0,0,0,0,0,0,0,0,0,0,0,0,0,0,0,0,0,0,0,0,0,0,0,0,0,0,0,0,0,0,0,0,0,0,0,0,0,0,0,0,0,0,0,0.0,,,,,,,benign
"sed -e s#'#''""'#g """,0,0,0,0,0,0,0,0,0,0,0,0,0,0,0,0,0,0,0,0,0,0,0,0,0,0,0,0,0,0,0,0,0,0,0,0,0,0,0,0,0,0,0,0,0,0,1,0,0,0,0,0,0,0,0,0,0,1.8090776073913948,0.0,0.0,0.0,0.0,0.0,2.209627598587938,benign
apt-key,0,0,0,0,0,0,0,0,0,0,0,0,0,0,0,0,0,0,0,0,0,0,0,0,0,0,0,0,0,0,0,0,0,0,0,0,0,0,0,0,0,0,0,0,0,0,0,0,0,0,0,0,0,0,0,0,0,0.0,,,,,,,benign
apt-key,0,0,0,0,0,0,0,0,0,0,0,0,0,0,0,0,0,0,0,0,0,0,0,0,0,0,0,0,0,0,0,0,0,0,0,0,0,0,0,0,0,0,0,0,0,0,0,0,0,0,0,0,0,0,0,0,0,0.0,,,,,,,benign
"sed -e s#'#''""'#g """,0,0,0,0,0,0,0,0,0,0,0,0,0,0,0,0,0,0,0,0,0,0,0,0,0,0,0,0,0,0,0,0,0,0,0,0,0,0,0,0,0,0,0,0,0,0,1,0,0,0,0,0,0,0,0,0,0,1.8090776073913948,0.0,0.0,0.0,0.0,0.0,2.209627598587938,benign
apt-key,0,0,0,0,0,0,0,0,0,0,0,0,0,0,0,0,0,0,0,0,0,0,0,0,0,0,0,0,0,0,0,0,0,0,0,0,0,0,0,0,0,0,0,0,0,0,0,0,0,0,0,0,0,0,0,0,0,0.0,,,,,,,benign
apt-key,0,0,0,0,0,0,0,0,0,0,0,0,0,0,0,0,0,0,0,0,0,0,0,0,0,0,0,0,0,0,0,0,0,0,0,0,0,0,0,0,0,0,0,0,0,0,0,0,0,0,0,0,0,0,0,0,0,0.0,,,,,,,benign
"gpgv --assert-pubkey-algo=>=rsa1024,ed25519,ed448,nistp256,nistp384, --homedir /tmp/apt-key-gpghome.ZvWCQbZGED --keyring /usr/share/keyrings/ubuntu-archive-keyring.gpg --ignore-time-conflict --status-fd 3 /tmp/apt.sig.fv5BQq /tmp/apt.data.tZE7ET",0,0,0,0,0,0,0,0,0,0,0,0,0,0,0,0,0,0,0,0,0,0,0,0,0,0,0,0,0,0,0,0,0,0,0,0,0,0,0,0,0,0,0,0,0,0,1,0,0,0,0,0,0,0,0,0,0,1.903045476637864,0.0,0.0,0.0,0.0,0.0,3.41257442940132,benign
rm -rf /tmp/apt-key-gpghome.ZvWCQbZGED,0,0,0,0,0,0,0,0,0,0,0,0,2,0,0,0,0,0,0,0,0,0,0,0,0,0,0,0,0,0,0,0,0,0,0,0,0,0,0,0,0,0,0,0,0,0,1,0,0,0,0,0,0,0,0,0,0,1.892582043863125,0.0,0.0,0.0,0.0,0.0,3.0729645316581244,benign
apt -> rm -f /var/cache/apt/archives/*.deb /var/cache/apt/archives/partial/*.deb /var/cache/apt/*.bin,0,0,0,0,0,0,0,0,0,0,0,0,0,0,0,0,0,0,0,0,0,0,0,0,0,0,0,0,0,0,0,0,0,0,0,0,0,0,0,0,0,0,0,0,0,0,1,0,0,0,0,0,0,0,0,0,0,1.859707154844908,0.0,0.0,0.0,0.0,0.0,2.8437117733109467,benign
rm -f /var/cache/apt/archives/*.deb /var/cache/apt/archives/partial/*.deb /var/cache/apt/*.bin,0,0,0,0,0,0,0,0,0,0,0,0,0,0,0,0,0,0,0,0,0,0,0,0,0,0,0,0,0,0,0,0,0,0,0,0,0,0,0,0,0,0,0,0,0,0,1,0,0,0,0,0,0,0,0,0,0,1.859707154844908,0.0,0.0,0.0,0.0,0.0,2.8437117733109467,benign
apt,0,0,0,0,0,0,0,0,0,0,0,0,0,0,0,0,0,0,0,0,0,0,0,0,0,0,0,0,0,0,0,0,0,0,0,0,0,0,0,0,0,0,0,0,0,0,0,0,0,0,0,0,0,0,0,0,0,0.0,,,,,,,benign
/usr/bin/dpkg --print-foreign-architectures,0,0,0,0,0,0,0,0,0,0,0,0,0,0,0,0,0,0,0,0,0,0,0,0,0,0,0,0,0,0,0,0,0,0,0,0,0,0,0,0,0,0,0,0,0,0,1,0,0,0,0,0,0,0,0,0,0,1.868058222419032,0.0,0.0,0.0,0.0,0.0,2.9514195898955555,benign
snapd,5,0,0,1,0,1,0,0,0,0,0,0,0,0,0,0,0,0,0,0,0,0,0,0,0,0,0,0,0,0,0,0,0,0,0,0,0,0,0,0,0,0,0,0,0,1,5,0,0,0,0,0,0,0,0,0,0,3.467297183366679,,,,,,,benign
/usr/bin/dpkg --print-foreign-architectures,0,0,0,0,0,0,0,0,0,0,0,0,0,0,0,0,0,0,0,0,0,0,0,0,0,0,0,0,0,0,0,0,0,0,0,0,0,0,0,0,0,0,0,0,0,0,1,0,0,0,0,0,0,0,0,0,0,1.868058222419032,0.0,0.0,0.0,0.0,0.0,2.9514195898955555,benign
sudo,0,0,0,0,0,0,0,0,0,0,0,0,0,0,0,0,0,0,0,0,0,0,0,0,0,0,0,0,0,0,0,0,0,0,0,0,0,0,0,0,0,0,0,0,0,0,0,0,0,0,0,0,0,0,0,0,0,0.0,,,,,,,benign
/bin/bash -c mv ~/Desktop/x ~/Downloads/,0,0,0,2,0,2,0,0,0,0,0,0,0,0,0,0,0,0,0,0,0,0,0,0,0,0,0,0,0,0,0,0,0,0,0,0,0,0,0,0,0,0,0,0,0,2,2,0,0,0,0,0,0,0,0,0,0,3.232666117927617,0.0,0.0,0.0,0.0,0.0,2.694290887508205,benign
/bin/bash -c find ~/Pictures -name '*.png',0,0,0,2,0,2,0,0,0,0,0,0,0,0,0,0,0,0,0,0,0,0,0,0,0,0,0,0,0,0,0,0,0,0,0,0,0,0,0,0,0,0,0,0,0,2,2,0,0,0,0,0,0,0,0,0,0,3.2359635476370268,0.0,0.0,0.0,0.0,0.0,2.861727652146944,benign
/bin/bash -c cp ~/Downloads/notes.txt ~/Documents/,0,0,0,2,0,2,0,0,0,0,0,0,0,0,0,0,0,0,0,0,0,0,0,0,0,0,0,0,0,0,0,0,0,0,0,0,0,0,0,0,0,0,0,0,0,2,2,0,0,0,0,0,0,0,0,0,0,3.2340571000396543,0.0,0.0,0.0,0.0,0.0,2.7648548045108248,benign
/bin/bash -c rm ~/Desktop/old_backup.zip,0,0,0,2,0,2,0,0,0,0,0,0,0,0,0,0,0,0,0,0,0,0,0,0,0,0,0,0,0,0,0,0,0,0,0,0,0,0,0,0,0,0,0,0,0,2,2,0,0,0,0,0,0,0,0,0,0,3.2379292933819928,0.0,0.0,0.0,0.0,0.0,2.9618072101164894,benign
ps,1,0,0,0,0,0,0,0,0,0,0,0,0,0,0,0,0,0,0,0,0,0,0,0,0,0,0,0,0,0,0,0,0,0,0,0,0,0,0,0,0,0,0,0,0,0,0,0,0,0,0,0,0,0,0,0,0,0.009950330853168,,,,,,,benign
/bin/bash -c pwd,0,0,0,2,0,2,0,0,0,0,0,0,0,0,0,0,0,0,0,0,0,0,0,0,0,0,0,0,0,0,0,0,0,0,0,0,0,0,0,0,0,0,0,0,0,2,1,0,0,0,0,0,0,0,0,0,0,3.055825119909083,0.0,0.0,0.0,0.0,0.0,2.4774055510121467,benign
/bin/bash -c ls -a ~,0,0,0,2,0,2,0,0,0,0,0,0,0,0,0,0,0,0,0,0,0,0,0,0,0,0,0,0,0,0,0,0,0,0,0,0,0,0,0,0,0,0,0,0,0,2,2,0,0,0,0,0,0,0,0,0,0,3.221254694053457,0.0,0.0,0.0,0.0,0.0,2.1190850469784714,benign
/bin/bash -c code .,0,0,0,2,0,2,0,0,0,0,0,0,0,0,0,0,0,0,0,0,0,0,0,0,0,0,0,0,0,0,0,0,0,0,0,0,0,0,0,0,0,0,0,0,0,2,1,0,0,0,0,0,0,0,0,0,0,3.055505106786769,0.0,0.0,0.0,0.0,0.0,2.463814398623497,benign
/bin/bash -c hostname -I,0,0,0,2,0,3,0,0,0,0,0,0,0,0,0,0,0,0,0,0,0,0,0,0,0,0,0,0,0,0,0,0,0,0,0,0,0,0,0,0,0,0,0,0,0,2,2,0,0,0,0,0,0,0,0,0,0,3.2663700844185137,0.0,0.0,0.0,0.0,0.0,2.4320090718903087,benign
/bin/bash -c free -h,0,0,0,2,0,2,0,0,0,0,0,0,0,0,0,0,0,0,0,0,0,0,0,0,0,0,0,0,0,0,0,0,0,0,0,0,0,0,0,0,0,0,0,0,0,2,2,0,0,0,0,0,0,0,0,0,0,3.216304567244948,0.0,0.0,0.0,0.0,0.0,1.871602261409798,benign
/bin/bash -c ps aux,2,0,0,4,0,4,0,0,0,0,0,0,0,0,0,0,0,0,0,0,0,0,0,0,0,0,0,0,0,0,0,0,0,0,0,0,0,0,0,0,0,0,0,0,0,4,1,0,0,0,0,0,0,0,0,0,0,3.375067831438304,0.0,0.0,0.0,0.0,0.0,2.412532347341446,benign
/bin/bash -c grep 'error' log.txt,0,0,0,2,0,2,0,0,0,0,0,0,0,0,0,0,0,0,0,0,0,0,0,0,0,0,0,0,0,0,0,0,0,0,0,0,0,0,0,0,0,0,0,0,0,2,2,0,0,0,0,0,0,0,0,0,0,3.224541425352061,0.0,0.0,0.0,0.0,0.0,2.284084017565329,benign
/bin/bash -c mkdir ~/backups,0,0,0,2,0,2,4,0,0,0,0,3,1,0,0,0,0,0,0,0,0,0,2,0,0,0,0,0,0,0,0,1,3,1,3,1,3,0,0,0,1,0,0,0,0,2,3,0,0,0,0,0,0,0,0,0,0,4.015257883670313,0.0,0.0,0.0,0.0,0.0,2.7151800168531723,benign
/bin/bash -c find ~/Documents -name '*.txt',0,0,0,2,0,2,0,0,0,0,0,0,0,0,0,0,0,0,0,0,0,0,0,0,0,0,0,0,0,0,0,0,0,0,0,0,0,0,0,0,0,0,0,0,0,2,2,0,0,0,0,0,0,0,0,0,0,3.2346967295210765,0.0,0.0,0.0,0.0,0.0,2.797335889086144,benign
ps,1,0,0,0,0,0,0,0,0,0,0,0,0,0,0,0,0,0,0,0,0,0,0,0,0,0,0,0,0,0,0,0,0,0,0,0,0,0,0,0,0,0,0,0,0,0,0,0,0,0,0,0,0,0,0,0,0,0.009950330853168,,,,,,,benign
/bin/bash -c cp ~/Downloads/data.csv ./,0,0,0,2,0,2,0,0,0,0,0,0,0,0,0,0,0,0,0,0,0,0,0,0,0,0,0,0,0,0,0,0,0,0,0,0,0,0,0,0,0,0,0,0,0,2,2,0,0,0,0,0,0,0,0,0,0,3.2327318715494786,0.0,0.0,0.0,0.0,0.0,2.697624330333502,benign
/bin/bash -c rm ~/Desktop/old_version.tar,0,0,0,2,0,2,0,0,0,0,0,0,0,0,0,0,0,0,0,0,0,0,0,0,0,0,0,0,0,0,0,0,0,0,0,0,0,0,0,0,0,0,0,0,0,2,2,0,0,0,0,0,0,0,0,0,0,3.23576645041657,0.0,0.0,0.0,0.0,0.0,2.8517039348549886,benign
/bin/bash -c ls -l,0,0,0,2,0,2,0,0,0,0,0,0,0,0,0,0,0,0,0,0,0,0,0,0,0,0,0,0,0,0,0,0,0,0,0,0,0,0,0,0,0,0,0,0,0,2,2,0,0,0,0,0,0,0,0,0,0,3.208645974924326,0.0,0.0,0.0,0.0,0.0,1.4911148500551858,benign
/bin/bash -c du -sh ~/,0,0,0,2,0,2,0,0,0,0,0,0,0,0,0,0,0,0,0,0,0,0,0,0,0,0,0,0,0,0,0,0,0,0,0,0,0,0,0,0,0,0,0,0,0,2,2,0,0,0,0,0,0,0,0,0,0,3.2235920655734382,0.0,0.0,0.0,0.0,0.0,2.23636898364495,benign
/bin/bash -c nproc,0,0,0,2,0,2,0,0,0,0,0,0,0,0,0,0,0,0,0,0,0,0,0,0,0,0,0,0,0,0,0,0,0,0,0,0,0,0,0,0,0,0,0,0,0,2,2,0,0,0,0,0,0,0,0,0,0,3.2198643775447437,0.0,0.0,0.0,0.0,0.0,2.049452072789394,benign
/bin/bash -c who,0,0,0,2,0,2,0,0,0,0,0,0,0,0,0,0,0,0,0,0,0,0,0,0,0,0,0,0,0,0,0,0,0,0,0,0,0,0,0,0,0,0,0,0,0,2,2,0,0,0,0,0,0,0,0,0,0,3.2121431668887324,0.0,0.0,0.0,0.0,0.0,1.6644977792004616,benign
/bin/bash -c grep 'success' /var/log/syslog,0,0,0,2,0,2,0,0,0,0,0,0,0,0,0,0,0,0,0,0,0,0,0,0,0,0,0,0,0,0,0,0,0,0,0,0,0,0,0,0,0,0,0,0,0,2,2,0,0,0,0,0,0,0,0,0,0,3.2306571099781727,0.0,0.0,0.0,0.0,0.0,2.59254788959006,benign
/bin/bash -c tar -czvf project.tar.gz ~/project -> /bin/sh -c gzip -> gzip,0,0,0,2,0,2,1,0,0,0,0,0,0,0,0,0,0,0,0,0,0,0,1,0,0,0,0,0,0,0,0,0,1,0,1,0,0,0,0,0,0,0,0,0,0,2,4,0,0,0,0,0,0,0,0,0,0,3.918765298175923,0.0,0.0,0.0,0.0,0.0,2.6765073172176934,benign
/bin/sh -c gzip -> gzip,0,0,0,0,0,0,1,0,0,0,0,0,0,0,0,0,0,0,0,0,0,0,1,0,0,0,0,0,0,0,0,0,1,0,1,0,0,0,0,0,0,0,0,0,0,0,2,0,0,0,0,0,0,0,0,0,0,3.3032889794831823,0.0,0.0,0.0,0.0,0.0,2.403917277291339,benign
gzip,0,0,0,0,0,0,0,0,0,0,0,0,0,0,0,0,0,0,0,0,0,0,0,0,0,0,0,0,0,0,0,0,0,0,0,0,0,0,0,0,0,0,0,0,0,0,1,0,0,0,0,0,0,0,0,0,0,1.7817061829263552,0.0,0.0,0.0,0.0,0.0,1.879964948727111,benign
/bin/bash -c tar -xzvf project.tar.gz -> gzip -d,0,0,0,2,0,2,0,0,0,0,0,0,0,0,0,0,0,0,0,0,0,0,0,0,0,0,0,0,0,0,0,0,0,0,0,0,0,0,0,0,0,0,0,0,0,2,6,0,0,0,0,0,0,0,0,0,0,3.7218081032445394,0.0,0.0,0.0,0.0,0.0,2.6781437714062166,benign
gzip -d,0,0,0,0,0,0,0,0,0,0,0,0,0,0,0,0,0,0,0,0,0,0,0,0,0,0,0,0,0,0,0,0,0,0,0,0,0,0,0,0,0,0,0,0,0,0,4,0,0,0,0,0,0,0,0,0,0,2.8905088483528143,0.0,0.0,0.0,0.0,0.0,2.0049355947431318,benign
/bin/bash -c uname -r,0,0,0,2,0,2,0,0,0,0,0,0,0,0,0,0,0,0,0,0,0,0,0,0,0,0,0,0,0,0,0,0,0,0,0,0,0,0,0,0,0,0,0,0,0,2,2,0,0,0,0,0,0,0,0,0,0,3.2215400225660225,0.0,0.0,0.0,0.0,0.0,2.133387491316597,benign
/bin/bash -c chmod 600 file.txt,0,0,0,2,0,2,0,0,0,0,0,0,0,0,0,0,0,0,0,0,0,0,0,0,0,0,0,0,0,0,0,0,0,0,0,0,0,0,0,0,0,0,0,0,0,2,2,0,0,0,0,0,0,0,0,0,0,3.230970554692928,0.0,0.0,0.0,0.0,0.0,2.6084083418896538,benign
/bin/bash -c rm -r ~/old_folder,0,0,0,2,0,2,0,0,0,0,0,0,0,0,0,0,0,0,0,0,0,0,0,0,0,0,0,0,0,0,0,0,0,0,0,0,0,0,0,0,0,0,0,0,0,2,2,0,0,0,0,0,0,0,0,0,0,3.22730111426846,0.0,0.0,0.0,0.0,0.0,2.423044102010384,benign
/bin/bash -c find / -name '*config*',0,0,0,2,0,2,0,0,0,0,0,0,0,0,0,0,0,0,0,0,0,0,0,0,0,0,0,0,0,0,0,0,0,0,0,0,0,0,0,0,0,0,0,0,0,2,2,0,0,0,0,0,0,0,0,0,0,3.228355445003116,0.0,0.0,0.0,0.0,0.0,2.476234702457177,benign
/bin/bash -c free -h,0,0,0,2,0,2,0,0,0,0,0,0,0,0,0,0,0,0,0,0,0,0,0,0,0,0,0,0,0,0,0,0,0,0,0,0,0,0,0,0,0,0,0,0,0,2,2,0,0,0,0,0,0,0,0,0,0,3.216304567244948,0.0,0.0,0.0,0.0,0.0,1.871602261409798,benign
/bin/bash -c ln -s example.txt symlink_example.txt,0,0,1,2,0,2,0,0,0,0,1,0,0,0,0,0,0,0,0,0,0,0,0,0,0,0,0,0,0,0,0,0,0,0,0,0,0,0,0,0,0,0,0,0,0,2,2,0,0,0,0,0,0,0,0,0,0,3.446435611756895,0.0,0.0,0.0,0.0,0.0,2.676625094609149,benign
/bin/bash -c ss -tuln,0,0,0,2,0,2,0,0,0,0,0,0,0,0,0,0,0,0,0,0,0,0,0,0,0,0,0,0,0,0,0,0,0,0,0,0,0,0,0,0,0,0,0,0,0,2,1,0,0,0,0,0,0,0,0,0,0,3.0547019519902885,0.0,0.0,0.0,0.0,0.0,2.4297230745502008,benign
/bin/bash -c hostname -I,0,0,0,2,0,3,0,0,0,0,0,0,0,0,0,0,0,0,0,0,0,0,0,0,0,0,0,0,0,0,0,0,0,0,0,0,0,0,0,0,0,0,0,0,0,2,2,0,0,0,0,0,0,0,0,0,0,3.2663700844185137,0.0,0.0,0.0,0.0,0.0,2.4320090718903087,benign
/bin/bash -c rm -rf /tmp/*,0,0,0,2,0,2,0,0,0,0,0,0,0,0,0,0,0,0,0,0,0,0,0,0,0,0,0,0,0,0,0,0,0,0,0,0,0,0,0,0,0,0,0,0,0,2,2,0,0,0,0,0,0,0,0,0,0,3.222116466503842,0.0,0.0,0.0,0.0,0.0,2.162294909570876,benign
/bin/bash -c du -sh .,0,0,0,2,0,2,0,0,0,0,0,0,0,0,0,0,0,0,0,0,0,0,0,0,0,0,0,0,0,0,0,0,0,0,0,0,0,0,0,0,0,0,0,0,0,2,2,0,0,0,0,0,0,0,0,0,0,3.215851397655844,0.0,0.0,0.0,0.0,0.0,1.8490070880144411,benign
/bin/bash -c tar -czvf backup_project.tar.gz ~/project -> /bin/sh -c gzip -> gzip,0,0,0,2,0,2,0,0,1,0,0,0,0,0,0,0,0,0,0,0,0,0,0,0,0,0,0,0,0,0,0,0,0,0,0,0,0,0,0,0,0,0,0,0,0,2,4,0,0,0,0,0,0,0,0,0,0,3.510636295809258,0.0,0.0,0.0,0.0,0.0,2.8391150982773143,benign
/bin/sh -c gzip -> gzip,0,0,0,0,0,0,0,0,1,0,0,0,0,0,0,0,0,0,0,0,0,0,0,0,0,0,0,0,0,0,0,0,0,0,0,0,0,0,0,0,0,0,0,0,0,0,2,0,0,0,0,0,0,0,0,0,0,2.3274687740268183,0.0,0.0,0.0,0.0,0.0,2.403917277291339,benign
gzip,0,0,0,0,0,0,0,0,0,0,0,0,0,0,0,0,0,0,0,0,0,0,0,0,0,0,0,0,0,0,0,0,0,0,0,0,0,0,0,0,0,0,0,0,0,0,1,0,0,0,0,0,0,0,0,0,0,1.7817061829263552,0.0,0.0,0.0,0.0,0.0,1.879964948727111,benign
kworker/dying,0,0,0,0,0,0,0,0,0,0,0,0,0,0,0,0,0,0,0,0,0,0,0,0,0,0,0,0,0,0,0,0,0,0,0,0,0,0,0,0,0,0,0,0,0,0,0,0,0,0,0,0,0,0,0,0,0,0.0,,,,,,,benign
kworker/dying,0,0,0,0,0,0,0,0,0,0,0,0,0,0,0,0,0,0,0,0,0,0,0,0,0,0,0,0,0,0,0,0,0,0,0,0,0,0,0,0,0,0,0,0,0,0,0,0,0,0,0,0,0,0,0,0,0,0.0,,,,,,,benign
kworker/dying,0,0,0,0,0,0,0,0,0,0,0,0,0,0,0,0,0,0,0,0,0,0,0,0,0,0,0,0,0,0,0,0,0,0,0,0,0,0,0,0,0,0,0,0,0,0,0,0,0,0,0,0,0,0,0,0,0,0.0,,,,,,,benign
/bin/bash -c sudo apt update && sudo apt upgrade -y -> sudo apt update -> sudo,1,0,0,2,0,2,1,0,0,0,0,0,0,0,0,0,0,0,0,0,0,0,0,0,0,0,0,0,0,0,0,0,1,0,1,0,0,0,1,0,0,0,0,0,0,2,2,0,0,0,0,0,0,0,0,1,0,3.658929970720169,0.0,0.0,0.0,0.0,0.0,2.6195646721337056,benign
sudo apt update -> sudo,1,0,0,0,0,0,1,0,0,0,0,0,0,0,0,0,0,0,0,0,0,0,0,0,0,0,0,0,0,0,0,0,1,0,1,0,0,0,1,0,0,0,0,0,0,0,1,0,0,0,0,0,0,0,0,1,0,2.9763039828850744,0.0,0.0,0.0,0.0,0.0,2.210368890194565,benign
"apt update -> /usr/bin/dpkg --print-foreign-architectures -> /usr/lib/apt/methods/http -> /usr/lib/apt/methods/gpgv -> gpgv -> /usr/bin/apt-key --quiet --readonly --keyring /usr/share/keyrings/ubuntu-archive-keyring.gpg verify --status-fd 3 /tmp/apt.sig.01nOec /tmp/apt.data.y1BPwK -> apt-key -> apt-config shell MASTER_KEYRING APT::Key::MasterKeyring -> apt-config shell ARCHIVE_KEYRING APT::Key::ArchiveKeyring -> apt-config shell REMOVED_KEYS APT::Key::RemovedKeys -> apt-config shell ARCHIVE_KEYRING_URI APT::Key::ArchiveKeyringURI -> apt-config shell GPGV Apt::Key::gpgvcommand ASSERT_PUBKEY_ALGO Apt::Key::assert-pubkey-algo -> mktemp --directory --tmpdir apt-key-gpghome.XXXXXXXXXX -> chmod 700 /tmp/apt-key-gpghome.bIF0AKdqbC -> gpgv --assert-pubkey-algo=>=rsa1024,ed25519,ed448,nistp256,nistp384, --homedir /tmp/apt-key-gpghome.bIF0AKdqbC --keyring /usr/share/keyrings/ubuntu-archive-keyring.gpg --ignore-time-conflict --status-fd 3 /tmp/apt.sig.01nOec /tmp/apt.data.y1BPwK -> rm -rf /tmp/apt-key-gpghome.bIF0AKdqbC -> /usr/bin/apt-key --quiet --readonly --keyring /usr/share/keyrings/ubuntu-archive-keyring.gpg verify --status-fd 3 /tmp/apt.sig.J9w0Y4 /tmp/apt.data.MWhJ04 -> chmod 700 /tmp/apt-key-gpghome.Vxxs1ZrD04 -> gpgv --assert-pubkey-algo=>=rsa1024,ed25519,ed448,nistp256,nistp384, --homedir /tmp/apt-key-gpghome.Vxxs1ZrD04 --keyring /usr/share/keyrings/ubuntu-archive-keyring.gpg --ignore-time-conflict --status-fd 3 /tmp/apt.sig.J9w0Y4 /tmp/apt.data.MWhJ04 -> rm -rf /tmp/apt-key-gpghome.Vxxs1ZrD04 -> /usr/bin/apt-key --quiet --readonly --keyring /usr/share/keyrings/ubuntu-archive-keyring.gpg verify --status-fd 3 /tmp/apt.sig.DLryK2 /tmp/apt.data.DxkWiq -> chmod 700 /tmp/apt-key-gpghome.xsgbRvg2XE -> gpgv --assert-pubkey-algo=>=rsa1024,ed25519,ed448,nistp256,nistp384, --homedir /tmp/apt-key-gpghome.xsgbRvg2XE --keyring /usr/share/keyrings/ubuntu-archive-keyring.gpg --ignore-time-conflict --status-fd 3 /tmp/apt.sig.DLryK2 /tmp/apt.data.DxkWiq -> rm -rf /tmp/apt-key-gpghome.xsgbRvg2XE -> /usr/bin/apt-key --quiet --readonly --keyring /usr/share/keyrings/ubuntu-archive-keyring.gpg verify --status-fd 3 /tmp/apt.sig.MrQ4Nz /tmp/apt.data.ZuRfpR -> chmod 700 /tmp/apt-key-gpghome.HIOdlXM56s -> gpgv --assert-pubkey-algo=>=rsa1024,ed25519,ed448,nistp256,nistp384, --homedir /tmp/apt-key-gpghome.HIOdlXM56s --keyring /usr/share/keyrings/ubuntu-archive-keyring.gpg --ignore-time-conflict --status-fd 3 /tmp/apt.sig.MrQ4Nz /tmp/apt.data.ZuRfpR -> rm -rf /tmp/apt-key-gpghome.HIOdlXM56s -> apt",6,0,5,58,0,28,56,0,56,0,0,8,8,0,0,0,0,0,0,0,0,6,8,44,16,0,0,0,0,0,0,0,28,0,28,0,4,0,0,0,2,0,8,0,24,26,115,0,0,0,0,1,0,0,0,0,0,6.828753382983973,0.0,0.0,0.0,0.0,0.0,3.396344937495577,benign
/usr/bin/dpkg --print-foreign-architectures,0,0,0,0,0,0,0,0,0,0,0,0,0,0,0,0,0,0,0,0,0,0,0,0,0,0,0,0,0,0,0,0,0,0,0,0,0,0,0,0,0,0,0,0,0,0,1,0,0,0,0,0,0,0,0,0,0,1.868058222419032,0.0,0.0,0.0,0.0,0.0,2.9514195898955555,benign
/usr/lib/apt/methods/http,0,0,0,0,0,0,0,0,0,0,0,0,0,0,0,0,0,0,0,0,0,0,0,0,0,0,0,0,0,0,0,0,0,0,0,0,0,0,0,0,0,0,0,0,0,0,1,0,0,0,0,0,0,0,0,0,0,1.854262555220856,0.0,0.0,0.0,0.0,0.0,2.773972927341982,benign
/usr/lib/apt/methods/http,0,0,0,26,0,11,0,0,0,0,0,0,0,0,0,0,0,0,0,0,0,0,0,0,0,0,0,0,0,0,0,0,0,0,0,0,0,0,0,0,0,0,0,0,12,26,1,0,0,0,0,0,0,0,0,0,0,4.790711441183116,0.0,0.0,0.0,0.0,0.0,2.773972927341982,benign
/usr/lib/apt/methods/http,0,0,0,26,0,11,0,0,0,0,0,0,0,0,0,0,0,0,0,0,0,0,0,0,0,0,0,0,0,0,0,0,0,0,0,0,0,0,0,0,0,0,0,0,12,26,1,0,0,0,0,0,0,0,0,0,0,4.790711441183116,0.0,0.0,0.0,0.0,0.0,2.773972927341982,benign
/usr/lib/apt/methods/gpgv,0,0,0,0,0,0,0,0,0,0,0,0,0,0,0,0,0,0,0,0,0,0,0,0,0,0,0,0,0,0,0,0,0,0,0,0,0,0,0,0,0,0,0,0,0,0,1,0,0,0,0,0,0,0,0,0,0,1.8634303062418824,0.0,0.0,0.0,0.0,0.0,2.891619986165511,benign
"/usr/lib/apt/methods/gpgv -> gpgv -> /usr/bin/apt-key --quiet --readonly --keyring /usr/share/keyrings/ubuntu-archive-keyring.gpg verify --status-fd 3 /tmp/apt.sig.01nOec /tmp/apt.data.y1BPwK -> apt-key -> apt-config shell MASTER_KEYRING APT::Key::MasterKeyring -> /usr/bin/dpkg --print-foreign-architectures -> apt-config shell ARCHIVE_KEYRING APT::Key::ArchiveKeyring -> apt-config shell REMOVED_KEYS APT::Key::RemovedKeys -> apt-config shell ARCHIVE_KEYRING_URI APT::Key::ArchiveKeyringURI -> apt-config shell GPGV Apt::Key::gpgvcommand ASSERT_PUBKEY_ALGO Apt::Key::assert-pubkey-algo -> mktemp --directory --tmpdir apt-key-gpghome.XXXXXXXXXX -> chmod 700 /tmp/apt-key-gpghome.bIF0AKdqbC -> gpgv --assert-pubkey-algo=>=rsa1024,ed25519,ed448,nistp256,nistp384, --homedir /tmp/apt-key-gpghome.bIF0AKdqbC --keyring /usr/share/keyrings/ubuntu-archive-keyring.gpg --ignore-time-conflict --status-fd 3 /tmp/apt.sig.01nOec /tmp/apt.data.y1BPwK -> rm -rf /tmp/apt-key-gpghome.bIF0AKdqbC -> /usr/bin/apt-key --quiet --readonly --keyring /usr/share/keyrings/ubuntu-archive-keyring.gpg verify --status-fd 3 /tmp/apt.sig.J9w0Y4 /tmp/apt.data.MWhJ04 -> chmod 700 /tmp/apt-key-gpghome.Vxxs1ZrD04 -> gpgv --assert-pubkey-algo=>=rsa1024,ed25519,ed448,nistp256,nistp384, --homedir /tmp/apt-key-gpghome.Vxxs1ZrD04 --keyring /usr/share/keyrings/ubuntu-archive-keyring.gpg --ignore-time-conflict --status-fd 3 /tmp/apt.sig.J9w0Y4 /tmp/apt.data.MWhJ04 -> rm -rf /tmp/apt-key-gpghome.Vxxs1ZrD04 -> /usr/bin/apt-key --quiet --readonly --keyring /usr/share/keyrings/ubuntu-archive-keyring.gpg verify --status-fd 3 /tmp/apt.sig.DLryK2 /tmp/apt.data.DxkWiq -> chmod 700 /tmp/apt-key-gpghome.xsgbRvg2XE -> gpgv --assert-pubkey-algo=>=rsa1024,ed25519,ed448,nistp256,nistp384, --homedir /tmp/apt-key-gpghome.xsgbRvg2XE --keyring /usr/share/keyrings/ubuntu-archive-keyring.gpg --ignore-time-conflict --status-fd 3 /tmp/apt.sig.DLryK2 /tmp/apt.data.DxkWiq -> rm -rf /tmp/apt-key-gpghome.xsgbRvg2XE -> /usr/bin/apt-key --quiet --readonly --keyring /usr/share/keyrings/ubuntu-archive-keyring.gpg verify --status-fd 3 /tmp/apt.sig.MrQ4Nz /tmp/apt.data.ZuRfpR -> chmod 700 /tmp/apt-key-gpghome.HIOdlXM56s -> gpgv --assert-pubkey-algo=>=rsa1024,ed25519,ed448,nistp256,nistp384, --homedir /tmp/apt-key-gpghome.HIOdlXM56s --keyring /usr/share/keyrings/ubuntu-archive-keyring.gpg --ignore-time-conflict --status-fd 3 /tmp/apt.sig.MrQ4Nz /tmp/apt.data.ZuRfpR -> rm -rf /tmp/apt-key-gpghome.HIOdlXM56s",5,0,5,2,0,2,16,0,32,0,0,8,8,0,0,0,0,0,0,0,0,5,8,16,16,0,0,0,0,0,0,0,8,0,8,0,0,0,0,0,0,0,0,0,0,2,66,0,0,0,0,1,0,0,0,0,0,6.046965884862166,0.0,0.0,0.0,0.0,0.0,3.396344937495577,benign
"/usr/bin/apt-key --quiet --readonly --keyring /usr/share/keyrings/ubuntu-archive-keyring.gpg verify --status-fd 3 /tmp/apt.sig.01nOec /tmp/apt.data.y1BPwK -> apt-key -> apt-config shell MASTER_KEYRING APT::Key::MasterKeyring -> /usr/bin/dpkg --print-foreign-architectures -> apt-config shell ARCHIVE_KEYRING APT::Key::ArchiveKeyring -> apt-config shell REMOVED_KEYS APT::Key::RemovedKeys -> apt-config shell ARCHIVE_KEYRING_URI APT::Key::ArchiveKeyringURI -> apt-config shell GPGV Apt::Key::gpgvcommand ASSERT_PUBKEY_ALGO Apt::Key::assert-pubkey-algo -> mktemp --directory --tmpdir apt-key-gpghome.XXXXXXXXXX -> chmod 700 /tmp/apt-key-gpghome.bIF0AKdqbC -> gpgv --assert-pubkey-algo=>=rsa1024,ed25519,ed448,nistp256,nistp384, --homedir /tmp/apt-key-gpghome.bIF0AKdqbC --keyring /usr/share/keyrings/ubuntu-archive-keyring.gpg --ignore-time-conflict --status-fd 3 /tmp/apt.sig.01nOec /tmp/apt.data.y1BPwK -> rm -rf /tmp/apt-key-gpghome.bIF0AKdqbC",0,0,0,0,0,0,2,0,2,0,0,2,2,0,0,0,0,0,0,0,0,0,0,2,2,0,0,0,0,0,0,0,0,0,0,0,0,0,0,0,0,0,0,0,0,0,15,0,0,0,0,1,0,0,0,0,0,4.355659205116057,0.0,0.0,0.0,0.0,0.0,3.396344937495577,benign
apt-key,0,0,0,0,0,0,0,0,0,0,0,0,0,0,0,0,0,0,0,0,0,0,0,0,0,0,0,0,0,0,0,0,0,0,0,0,0,0,0,0,0,0,0,0,0,0,0,0,0,0,0,0,0,0,0,0,0,0.0,,,,,,,benign
apt-config shell MASTER_KEYRING APT::Key::MasterKeyring -> /usr/bin/dpkg --print-foreign-architectures,0,0,0,0,0,0,0,0,0,0,0,0,0,0,0,0,0,0,0,0,0,0,0,0,0,0,0,0,0,0,0,0,0,0,0,0,0,0,0,0,0,0,0,0,0,0,2,0,0,0,0,0,0,0,0,0,0,2.3621914259952668,0.0,0.0,0.0,0.0,0.0,3.228372376129276,benign
/usr/bin/dpkg --print-foreign-architectures,0,0,0,0,0,0,0,0,0,0,0,0,0,0,0,0,0,0,0,0,0,0,0,0,0,0,0,0,0,0,0,0,0,0,0,0,0,0,0,0,0,0,0,0,0,0,1,0,0,0,0,0,0,0,0,0,0,1.868058222419032,0.0,0.0,0.0,0.0,0.0,2.9514195898955555,benign
apt-config shell ARCHIVE_KEYRING APT::Key::ArchiveKeyring -> /usr/bin/dpkg --print-foreign-architectures,0,0,0,0,0,0,0,0,0,0,0,0,0,0,0,0,0,0,0,0,0,0,0,0,0,0,0,0,0,0,0,0,0,0,0,0,0,0,0,0,0,0,0,0,0,0,2,0,0,0,0,0,0,0,0,0,0,2.363799501265868,0.0,0.0,0.0,0.0,0.0,3.2625366587893625,benign
/usr/bin/dpkg --print-foreign-architectures,0,0,0,0,0,0,0,0,0,0,0,0,0,0,0,0,0,0,0,0,0,0,0,0,0,0,0,0,0,0,0,0,0,0,0,0,0,0,0,0,0,0,0,0,0,0,1,0,0,0,0,0,0,0,0,0,0,1.868058222419032,0.0,0.0,0.0,0.0,0.0,2.9514195898955555,benign
apt-config shell REMOVED_KEYS APT::Key::RemovedKeys -> /usr/bin/dpkg --print-foreign-architectures,0,0,0,0,0,0,0,0,0,0,0,0,0,0,0,0,0,0,0,0,0,0,0,0,0,0,0,0,0,0,0,0,0,0,0,0,0,0,0,0,0,0,0,0,0,0,2,0,0,0,0,0,0,0,0,0,0,2.3617765258995345,0.0,0.0,0.0,0.0,0.0,3.219566549293704,benign
/usr/bin/dpkg --print-foreign-architectures,0,0,0,0,0,0,0,0,0,0,0,0,0,0,0,0,0,0,0,0,0,0,0,0,0,0,0,0,0,0,0,0,0,0,0,0,0,0,0,0,0,0,0,0,0,0,1,0,0,0,0,0,0,0,0,0,0,1.868058222419032,0.0,0.0,0.0,0.0,0.0,2.9514195898955555,benign
apt-config shell ARCHIVE_KEYRING_URI APT::Key::ArchiveKeyringURI -> /usr/bin/dpkg --print-foreign-architectures,0,0,0,0,0,0,0,0,0,0,0,0,0,0,0,0,0,0,0,0,0,0,0,0,0,0,0,0,0,0,0,0,0,0,0,0,0,0,0,0,0,0,0,0,0,0,2,0,0,0,0,0,0,0,0,0,0,2.36502700653444,0.0,0.0,0.0,0.0,0.0,3.288652559985165,benign
/usr/bin/dpkg --print-foreign-architectures,0,0,0,0,0,0,0,0,0,0,0,0,0,0,0,0,0,0,0,0,0,0,0,0,0,0,0,0,0,0,0,0,0,0,0,0,0,0,0,0,0,0,0,0,0,0,1,0,0,0,0,0,0,0,0,0,0,1.868058222419032,0.0,0.0,0.0,0.0,0.0,2.9514195898955555,benign
apt-key,0,0,0,0,0,0,0,0,0,0,0,0,0,0,0,0,0,0,0,0,0,0,0,0,0,0,0,0,0,0,0,0,0,0,0,0,0,0,0,0,0,0,0,0,0,0,0,0,0,0,0,0,0,0,0,0,0,0.0,,,,,,,benign
apt-config shell GPGV Apt::Key::gpgvcommand ASSERT_PUBKEY_ALGO Apt::Key::assert-pubkey-algo -> /usr/bin/dpkg --print-foreign-architectures,0,0,0,0,0,0,0,0,0,0,0,0,0,0,0,0,0,0,0,0,0,0,0,0,0,0,0,0,0,0,0,0,0,0,0,0,0,0,0,0,0,0,0,0,0,0,2,0,0,0,0,0,0,0,0,0,0,2.3667849377426244,0.0,0.0,0.0,0.0,0.0,3.326109460381478,benign
/usr/bin/dpkg --print-foreign-architectures,0,0,0,0,0,0,0,0,0,0,0,0,0,0,0,0,0,0,0,0,0,0,0,0,0,0,0,0,0,0,0,0,0,0,0,0,0,0,0,0,0,0,0,0,0,0,1,0,0,0,0,0,0,0,0,0,0,1.868058222419032,0.0,0.0,0.0,0.0,0.0,2.9514195898955555,benign
gpgv --assert-pubkey-algo,0,0,0,0,0,0,0,0,0,0,0,0,0,0,0,0,0,0,0,0,0,0,0,0,0,0,0,0,0,0,0,0,0,0,0,0,0,0,0,0,0,0,0,0,0,0,1,0,0,0,0,0,0,0,0,0,0,1.852240816467405,0.0,0.0,0.0,0.0,0.0,2.7481733799993955,benign
apt-key,0,0,0,0,0,0,0,0,0,0,0,0,0,0,0,0,0,0,0,0,0,0,0,0,0,0,0,0,0,0,0,0,0,0,0,0,0,0,0,0,0,0,0,0,0,0,0,0,0,0,0,0,0,0,0,0,0,0.0,,,,,,,benign
mktemp --directory --tmpdir apt-key-gpghome.XXXXXXXXXX,0,0,0,0,0,0,0,0,0,0,0,2,0,0,0,0,0,0,0,0,0,0,0,0,0,0,0,0,0,0,0,0,0,0,0,0,0,0,0,0,0,0,0,0,0,0,1,0,0,0,0,1,0,0,0,0,0,2.001260071631328,0.0,0.0,0.0,0.0,0.0,2.7567454149350623,benign
chmod 700 /tmp/apt-key-gpghome.bIF0AKdqbC,0,0,0,0,0,0,2,0,0,0,0,0,0,0,0,0,0,0,0,0,0,0,0,2,2,0,0,0,0,0,0,0,0,0,0,0,0,0,0,0,0,0,0,0,0,0,1,0,0,0,0,0,0,0,0,0,0,3.022669974705736,0.0,0.0,0.0,0.0,0.0,3.0921520370513647,benign
apt-key,0,0,0,0,0,0,0,0,0,0,0,0,0,0,0,0,0,0,0,0,0,0,0,0,0,0,0,0,0,0,0,0,0,0,0,0,0,0,0,0,0,0,0,0,0,0,0,0,0,0,0,0,0,0,0,0,0,0.0,,,,,,,benign
apt-key,0,0,0,0,0,0,0,0,0,0,0,0,0,0,0,0,0,0,0,0,0,0,0,0,0,0,0,0,0,0,0,0,0,0,0,0,0,0,0,0,0,0,0,0,0,0,0,0,0,0,0,0,0,0,0,0,0,0.0,,,,,,,benign
"sed -e s#'#''""'#g """,0,0,0,0,0,0,0,0,0,0,0,0,0,0,0,0,0,0,0,0,0,0,0,0,0,0,0,0,0,0,0,0,0,0,0,0,0,0,0,0,0,0,0,0,0,0,1,0,0,0,0,0,0,0,0,0,0,1.8090776073913948,0.0,0.0,0.0,0.0,0.0,2.209627598587938,benign
apt-key,0,0,0,0,0,0,0,0,0,0,0,0,0,0,0,0,0,0,0,0,0,0,0,0,0,0,0,0,0,0,0,0,0,0,0,0,0,0,0,0,0,0,0,0,0,0,0,0,0,0,0,0,0,0,0,0,0,0.0,,,,,,,benign
apt-key,0,0,0,0,0,0,0,0,0,0,0,0,0,0,0,0,0,0,0,0,0,0,0,0,0,0,0,0,0,0,0,0,0,0,0,0,0,0,0,0,0,0,0,0,0,0,0,0,0,0,0,0,0,0,0,0,0,0.0,,,,,,,benign
"sed -e s#'#''""'#g """,0,0,0,0,0,0,0,0,0,0,0,0,0,0,0,0,0,0,0,0,0,0,0,0,0,0,0,0,0,0,0,0,0,0,0,0,0,0,0,0,0,0,0,0,0,0,1,0,0,0,0,0,0,0,0,0,0,1.8090776073913948,0.0,0.0,0.0,0.0,0.0,2.209627598587938,benign
apt-key,0,0,0,0,0,0,0,0,0,0,0,0,0,0,0,0,0,0,0,0,0,0,0,0,0,0,0,0,0,0,0,0,0,0,0,0,0,0,0,0,0,0,0,0,0,0,0,0,0,0,0,0,0,0,0,0,0,0.0,,,,,,,benign
apt-key,0,0,0,0,0,0,0,0,0,0,0,0,0,0,0,0,0,0,0,0,0,0,0,0,0,0,0,0,0,0,0,0,0,0,0,0,0,0,0,0,0,0,0,0,0,0,0,0,0,0,0,0,0,0,0,0,0,0.0,,,,,,,benign
"gpgv --assert-pubkey-algo=>=rsa1024,ed25519,ed448,nistp256,nistp384, --homedir /tmp/apt-key-gpghome.bIF0AKdqbC --keyring /usr/share/keyrings/ubuntu-archive-keyring.gpg --ignore-time-conflict --status-fd 3 /tmp/apt.sig.01nOec /tmp/apt.data.y1BPwK",0,0,0,0,0,0,0,0,0,0,0,0,0,0,0,0,0,0,0,0,0,0,0,0,0,0,0,0,0,0,0,0,0,0,0,0,0,0,0,0,0,0,0,0,0,0,1,0,0,0,0,0,0,0,0,0,0,1.9018347233310084,0.0,0.0,0.0,0.0,0.0,3.396344937495577,benign
rm -rf /tmp/apt-key-gpghome.bIF0AKdqbC,0,0,0,0,0,0,0,0,0,0,0,0,2,0,0,0,0,0,0,0,0,0,0,0,0,0,0,0,0,0,0,0,0,0,0,0,0,0,0,0,0,0,0,0,0,0,1,0,0,0,0,0,0,0,0,0,0,1.892582043863125,0.0,0.0,0.0,0.0,0.0,3.0729645316581244,benign
"/usr/bin/apt-key --quiet --readonly --keyring /usr/share/keyrings/ubuntu-archive-keyring.gpg verify --status-fd 3 /tmp/apt.sig.J9w0Y4 /tmp/apt.data.MWhJ04 -> apt-key -> apt-config shell MASTER_KEYRING APT::Key::MasterKeyring -> /usr/bin/dpkg --print-foreign-architectures -> apt-config shell ARCHIVE_KEYRING APT::Key::ArchiveKeyring -> apt-config shell REMOVED_KEYS APT::Key::RemovedKeys -> apt-config shell ARCHIVE_KEYRING_URI APT::Key::ArchiveKeyringURI -> apt-config shell GPGV Apt::Key::gpgvcommand ASSERT_PUBKEY_ALGO Apt::Key::assert-pubkey-algo -> mktemp --directory --tmpdir apt-key-gpghome.XXXXXXXXXX -> chmod 700 /tmp/apt-key-gpghome.Vxxs1ZrD04 -> gpgv --assert-pubkey-algo=>=rsa1024,ed25519,ed448,nistp256,nistp384, --homedir /tmp/apt-key-gpghome.Vxxs1ZrD04 --keyring /usr/share/keyrings/ubuntu-archive-keyring.gpg --ignore-time-conflict --status-fd 3 /tmp/apt.sig.J9w0Y4 /tmp/apt.data.MWhJ04 -> rm -rf /tmp/apt-key-gpghome.Vxxs1ZrD04",0,0,0,0,0,0,2,0,2,0,0,2,2,0,0,0,0,0,0,0,0,0,0,2,2,0,0,0,0,0,0,0,0,0,0,0,0,0,0,0,0,0,0,0,0,0,15,0,0,0,0,1,0,0,0,0,0,4.355630631500587,0.0,0.0,0.0,0.0,0.0,3.391892193314922,benign
apt-key,0,0,0,0,0,0,0,0,0,0,0,0,0,0,0,0,0,0,0,0,0,0,0,0,0,0,0,0,0,0,0,0,0,0,0,0,0,0,0,0,0,0,0,0,0,0,0,0,0,0,0,0,0,0,0,0,0,0.0,,,,,,,benign
apt-config shell MASTER_KEYRING APT::Key::MasterKeyring -> /usr/bin/dpkg --print-foreign-architectures,0,0,0,0,0,0,0,0,0,0,0,0,0,0,0,0,0,0,0,0,0,0,0,0,0,0,0,0,0,0,0,0,0,0,0,0,0,0,0,0,0,0,0,0,0,0,2,0,0,0,0,0,0,0,0,0,0,2.3621914259952668,0.0,0.0,0.0,0.0,0.0,3.228372376129276,benign
/usr/bin/dpkg --print-foreign-architectures,0,0,0,0,0,0,0,0,0,0,0,0,0,0,0,0,0,0,0,0,0,0,0,0,0,0,0,0,0,0,0,0,0,0,0,0,0,0,0,0,0,0,0,0,0,0,1,0,0,0,0,0,0,0,0,0,0,1.868058222419032,0.0,0.0,0.0,0.0,0.0,2.9514195898955555,benign
apt-config shell ARCHIVE_KEYRING APT::Key::ArchiveKeyring -> /usr/bin/dpkg --print-foreign-architectures,0,0,0,0,0,0,0,0,0,0,0,0,0,0,0,0,0,0,0,0,0,0,0,0,0,0,0,0,0,0,0,0,0,0,0,0,0,0,0,0,0,0,0,0,0,0,2,0,0,0,0,0,0,0,0,0,0,2.363799501265868,0.0,0.0,0.0,0.0,0.0,3.2625366587893625,benign
/usr/bin/dpkg --print-foreign-architectures,0,0,0,0,0,0,0,0,0,0,0,0,0,0,0,0,0,0,0,0,0,0,0,0,0,0,0,0,0,0,0,0,0,0,0,0,0,0,0,0,0,0,0,0,0,0,1,0,0,0,0,0,0,0,0,0,0,1.868058222419032,0.0,0.0,0.0,0.0,0.0,2.9514195898955555,benign
apt-config shell REMOVED_KEYS APT::Key::RemovedKeys -> /usr/bin/dpkg --print-foreign-architectures,0,0,0,0,0,0,0,0,0,0,0,0,0,0,0,0,0,0,0,0,0,0,0,0,0,0,0,0,0,0,0,0,0,0,0,0,0,0,0,0,0,0,0,0,0,0,2,0,0,0,0,0,0,0,0,0,0,2.3617765258995345,0.0,0.0,0.0,0.0,0.0,3.219566549293704,benign
/usr/bin/dpkg --print-foreign-architectures,0,0,0,0,0,0,0,0,0,0,0,0,0,0,0,0,0,0,0,0,0,0,0,0,0,0,0,0,0,0,0,0,0,0,0,0,0,0,0,0,0,0,0,0,0,0,1,0,0,0,0,0,0,0,0,0,0,1.868058222419032,0.0,0.0,0.0,0.0,0.0,2.9514195898955555,benign
apt-config shell ARCHIVE_KEYRING_URI APT::Key::ArchiveKeyringURI -> /usr/bin/dpkg --print-foreign-architectures,0,0,0,0,0,0,0,0,0,0,0,0,0,0,0,0,0,0,0,0,0,0,0,0,0,0,0,0,0,0,0,0,0,0,0,0,0,0,0,0,0,0,0,0,0,0,2,0,0,0,0,0,0,0,0,0,0,2.36502700653444,0.0,0.0,0.0,0.0,0.0,3.288652559985165,benign
/usr/bin/dpkg --print-foreign-architectures,0,0,0,0,0,0,0,0,0,0,0,0,0,0,0,0,0,0,0,0,0,0,0,0,0,0,0,0,0,0,0,0,0,0,0,0,0,0,0,0,0,0,0,0,0,0,1,0,0,0,0,0,0,0,0,0,0,1.868058222419032,0.0,0.0,0.0,0.0,0.0,2.9514195898955555,benign
apt-key,0,0,0,0,0,0,0,0,0,0,0,0,0,0,0,0,0,0,0,0,0,0,0,0,0,0,0,0,0,0,0,0,0,0,0,0,0,0,0,0,0,0,0,0,0,0,0,0,0,0,0,0,0,0,0,0,0,0.0,,,,,,,benign
apt-config shell GPGV Apt::Key::gpgvcommand ASSERT_PUBKEY_ALGO Apt::Key::assert-pubkey-algo -> /usr/bin/dpkg --print-foreign-architectures,0,0,0,0,0,0,0,0,0,0,0,0,0,0,0,0,0,0,0,0,0,0,0,0,0,0,0,0,0,0,0,0,0,0,0,0,0,0,0,0,0,0,0,0,0,0,2,0,0,0,0,0,0,0,0,0,0,2.3667849377426244,0.0,0.0,0.0,0.0,0.0,3.326109460381478,benign
/usr/bin/dpkg --print-foreign-architectures,0,0,0,0,0,0,0,0,0,0,0,0,0,0,0,0,0,0,0,0,0,0,0,0,0,0,0,0,0,0,0,0,0,0,0,0,0,0,0,0,0,0,0,0,0,0,1,0,0,0,0,0,0,0,0,0,0,1.868058222419032,0.0,0.0,0.0,0.0,0.0,2.9514195898955555,benign
gpgv --assert-pubkey-algo,0,0,0,0,0,0,0,0,0,0,0,0,0,0,0,0,0,0,0,0,0,0,0,0,0,0,0,0,0,0,0,0,0,0,0,0,0,0,0,0,0,0,0,0,0,0,1,0,0,0,0,0,0,0,0,0,0,1.852240816467405,0.0,0.0,0.0,0.0,0.0,2.7481733799993955,benign
apt-key,0,0,0,0,0,0,0,0,0,0,0,0,0,0,0,0,0,0,0,0,0,0,0,0,0,0,0,0,0,0,0,0,0,0,0,0,0,0,0,0,0,0,0,0,0,0,0,0,0,0,0,0,0,0,0,0,0,0.0,,,,,,,benign
mktemp --directory --tmpdir apt-key-gpghome.XXXXXXXXXX,0,0,0,0,0,0,0,0,0,0,0,2,0,0,0,0,0,0,0,0,0,0,0,0,0,0,0,0,0,0,0,0,0,0,0,0,0,0,0,0,0,0,0,0,0,0,1,0,0,0,0,1,0,0,0,0,0,2.001260071631328,0.0,0.0,0.0,0.0,0.0,2.7567454149350623,benign
chmod 700 /tmp/apt-key-gpghome.Vxxs1ZrD04,0,0,0,0,0,0,2,0,0,0,0,0,0,0,0,0,0,0,0,0,0,0,0,2,2,0,0,0,0,0,0,0,0,0,0,0,0,0,0,0,0,0,0,0,0,0,1,0,0,0,0,0,0,0,0,0,0,3.0232562015657045,0.0,0.0,0.0,0.0,0.0,3.116248422593533,benign
apt-key,0,0,0,0,0,0,0,0,0,0,0,0,0,0,0,0,0,0,0,0,0,0,0,0,0,0,0,0,0,0,0,0,0,0,0,0,0,0,0,0,0,0,0,0,0,0,0,0,0,0,0,0,0,0,0,0,0,0.0,,,,,,,benign
apt-key,0,0,0,0,0,0,0,0,0,0,0,0,0,0,0,0,0,0,0,0,0,0,0,0,0,0,0,0,0,0,0,0,0,0,0,0,0,0,0,0,0,0,0,0,0,0,0,0,0,0,0,0,0,0,0,0,0,0.0,,,,,,,benign
"sed -e s#'#''""'#g """,0,0,0,0,0,0,0,0,0,0,0,0,0,0,0,0,0,0,0,0,0,0,0,0,0,0,0,0,0,0,0,0,0,0,0,0,0,0,0,0,0,0,0,0,0,0,1,0,0,0,0,0,0,0,0,0,0,1.8090776073913948,0.0,0.0,0.0,0.0,0.0,2.209627598587938,benign
apt-key,0,0,0,0,0,0,0,0,0,0,0,0,0,0,0,0,0,0,0,0,0,0,0,0,0,0,0,0,0,0,0,0,0,0,0,0,0,0,0,0,0,0,0,0,0,0,0,0,0,0,0,0,0,0,0,0,0,0.0,,,,,,,benign
apt-key,0,0,0,0,0,0,0,0,0,0,0,0,0,0,0,0,0,0,0,0,0,0,0,0,0,0,0,0,0,0,0,0,0,0,0,0,0,0,0,0,0,0,0,0,0,0,0,0,0,0,0,0,0,0,0,0,0,0.0,,,,,,,benign
"sed -e s#'#''""'#g """,0,0,0,0,0,0,0,0,0,0,0,0,0,0,0,0,0,0,0,0,0,0,0,0,0,0,0,0,0,0,0,0,0,0,0,0,0,0,0,0,0,0,0,0,0,0,1,0,0,0,0,0,0,0,0,0,0,1.8090776073913948,0.0,0.0,0.0,0.0,0.0,2.209627598587938,benign
apt-key,0,0,0,0,0,0,0,0,0,0,0,0,0,0,0,0,0,0,0,0,0,0,0,0,0,0,0,0,0,0,0,0,0,0,0,0,0,0,0,0,0,0,0,0,0,0,0,0,0,0,0,0,0,0,0,0,0,0.0,,,,,,,benign
apt-key,0,0,0,0,0,0,0,0,0,0,0,0,0,0,0,0,0,0,0,0,0,0,0,0,0,0,0,0,0,0,0,0,0,0,0,0,0,0,0,0,0,0,0,0,0,0,0,0,0,0,0,0,0,0,0,0,0,0.0,,,,,,,benign
"gpgv --assert-pubkey-algo=>=rsa1024,ed25519,ed448,nistp256,nistp384, --homedir /tmp/apt-key-gpghome.Vxxs1ZrD04 --keyring /usr/share/keyrings/ubuntu-archive-keyring.gpg --ignore-time-conflict --status-fd 3 /tmp/apt.sig.J9w0Y4 /tmp/apt.data.MWhJ04",0,0,0,0,0,0,0,0,0,0,0,0,0,0,0,0,0,0,0,0,0,0,0,0,0,0,0,0,0,0,0,0,0,0,0,0,0,0,0,0,0,0,0,0,0,0,1,0,0,0,0,0,0,0,0,0,0,1.901502283073748,0.0,0.0,0.0,0.0,0.0,3.391892193314922,benign
rm -rf /tmp/apt-key-gpghome.Vxxs1ZrD04,0,0,0,0,0,0,0,0,0,0,0,0,2,0,0,0,0,0,0,0,0,0,0,0,0,0,0,0,0,0,0,0,0,0,0,0,0,0,0,0,0,0,0,0,0,0,1,0,0,0,0,0,0,0,0,0,0,1.8898828679074384,0.0,0.0,0.0,0.0,0.0,3.037186771889768,benign
"/usr/bin/apt-key --quiet --readonly --keyring /usr/share/keyrings/ubuntu-archive-keyring.gpg verify --status-fd 3 /tmp/apt.sig.DLryK2 /tmp/apt.data.DxkWiq -> apt-key -> apt-config shell MASTER_KEYRING APT::Key::MasterKeyring -> /usr/bin/dpkg --print-foreign-architectures -> apt-config shell ARCHIVE_KEYRING APT::Key::ArchiveKeyring -> apt-config shell REMOVED_KEYS APT::Key::RemovedKeys -> apt-config shell ARCHIVE_KEYRING_URI APT::Key::ArchiveKeyringURI -> apt-config shell GPGV Apt::Key::gpgvcommand ASSERT_PUBKEY_ALGO Apt::Key::assert-pubkey-algo -> mktemp --directory --tmpdir apt-key-gpghome.XXXXXXXXXX -> chmod 700 /tmp/apt-key-gpghome.xsgbRvg2XE -> gpgv --assert-pubkey-algo=>=rsa1024,ed25519,ed448,nistp256,nistp384, --homedir /tmp/apt-key-gpghome.xsgbRvg2XE --keyring /usr/share/keyrings/ubuntu-archive-keyring.gpg --ignore-time-conflict --status-fd 3 /tmp/apt.sig.DLryK2 /tmp/apt.data.DxkWiq -> rm -rf /tmp/apt-key-gpghome.xsgbRvg2XE",5,0,5,0,0,0,2,0,2,0,0,2,2,0,0,0,0,0,0,0,0,5,0,2,2,0,0,0,0,0,0,0,0,0,0,0,0,0,0,0,0,0,0,0,0,0,20,0,0,0,0,1,0,0,0,0,0,4.948464899964658,0.0,0.0,0.0,0.0,0.0,3.3768249719113115,benign
apt-key,0,0,0,0,0,0,0,0,0,0,0,0,0,0,0,0,0,0,0,0,0,0,0,0,0,0,0,0,0,0,0,0,0,0,0,0,0,0,0,0,0,0,0,0,0,0,0,0,0,0,0,0,0,0,0,0,0,0.0,,,,,,,benign
apt-config shell MASTER_KEYRING APT::Key::MasterKeyring -> /usr/bin/dpkg --print-foreign-architectures,1,0,1,0,0,0,0,0,0,0,0,0,0,0,0,0,0,0,0,0,0,1,0,0,0,0,0,0,0,0,0,0,0,0,0,0,0,0,0,0,0,0,0,0,0,0,3,0,0,0,0,0,0,0,0,0,0,3.281820057855956,0.0,0.0,0.0,0.0,0.0,3.228372376129276,benign
/usr/bin/dpkg --print-foreign-architectures,0,0,0,0,0,0,0,0,0,0,0,0,0,0,0,0,0,0,0,0,0,0,0,0,0,0,0,0,0,0,0,0,0,0,0,0,0,0,0,0,0,0,0,0,0,0,1,0,0,0,0,0,0,0,0,0,0,1.868058222419032,0.0,0.0,0.0,0.0,0.0,2.9514195898955555,benign
apt-config shell ARCHIVE_KEYRING APT::Key::ArchiveKeyring -> /usr/bin/dpkg --print-foreign-architectures,1,0,1,0,0,0,0,0,0,0,0,0,0,0,0,0,0,0,0,0,0,1,0,0,0,0,0,0,0,0,0,0,0,0,0,0,0,0,0,0,0,0,0,0,0,0,3,0,0,0,0,0,0,0,0,0,0,3.282461454501133,0.0,0.0,0.0,0.0,0.0,3.2625366587893625,benign
/usr/bin/dpkg --print-foreign-architectures,0,0,0,0,0,0,0,0,0,0,0,0,0,0,0,0,0,0,0,0,0,0,0,0,0,0,0,0,0,0,0,0,0,0,0,0,0,0,0,0,0,0,0,0,0,0,1,0,0,0,0,0,0,0,0,0,0,1.868058222419032,0.0,0.0,0.0,0.0,0.0,2.9514195898955555,benign
apt-config shell REMOVED_KEYS APT::Key::RemovedKeys -> /usr/bin/dpkg --print-foreign-architectures,1,0,1,0,0,0,0,0,0,0,0,0,0,0,0,0,0,0,0,0,0,1,0,0,0,0,0,0,0,0,0,0,0,0,0,0,0,0,0,0,0,0,0,0,0,0,3,0,0,0,0,0,0,0,0,0,0,3.2816546714855463,0.0,0.0,0.0,0.0,0.0,3.219566549293704,benign
/usr/bin/dpkg --print-foreign-architectures,0,0,0,0,0,0,0,0,0,0,0,0,0,0,0,0,0,0,0,0,0,0,0,0,0,0,0,0,0,0,0,0,0,0,0,0,0,0,0,0,0,0,0,0,0,0,1,0,0,0,0,0,0,0,0,0,0,1.868058222419032,0.0,0.0,0.0,0.0,0.0,2.9514195898955555,benign
apt-config shell ARCHIVE_KEYRING_URI APT::Key::ArchiveKeyringURI -> /usr/bin/dpkg --print-foreign-architectures,1,0,1,0,0,0,0,0,0,0,0,0,0,0,0,0,0,0,0,0,0,1,0,0,0,0,0,0,0,0,0,0,0,0,0,0,0,0,0,0,0,0,0,0,0,0,3,0,0,0,0,0,0,0,0,0,0,3.282951474396957,0.0,0.0,0.0,0.0,0.0,3.288652559985165,benign
/usr/bin/dpkg --print-foreign-architectures,0,0,0,0,0,0,0,0,0,0,0,0,0,0,0,0,0,0,0,0,0,0,0,0,0,0,0,0,0,0,0,0,0,0,0,0,0,0,0,0,0,0,0,0,0,0,1,0,0,0,0,0,0,0,0,0,0,1.868058222419032,0.0,0.0,0.0,0.0,0.0,2.9514195898955555,benign
apt-key,0,0,0,0,0,0,0,0,0,0,0,0,0,0,0,0,0,0,0,0,0,0,0,0,0,0,0,0,0,0,0,0,0,0,0,0,0,0,0,0,0,0,0,0,0,0,0,0,0,0,0,0,0,0,0,0,0,0.0,,,,,,,benign
apt-config shell GPGV Apt::Key::gpgvcommand ASSERT_PUBKEY_ALGO Apt::Key::assert-pubkey-algo -> /usr/bin/dpkg --print-foreign-architectures,1,0,1,0,0,0,0,0,0,0,0,0,0,0,0,0,0,0,0,0,0,1,0,0,0,0,0,0,0,0,0,0,0,0,0,0,0,0,0,0,0,0,0,0,0,0,3,0,0,0,0,0,0,0,0,0,0,3.283653869699834,0.0,0.0,0.0,0.0,0.0,3.326109460381478,benign
/usr/bin/dpkg --print-foreign-architectures,0,0,0,0,0,0,0,0,0,0,0,0,0,0,0,0,0,0,0,0,0,0,0,0,0,0,0,0,0,0,0,0,0,0,0,0,0,0,0,0,0,0,0,0,0,0,1,0,0,0,0,0,0,0,0,0,0,1.868058222419032,0.0,0.0,0.0,0.0,0.0,2.9514195898955555,benign
gpgv --assert-pubkey-algo,0,0,0,0,0,0,0,0,0,0,0,0,0,0,0,0,0,0,0,0,0,0,0,0,0,0,0,0,0,0,0,0,0,0,0,0,0,0,0,0,0,0,0,0,0,0,1,0,0,0,0,0,0,0,0,0,0,1.852240816467405,0.0,0.0,0.0,0.0,0.0,2.7481733799993955,benign
apt-key,0,0,0,0,0,0,0,0,0,0,0,0,0,0,0,0,0,0,0,0,0,0,0,0,0,0,0,0,0,0,0,0,0,0,0,0,0,0,0,0,0,0,0,0,0,0,0,0,0,0,0,0,0,0,0,0,0,0.0,,,,,,,benign
mktemp --directory --tmpdir apt-key-gpghome.XXXXXXXXXX,0,0,0,0,0,0,0,0,0,0,0,2,0,0,0,0,0,0,0,0,0,0,0,0,0,0,0,0,0,0,0,0,0,0,0,0,0,0,0,0,0,0,0,0,0,0,1,0,0,0,0,1,0,0,0,0,0,2.001260071631328,0.0,0.0,0.0,0.0,0.0,2.7567454149350623,benign
chmod 700 /tmp/apt-key-gpghome.xsgbRvg2XE,0,0,0,0,0,0,2,0,0,0,0,0,0,0,0,0,0,0,0,0,0,0,0,2,2,0,0,0,0,0,0,0,0,0,0,0,0,0,0,0,0,0,0,0,0,0,1,0,0,0,0,0,0,0,0,0,0,3.022891282749516,0.0,0.0,0.0,0.0,0.0,3.1012470671979124,benign
apt-key,0,0,0,0,0,0,0,0,0,0,0,0,0,0,0,0,0,0,0,0,0,0,0,0,0,0,0,0,0,0,0,0,0,0,0,0,0,0,0,0,0,0,0,0,0,0,0,0,0,0,0,0,0,0,0,0,0,0.0,,,,,,,benign
apt-key,0,0,0,0,0,0,0,0,0,0,0,0,0,0,0,0,0,0,0,0,0,0,0,0,0,0,0,0,0,0,0,0,0,0,0,0,0,0,0,0,0,0,0,0,0,0,0,0,0,0,0,0,0,0,0,0,0,0.0,,,,,,,benign
"sed -e s#'#''""'#g """,0,0,0,0,0,0,0,0,0,0,0,0,0,0,0,0,0,0,0,0,0,0,0,0,0,0,0,0,0,0,0,0,0,0,0,0,0,0,0,0,0,0,0,0,0,0,1,0,0,0,0,0,0,0,0,0,0,1.8090776073913948,0.0,0.0,0.0,0.0,0.0,2.209627598587938,benign
apt-key,0,0,0,0,0,0,0,0,0,0,0,0,0,0,0,0,0,0,0,0,0,0,0,0,0,0,0,0,0,0,0,0,0,0,0,0,0,0,0,0,0,0,0,0,0,0,0,0,0,0,0,0,0,0,0,0,0,0.0,,,,,,,benign
apt-key,0,0,0,0,0,0,0,0,0,0,0,0,0,0,0,0,0,0,0,0,0,0,0,0,0,0,0,0,0,0,0,0,0,0,0,0,0,0,0,0,0,0,0,0,0,0,0,0,0,0,0,0,0,0,0,0,0,0.0,,,,,,,benign
"sed -e s#'#''""'#g """,0,0,0,0,0,0,0,0,0,0,0,0,0,0,0,0,0,0,0,0,0,0,0,0,0,0,0,0,0,0,0,0,0,0,0,0,0,0,0,0,0,0,0,0,0,0,1,0,0,0,0,0,0,0,0,0,0,1.8090776073913948,0.0,0.0,0.0,0.0,0.0,2.209627598587938,benign
apt-key,0,0,0,0,0,0,0,0,0,0,0,0,0,0,0,0,0,0,0,0,0,0,0,0,0,0,0,0,0,0,0,0,0,0,0,0,0,0,0,0,0,0,0,0,0,0,0,0,0,0,0,0,0,0,0,0,0,0.0,,,,,,,benign
apt-key,0,0,0,0,0,0,0,0,0,0,0,0,0,0,0,0,0,0,0,0,0,0,0,0,0,0,0,0,0,0,0,0,0,0,0,0,0,0,0,0,0,0,0,0,0,0,0,0,0,0,0,0,0,0,0,0,0,0.0,,,,,,,benign
"gpgv --assert-pubkey-algo=>=rsa1024,ed25519,ed448,nistp256,nistp384, --homedir /tmp/apt-key-gpghome.xsgbRvg2XE --keyring /usr/share/keyrings/ubuntu-archive-keyring.gpg --ignore-time-conflict --status-fd 3 /tmp/apt.sig.DLryK2 /tmp/apt.data.DxkWiq",0,0,0,0,0,0,0,0,0,0,0,0,0,0,0,0,0,0,0,0,0,0,0,0,0,0,0,0,0,0,0,0,0,0,0,0,0,0,0,0,0,0,0,0,0,0,1,0,0,0,0,0,0,0,0,0,0,1.9003765494121905,0.0,0.0,0.0,0.0,0.0,3.3768249719113115,benign
rm -rf /tmp/apt-key-gpghome.xsgbRvg2XE,0,0,0,0,0,0,0,0,0,0,0,0,2,0,0,0,0,0,0,0,0,0,0,0,0,0,0,0,0,0,0,0,0,0,0,0,0,0,0,0,0,0,0,0,0,0,1,0,0,0,0,0,0,0,0,0,0,1.888660540447085,0.0,0.0,0.0,0.0,0.0,3.0210164797100725,benign
"/usr/bin/apt-key --quiet --readonly --keyring /usr/share/keyrings/ubuntu-archive-keyring.gpg verify --status-fd 3 /tmp/apt.sig.MrQ4Nz /tmp/apt.data.ZuRfpR -> apt-key -> apt-config shell MASTER_KEYRING APT::Key::MasterKeyring -> /usr/bin/dpkg --print-foreign-architectures -> apt-config shell ARCHIVE_KEYRING APT::Key::ArchiveKeyring -> apt-config shell REMOVED_KEYS APT::Key::RemovedKeys -> apt-config shell ARCHIVE_KEYRING_URI APT::Key::ArchiveKeyringURI -> apt-config shell GPGV Apt::Key::gpgvcommand ASSERT_PUBKEY_ALGO Apt::Key::assert-pubkey-algo -> mktemp --directory --tmpdir apt-key-gpghome.XXXXXXXXXX -> chmod 700 /tmp/apt-key-gpghome.HIOdlXM56s -> gpgv --assert-pubkey-algo=>=rsa1024,ed25519,ed448,nistp256,nistp384, --homedir /tmp/apt-key-gpghome.HIOdlXM56s --keyring /usr/share/keyrings/ubuntu-archive-keyring.gpg --ignore-time-conflict --status-fd 3 /tmp/apt.sig.MrQ4Nz /tmp/apt.data.ZuRfpR -> rm -rf /tmp/apt-key-gpghome.HIOdlXM56s",0,0,0,0,0,0,2,0,2,0,0,2,2,0,0,0,0,0,0,0,0,0,0,2,2,0,0,0,0,0,0,0,0,0,0,0,0,0,0,0,0,0,0,0,0,0,15,0,0,0,0,1,0,0,0,0,0,4.355637473072814,0.0,0.0,0.0,0.0,0.0,3.392958332107706,benign
apt-key,0,0,0,0,0,0,0,0,0,0,0,0,0,0,0,0,0,0,0,0,0,0,0,0,0,0,0,0,0,0,0,0,0,0,0,0,0,0,0,0,0,0,0,0,0,0,0,0,0,0,0,0,0,0,0,0,0,0.0,,,,,,,benign
apt-config shell MASTER_KEYRING APT::Key::MasterKeyring -> /usr/bin/dpkg --print-foreign-architectures,0,0,0,0,0,0,0,0,0,0,0,0,0,0,0,0,0,0,0,0,0,0,0,0,0,0,0,0,0,0,0,0,0,0,0,0,0,0,0,0,0,0,0,0,0,0,2,0,0,0,0,0,0,0,0,0,0,2.3621914259952668,0.0,0.0,0.0,0.0,0.0,3.228372376129276,benign
/usr/bin/dpkg --print-foreign-architectures,0,0,0,0,0,0,0,0,0,0,0,0,0,0,0,0,0,0,0,0,0,0,0,0,0,0,0,0,0,0,0,0,0,0,0,0,0,0,0,0,0,0,0,0,0,0,1,0,0,0,0,0,0,0,0,0,0,1.868058222419032,0.0,0.0,0.0,0.0,0.0,2.9514195898955555,benign
apt-config shell ARCHIVE_KEYRING APT::Key::ArchiveKeyring -> /usr/bin/dpkg --print-foreign-architectures,0,0,0,0,0,0,0,0,0,0,0,0,0,0,0,0,0,0,0,0,0,0,0,0,0,0,0,0,0,0,0,0,0,0,0,0,0,0,0,0,0,0,0,0,0,0,2,0,0,0,0,0,0,0,0,0,0,2.363799501265868,0.0,0.0,0.0,0.0,0.0,3.2625366587893625,benign
/usr/bin/dpkg --print-foreign-architectures,0,0,0,0,0,0,0,0,0,0,0,0,0,0,0,0,0,0,0,0,0,0,0,0,0,0,0,0,0,0,0,0,0,0,0,0,0,0,0,0,0,0,0,0,0,0,1,0,0,0,0,0,0,0,0,0,0,1.868058222419032,0.0,0.0,0.0,0.0,0.0,2.9514195898955555,benign
apt-config shell REMOVED_KEYS APT::Key::RemovedKeys -> /usr/bin/dpkg --print-foreign-architectures,0,0,0,0,0,0,0,0,0,0,0,0,0,0,0,0,0,0,0,0,0,0,0,0,0,0,0,0,0,0,0,0,0,0,0,0,0,0,0,0,0,0,0,0,0,0,2,0,0,0,0,0,0,0,0,0,0,2.3617765258995345,0.0,0.0,0.0,0.0,0.0,3.219566549293704,benign
/usr/bin/dpkg --print-foreign-architectures,0,0,0,0,0,0,0,0,0,0,0,0,0,0,0,0,0,0,0,0,0,0,0,0,0,0,0,0,0,0,0,0,0,0,0,0,0,0,0,0,0,0,0,0,0,0,1,0,0,0,0,0,0,0,0,0,0,1.868058222419032,0.0,0.0,0.0,0.0,0.0,2.9514195898955555,benign
apt-config shell ARCHIVE_KEYRING_URI APT::Key::ArchiveKeyringURI -> /usr/bin/dpkg --print-foreign-architectures,0,0,0,0,0,0,0,0,0,0,0,0,0,0,0,0,0,0,0,0,0,0,0,0,0,0,0,0,0,0,0,0,0,0,0,0,0,0,0,0,0,0,0,0,0,0,2,0,0,0,0,0,0,0,0,0,0,2.36502700653444,0.0,0.0,0.0,0.0,0.0,3.288652559985165,benign
/usr/bin/dpkg --print-foreign-architectures,0,0,0,0,0,0,0,0,0,0,0,0,0,0,0,0,0,0,0,0,0,0,0,0,0,0,0,0,0,0,0,0,0,0,0,0,0,0,0,0,0,0,0,0,0,0,1,0,0,0,0,0,0,0,0,0,0,1.868058222419032,0.0,0.0,0.0,0.0,0.0,2.9514195898955555,benign
apt-key,0,0,0,0,0,0,0,0,0,0,0,0,0,0,0,0,0,0,0,0,0,0,0,0,0,0,0,0,0,0,0,0,0,0,0,0,0,0,0,0,0,0,0,0,0,0,0,0,0,0,0,0,0,0,0,0,0,0.0,,,,,,,benign
apt-config shell GPGV Apt::Key::gpgvcommand ASSERT_PUBKEY_ALGO Apt::Key::assert-pubkey-algo -> /usr/bin/dpkg --print-foreign-architectures,0,0,0,0,0,0,0,0,0,0,0,0,0,0,0,0,0,0,0,0,0,0,0,0,0,0,0,0,0,0,0,0,0,0,0,0,0,0,0,0,0,0,0,0,0,0,2,0,0,0,0,0,0,0,0,0,0,2.3667849377426244,0.0,0.0,0.0,0.0,0.0,3.326109460381478,benign
/usr/bin/dpkg --print-foreign-architectures,0,0,0,0,0,0,0,0,0,0,0,0,0,0,0,0,0,0,0,0,0,0,0,0,0,0,0,0,0,0,0,0,0,0,0,0,0,0,0,0,0,0,0,0,0,0,1,0,0,0,0,0,0,0,0,0,0,1.868058222419032,0.0,0.0,0.0,0.0,0.0,2.9514195898955555,benign
gpgv --assert-pubkey-algo,0,0,0,0,0,0,0,0,0,0,0,0,0,0,0,0,0,0,0,0,0,0,0,0,0,0,0,0,0,0,0,0,0,0,0,0,0,0,0,0,0,0,0,0,0,0,1,0,0,0,0,0,0,0,0,0,0,1.852240816467405,0.0,0.0,0.0,0.0,0.0,2.7481733799993955,benign
apt-key,0,0,0,0,0,0,0,0,0,0,0,0,0,0,0,0,0,0,0,0,0,0,0,0,0,0,0,0,0,0,0,0,0,0,0,0,0,0,0,0,0,0,0,0,0,0,0,0,0,0,0,0,0,0,0,0,0,0.0,,,,,,,benign
mktemp --directory --tmpdir apt-key-gpghome.XXXXXXXXXX,0,0,0,0,0,0,0,0,0,0,0,2,0,0,0,0,0,0,0,0,0,0,0,0,0,0,0,0,0,0,0,0,0,0,0,0,0,0,0,0,0,0,0,0,0,0,1,0,0,0,0,1,0,0,0,0,0,2.001260071631328,0.0,0.0,0.0,0.0,0.0,2.7567454149350623,benign
chmod 700 /tmp/apt-key-gpghome.HIOdlXM56s,0,0,0,0,0,0,2,0,0,0,0,0,0,0,0,0,0,0,0,0,0,0,0,2,2,0,0,0,0,0,0,0,0,0,0,0,0,0,0,0,0,0,0,0,0,0,1,0,0,0,0,0,0,0,0,0,0,3.0240631337920414,0.0,0.0,0.0,0.0,0.0,3.14943983828225,benign
apt-key,0,0,0,0,0,0,0,0,0,0,0,0,0,0,0,0,0,0,0,0,0,0,0,0,0,0,0,0,0,0,0,0,0,0,0,0,0,0,0,0,0,0,0,0,0,0,0,0,0,0,0,0,0,0,0,0,0,0.0,,,,,,,benign
apt-key,0,0,0,0,0,0,0,0,0,0,0,0,0,0,0,0,0,0,0,0,0,0,0,0,0,0,0,0,0,0,0,0,0,0,0,0,0,0,0,0,0,0,0,0,0,0,0,0,0,0,0,0,0,0,0,0,0,0.0,,,,,,,benign
"sed -e s#'#''""'#g """,0,0,0,0,0,0,0,0,0,0,0,0,0,0,0,0,0,0,0,0,0,0,0,0,0,0,0,0,0,0,0,0,0,0,0,0,0,0,0,0,0,0,0,0,0,0,1,0,0,0,0,0,0,0,0,0,0,1.8090776073913948,0.0,0.0,0.0,0.0,0.0,2.209627598587938,benign
apt-key,0,0,0,0,0,0,0,0,0,0,0,0,0,0,0,0,0,0,0,0,0,0,0,0,0,0,0,0,0,0,0,0,0,0,0,0,0,0,0,0,0,0,0,0,0,0,0,0,0,0,0,0,0,0,0,0,0,0.0,,,,,,,benign
apt-key,0,0,0,0,0,0,0,0,0,0,0,0,0,0,0,0,0,0,0,0,0,0,0,0,0,0,0,0,0,0,0,0,0,0,0,0,0,0,0,0,0,0,0,0,0,0,0,0,0,0,0,0,0,0,0,0,0,0.0,,,,,,,benign
"sed -e s#'#''""'#g """,0,0,0,0,0,0,0,0,0,0,0,0,0,0,0,0,0,0,0,0,0,0,0,0,0,0,0,0,0,0,0,0,0,0,0,0,0,0,0,0,0,0,0,0,0,0,1,0,0,0,0,0,0,0,0,0,0,1.8090776073913948,0.0,0.0,0.0,0.0,0.0,2.209627598587938,benign
apt-key,0,0,0,0,0,0,0,0,0,0,0,0,0,0,0,0,0,0,0,0,0,0,0,0,0,0,0,0,0,0,0,0,0,0,0,0,0,0,0,0,0,0,0,0,0,0,0,0,0,0,0,0,0,0,0,0,0,0.0,,,,,,,benign
apt-key,0,0,0,0,0,0,0,0,0,0,0,0,0,0,0,0,0,0,0,0,0,0,0,0,0,0,0,0,0,0,0,0,0,0,0,0,0,0,0,0,0,0,0,0,0,0,0,0,0,0,0,0,0,0,0,0,0,0.0,,,,,,,benign
"gpgv --assert-pubkey-algo=>=rsa1024,ed25519,ed448,nistp256,nistp384, --homedir /tmp/apt-key-gpghome.HIOdlXM56s --keyring /usr/share/keyrings/ubuntu-archive-keyring.gpg --ignore-time-conflict --status-fd 3 /tmp/apt.sig.MrQ4Nz /tmp/apt.data.ZuRfpR",0,0,0,0,0,0,0,0,0,0,0,0,0,0,0,0,0,0,0,0,0,0,0,0,0,0,0,0,0,0,0,0,0,0,0,0,0,0,0,0,0,0,0,0,0,0,1,0,0,0,0,0,0,0,0,0,0,1.901581890670761,0.0,0.0,0.0,0.0,0.0,3.392958332107706,benign
rm -rf /tmp/apt-key-gpghome.HIOdlXM56s,0,0,0,0,0,0,0,0,0,0,0,0,2,0,0,0,0,0,0,0,0,0,0,0,0,0,0,0,0,0,0,0,0,0,0,0,0,0,0,0,0,0,0,0,0,0,1,0,0,0,0,0,0,0,0,0,0,1.894537043786128,0.0,0.0,0.0,0.0,0.0,3.09893855763215,benign
apt -> rm -f /var/cache/apt/archives/*.deb /var/cache/apt/archives/partial/*.deb /var/cache/apt/*.bin,0,0,0,0,0,0,0,0,0,0,0,0,0,0,0,0,0,0,0,0,0,0,0,0,0,0,0,0,0,0,0,0,0,0,0,0,0,0,0,0,0,0,0,0,0,0,1,0,0,0,0,0,0,0,0,0,0,1.859707154844908,0.0,0.0,0.0,0.0,0.0,2.8437117733109467,benign
rm -f /var/cache/apt/archives/*.deb /var/cache/apt/archives/partial/*.deb /var/cache/apt/*.bin,0,0,0,0,0,0,0,0,0,0,0,0,0,0,0,0,0,0,0,0,0,0,0,0,0,0,0,0,0,0,0,0,0,0,0,0,0,0,0,0,0,0,0,0,0,0,1,0,0,0,0,0,0,0,0,0,0,1.859707154844908,0.0,0.0,0.0,0.0,0.0,2.8437117733109467,benign
apt,0,0,0,0,0,0,0,0,0,0,0,0,0,0,0,0,0,0,0,0,0,0,0,0,0,0,0,0,0,0,0,0,0,0,0,0,0,0,0,0,0,0,0,0,0,0,0,0,0,0,0,0,0,0,0,0,0,0.0,,,,,,,benign
/usr/bin/dpkg --print-foreign-architectures,0,0,0,0,0,0,0,0,0,0,0,0,0,0,0,0,0,0,0,0,0,0,0,0,0,0,0,0,0,0,0,0,0,0,0,0,0,0,0,0,0,0,0,0,0,0,1,0,0,0,0,0,0,0,0,0,0,1.868058222419032,0.0,0.0,0.0,0.0,0.0,2.9514195898955555,benign
/usr/bin/dpkg --print-foreign-architectures,0,0,0,0,0,0,0,0,0,0,0,0,0,0,0,0,0,0,0,0,0,0,0,0,0,0,0,0,0,0,0,0,0,0,0,0,0,0,0,0,0,0,0,0,0,0,1,0,0,0,0,0,0,0,0,0,0,1.868058222419032,0.0,0.0,0.0,0.0,0.0,2.9514195898955555,benign
sudo,0,0,0,0,0,0,0,0,0,0,0,0,0,0,0,0,0,0,0,0,0,0,0,0,0,0,0,0,0,0,0,0,0,0,0,0,0,0,0,0,0,0,0,0,0,0,0,0,0,0,0,0,0,0,0,0,0,0.0,,,,,,,benign
/bin/bash -c dpkg --get-selections,0,0,0,2,0,2,0,0,0,0,0,0,0,0,0,0,0,0,0,0,0,0,0,0,0,0,0,0,0,0,0,0,0,0,0,0,0,0,0,0,0,0,0,0,0,2,2,0,0,0,0,0,0,0,0,0,0,3.231712928778216,0.0,0.0,0.0,0.0,0.0,2.64599266182679,benign
/bin/bash -c wc -l large_file.txt,0,0,0,2,0,2,0,0,0,0,0,0,0,0,0,0,0,0,0,0,0,0,0,0,0,0,0,0,0,0,0,0,0,0,0,0,0,0,0,0,0,0,0,0,0,2,2,0,0,0,0,0,0,0,0,0,0,3.230931072226138,0.0,0.0,0.0,0.0,0.0,2.6064102365333333,benign
/bin/bash -c ps aux --sort=-%mem | head -n 5 -> head -n 5 -> ps,2,0,0,4,0,4,0,0,0,0,0,0,0,0,0,0,0,0,0,0,0,0,0,0,0,0,0,0,0,0,0,0,0,0,0,0,0,0,0,0,0,0,0,0,0,2,2,0,0,0,0,0,0,0,0,0,0,3.3798476963599864,0.0,0.0,0.0,0.0,0.0,2.692596357139282,benign
head -n 5,0,0,0,0,0,0,0,0,0,0,0,0,0,0,0,0,0,0,0,0,0,0,0,0,0,0,0,0,0,0,0,0,0,0,0,0,0,0,0,0,0,0,0,0,0,0,1,0,0,0,0,0,0,0,0,0,0,1.7904036063681998,0.0,0.0,0.0,0.0,0.0,1.983740670882856,benign
ps,2,0,0,2,0,2,0,0,0,0,0,0,0,0,0,0,0,0,0,0,0,0,0,0,0,0,0,0,0,0,0,0,0,0,0,0,0,0,0,0,0,0,0,0,0,2,0,0,0,0,0,0,0,0,0,0,0,2.773837941640213,,,,,,,benign
/bin/bash -c sudo chown user1 file.txt -> sudo,1,0,0,2,0,2,1,0,0,0,0,0,0,0,0,0,0,0,0,0,0,0,0,0,0,0,0,0,0,0,0,0,1,0,1,0,0,0,1,0,0,0,0,0,0,2,2,0,0,0,0,0,0,0,0,1,0,3.660145118496876,0.0,0.0,0.0,0.0,0.0,2.7139655604283663,benign
chown user1 file.txt,0,0,0,2,0,2,0,0,0,0,0,0,0,0,0,0,0,0,0,0,0,0,0,0,0,0,0,0,0,0,0,0,0,0,0,0,0,0,0,0,0,0,0,0,0,2,1,0,0,0,0,0,0,0,0,0,0,3.0615757967692523,0.0,0.0,0.0,0.0,0.0,2.72238310243976,benign
sudo,0,0,0,0,0,0,0,0,0,0,0,0,0,0,0,0,0,0,0,0,0,0,0,0,0,0,0,0,0,0,0,0,0,0,0,0,0,0,0,0,0,0,0,0,0,0,0,0,0,0,0,0,0,0,0,0,0,0.0,,,,,,,benign
systemd-timesyn,0,0,0,0,0,2,2,0,0,0,0,0,0,0,0,0,0,0,0,0,0,0,2,2,2,0,0,0,0,0,0,0,2,0,2,0,0,0,0,0,0,0,0,0,0,0,2,0,0,0,0,0,0,0,0,0,0,3.610917912644224,,,,,,,benign
/bin/bash -c cp ~/Downloads/notes.txt ~/Documents/,0,0,0,2,0,2,0,0,0,0,0,0,0,0,0,0,0,0,0,0,0,0,0,0,0,0,0,0,0,0,0,0,0,0,0,0,0,0,0,0,0,0,0,0,0,2,2,0,0,0,0,0,0,0,0,0,0,3.2340571000396543,0.0,0.0,0.0,0.0,0.0,2.7648548045108248,benign
/bin/bash -c pwd,0,0,0,2,0,2,0,0,0,0,0,0,0,0,0,0,0,0,0,0,0,0,0,0,0,0,0,0,0,0,0,0,0,0,0,0,0,0,0,0,0,0,0,0,0,2,1,0,0,0,0,0,0,0,0,0,0,3.055825119909083,0.0,0.0,0.0,0.0,0.0,2.4774055510121467,benign
/bin/bash -c ls -a ~,0,0,0,2,0,2,0,0,0,0,0,0,0,0,0,0,0,0,0,0,0,0,0,0,0,0,0,0,0,0,0,0,0,0,0,0,0,0,0,0,0,0,0,0,0,2,2,0,0,0,0,0,0,0,0,0,0,3.221254694053457,0.0,0.0,0.0,0.0,0.0,2.1190850469784714,benign
/bin/bash -c hostname -I,0,0,0,2,0,3,0,0,0,0,0,0,0,0,0,0,0,0,0,0,0,0,0,0,0,0,0,0,0,0,0,0,0,0,0,0,0,0,0,0,0,0,0,0,0,2,2,0,0,0,0,0,0,0,0,0,0,3.2663700844185137,0.0,0.0,0.0,0.0,0.0,2.4320090718903087,benign
/bin/bash -c free -h,0,0,0,2,0,2,0,0,0,0,0,0,0,0,0,0,0,0,0,0,0,0,0,0,0,0,0,0,0,0,0,0,0,0,0,0,0,0,0,0,0,0,0,0,0,2,2,0,0,0,0,0,0,0,0,0,0,3.216304567244948,0.0,0.0,0.0,0.0,0.0,1.871602261409798,benign
/bin/bash -c ps aux,2,0,0,4,0,4,0,0,0,0,0,0,0,0,0,0,0,0,0,0,0,0,0,0,0,0,0,0,0,0,0,0,0,0,0,0,0,0,0,0,0,0,0,0,0,4,1,0,0,0,0,0,0,0,0,0,0,3.375067831438304,0.0,0.0,0.0,0.0,0.0,2.412532347341446,benign
/bin/bash -c grep 'error' log.txt,0,0,0,2,0,2,0,0,0,0,0,0,0,0,0,0,0,0,0,0,0,0,0,0,0,0,0,0,0,0,0,0,0,0,0,0,0,0,0,0,0,0,0,0,0,2,2,0,0,0,0,0,0,0,0,0,0,3.224541425352061,0.0,0.0,0.0,0.0,0.0,2.284084017565329,benign
/bin/bash -c chmod 600 file.txt,0,0,0,2,0,2,0,0,0,0,0,0,0,0,0,0,0,0,0,0,0,0,0,0,0,0,0,0,0,0,0,0,0,0,0,0,0,0,0,0,0,0,0,0,0,2,2,0,0,0,0,0,0,0,0,0,0,3.230970554692928,0.0,0.0,0.0,0.0,0.0,2.6084083418896538,benign
/bin/bash -c rm -r ~/old_folder,0,0,0,2,0,2,0,0,0,0,0,0,0,0,0,0,0,0,0,0,0,0,0,0,0,0,0,0,0,0,0,0,0,0,0,0,0,0,0,0,0,0,0,0,0,2,2,0,0,0,0,0,0,0,0,0,0,3.22730111426846,0.0,0.0,0.0,0.0,0.0,2.423044102010384,benign
/bin/bash -c find / -name '*config*',0,0,0,2,0,2,0,0,0,0,0,0,0,0,0,0,0,0,0,0,0,0,0,0,0,0,0,0,0,0,0,0,0,0,0,0,0,0,0,0,0,0,0,0,0,2,2,0,0,0,0,0,0,0,0,0,0,3.228355445003116,0.0,0.0,0.0,0.0,0.0,2.476234702457177,benign
/bin/bash -c free -h,0,0,0,2,0,2,0,0,0,0,0,0,0,0,0,0,0,0,0,0,0,0,0,0,0,0,0,0,0,0,0,0,0,0,0,0,0,0,0,0,0,0,0,0,0,2,2,0,0,0,0,0,0,0,0,0,0,3.216304567244948,0.0,0.0,0.0,0.0,0.0,1.871602261409798,benign
/bin/bash -c ln -s example.txt symlink_example.txt,0,0,0,2,0,2,0,0,0,0,0,0,0,0,0,0,0,0,0,0,0,0,0,0,0,0,0,0,0,0,0,0,0,0,0,0,0,0,0,0,0,0,0,0,0,2,2,0,0,0,0,0,0,0,0,0,0,3.232317580225127,0.0,0.0,0.0,0.0,0.0,2.676625094609149,benign
/bin/bash -c ss -tuln,0,0,0,2,0,2,0,0,0,0,0,0,0,0,0,0,0,0,0,0,0,0,0,0,0,0,0,0,0,0,0,0,0,0,0,0,0,0,0,0,0,0,0,0,0,2,1,0,0,0,0,0,0,0,0,0,0,3.0547019519902885,0.0,0.0,0.0,0.0,0.0,2.4297230745502008,benign
/bin/bash -c hostname -I,0,0,0,2,0,3,0,0,0,0,0,0,0,0,0,0,0,0,0,0,0,0,0,0,0,0,0,0,0,0,0,0,0,0,0,0,0,0,0,0,0,0,0,0,0,2,2,0,0,0,0,0,0,0,0,0,0,3.2663700844185137,0.0,0.0,0.0,0.0,0.0,2.4320090718903087,benign
/bin/bash -c rm -rf /tmp/*,0,0,0,2,0,2,0,0,0,0,0,0,0,0,0,0,0,0,0,0,0,0,0,0,0,0,0,0,0,0,0,0,0,0,0,0,0,0,0,0,0,0,0,0,0,2,2,0,0,0,0,0,0,0,0,0,0,3.222116466503842,0.0,0.0,0.0,0.0,0.0,2.162294909570876,benign
/bin/bash -c du -sh .,0,0,0,2,0,2,0,0,0,0,0,0,0,0,0,0,0,0,0,0,0,0,0,0,0,0,0,0,0,0,0,0,0,0,0,0,0,0,0,0,0,0,0,0,0,2,2,0,0,0,0,0,0,0,0,0,0,3.215851397655844,0.0,0.0,0.0,0.0,0.0,1.8490070880144411,benign
/bin/bash -c tar -czvf backup_project.tar.gz ~/project -> /bin/sh -c gzip -> gzip,0,0,0,2,0,2,1,0,0,0,0,0,0,0,0,0,0,0,0,0,0,0,1,0,0,0,0,0,0,0,0,0,1,0,1,0,0,0,0,0,0,0,0,0,0,2,4,0,0,0,0,0,0,0,0,0,0,3.920379146416603,0.0,0.0,0.0,0.0,0.0,2.8391150982773143,benign
/bin/sh -c gzip -> gzip,0,0,0,0,0,0,1,0,0,0,0,0,0,0,0,0,0,0,0,0,0,0,1,0,0,0,0,0,0,0,0,0,1,0,1,0,0,0,0,0,0,0,0,0,0,0,2,0,0,0,0,0,0,0,0,0,0,3.3032889794831823,0.0,0.0,0.0,0.0,0.0,2.403917277291339,benign
gzip,0,0,0,0,0,0,0,0,0,0,0,0,0,0,0,0,0,0,0,0,0,0,0,0,0,0,0,0,0,0,0,0,0,0,0,0,0,0,0,0,0,0,0,0,0,0,1,0,0,0,0,0,0,0,0,0,0,1.7817061829263552,0.0,0.0,0.0,0.0,0.0,1.879964948727111,benign
/bin/bash -c sudo apt update && sudo apt upgrade -y -> sudo apt update -> sudo,1,0,0,2,0,2,1,0,0,0,0,0,0,0,0,0,0,0,0,0,0,0,0,0,0,0,0,0,0,0,0,0,1,0,1,0,0,0,1,0,0,0,0,0,0,2,2,0,0,0,0,0,0,0,0,1,0,3.658929970720169,0.0,0.0,0.0,0.0,0.0,2.6195646721337056,benign
sudo apt update -> sudo,1,0,0,0,0,0,1,0,0,0,0,0,0,0,0,0,0,0,0,0,0,0,0,0,0,0,0,0,0,0,0,0,1,0,1,0,0,0,1,0,0,0,0,0,0,0,1,0,0,0,0,0,0,0,0,1,0,2.9763039828850744,0.0,0.0,0.0,0.0,0.0,2.210368890194565,benign
"apt update -> /usr/bin/dpkg --print-foreign-architectures -> /usr/lib/apt/methods/http -> /usr/lib/apt/methods/gpgv -> gpgv -> /usr/bin/apt-key --quiet --readonly --keyring /usr/share/keyrings/ubuntu-archive-keyring.gpg verify --status-fd 3 /tmp/apt.sig.VSd7IF /tmp/apt.data.7o7hFA -> apt-key -> apt-config shell MASTER_KEYRING APT::Key::MasterKeyring -> apt-config shell ARCHIVE_KEYRING APT::Key::ArchiveKeyring -> apt-config shell REMOVED_KEYS APT::Key::RemovedKeys -> apt-config shell ARCHIVE_KEYRING_URI APT::Key::ArchiveKeyringURI -> apt-config shell GPGV Apt::Key::gpgvcommand ASSERT_PUBKEY_ALGO Apt::Key::assert-pubkey-algo -> mktemp --directory --tmpdir apt-key-gpghome.XXXXXXXXXX -> chmod 700 /tmp/apt-key-gpghome.4ERehUl6Ww -> gpgv --assert-pubkey-algo=>=rsa1024,ed25519,ed448,nistp256,nistp384, --homedir /tmp/apt-key-gpghome.4ERehUl6Ww --keyring /usr/share/keyrings/ubuntu-archive-keyring.gpg --ignore-time-conflict --status-fd 3 /tmp/apt.sig.VSd7IF /tmp/apt.data.7o7hFA -> rm -rf /tmp/apt-key-gpghome.4ERehUl6Ww -> /usr/bin/apt-key --quiet --readonly --keyring /usr/share/keyrings/ubuntu-archive-keyring.gpg verify --status-fd 3 /tmp/apt.sig.pI5UzJ /tmp/apt.data.iyMxhU -> chmod 700 /tmp/apt-key-gpghome.KvJSjSgMJe -> gpgv --assert-pubkey-algo=>=rsa1024,ed25519,ed448,nistp256,nistp384, --homedir /tmp/apt-key-gpghome.KvJSjSgMJe --keyring /usr/share/keyrings/ubuntu-archive-keyring.gpg --ignore-time-conflict --status-fd 3 /tmp/apt.sig.pI5UzJ /tmp/apt.data.iyMxhU -> rm -rf /tmp/apt-key-gpghome.KvJSjSgMJe -> /usr/bin/apt-key --quiet --readonly --keyring /usr/share/keyrings/ubuntu-archive-keyring.gpg verify --status-fd 3 /tmp/apt.sig.LhE8io /tmp/apt.data.XYn23L -> chmod 700 /tmp/apt-key-gpghome.WSmAigF9Fu -> gpgv --assert-pubkey-algo=>=rsa1024,ed25519,ed448,nistp256,nistp384, --homedir /tmp/apt-key-gpghome.WSmAigF9Fu --keyring /usr/share/keyrings/ubuntu-archive-keyring.gpg --ignore-time-conflict --status-fd 3 /tmp/apt.sig.LhE8io /tmp/apt.data.XYn23L -> rm -rf /tmp/apt-key-gpghome.WSmAigF9Fu -> /usr/bin/apt-key --quiet --readonly --keyring /usr/share/keyrings/ubuntu-archive-keyring.gpg verify --status-fd 3 /tmp/apt.sig.gY2lf2 /tmp/apt.data.3jgqDx -> chmod 700 /tmp/apt-key-gpghome.JkIGP80l8I -> gpgv --assert-pubkey-algo=>=rsa1024,ed25519,ed448,nistp256,nistp384, --homedir /tmp/apt-key-gpghome.JkIGP80l8I --keyring /usr/share/keyrings/ubuntu-archive-keyring.gpg --ignore-time-conflict --status-fd 3 /tmp/apt.sig.gY2lf2 /tmp/apt.data.3jgqDx -> rm -rf /tmp/apt-key-gpghome.JkIGP80l8I -> apt",1,0,0,58,0,28,56,0,56,0,0,8,8,0,0,0,0,0,0,0,0,1,8,44,16,0,0,0,0,0,0,0,28,0,28,0,4,0,0,0,2,0,8,0,24,26,110,0,0,0,0,1,0,0,0,0,0,6.765029915715852,0.0,0.0,0.0,0.0,0.0,3.4042881850106284,benign
/usr/bin/dpkg --print-foreign-architectures,0,0,0,0,0,0,0,0,0,0,0,0,0,0,0,0,0,0,0,0,0,0,0,0,0,0,0,0,0,0,0,0,0,0,0,0,0,0,0,0,0,0,0,0,0,0,1,0,0,0,0,0,0,0,0,0,0,1.868058222419032,0.0,0.0,0.0,0.0,0.0,2.9514195898955555,benign
/usr/lib/apt/methods/http,0,0,0,0,0,0,0,0,0,0,0,0,0,0,0,0,0,0,0,0,0,0,0,0,0,0,0,0,0,0,0,0,0,0,0,0,0,0,0,0,0,0,0,0,0,0,1,0,0,0,0,0,0,0,0,0,0,1.854262555220856,0.0,0.0,0.0,0.0,0.0,2.773972927341982,benign
/usr/lib/apt/methods/http,0,0,0,26,0,11,0,0,0,0,0,0,0,0,0,0,0,0,0,0,0,0,0,0,0,0,0,0,0,0,0,0,0,0,0,0,0,0,0,0,0,0,0,0,12,26,1,0,0,0,0,0,0,0,0,0,0,4.790711441183116,0.0,0.0,0.0,0.0,0.0,2.773972927341982,benign
/usr/lib/apt/methods/http,0,0,0,26,0,11,0,0,0,0,0,0,0,0,0,0,0,0,0,0,0,0,0,0,0,0,0,0,0,0,0,0,0,0,0,0,0,0,0,0,0,0,0,0,12,26,1,0,0,0,0,0,0,0,0,0,0,4.790711441183116,0.0,0.0,0.0,0.0,0.0,2.773972927341982,benign
/usr/lib/apt/methods/gpgv,0,0,0,0,0,0,0,0,0,0,0,0,0,0,0,0,0,0,0,0,0,0,0,0,0,0,0,0,0,0,0,0,0,0,0,0,0,0,0,0,0,0,0,0,0,0,1,0,0,0,0,0,0,0,0,0,0,1.8634303062418824,0.0,0.0,0.0,0.0,0.0,2.891619986165511,benign
"/usr/lib/apt/methods/gpgv -> gpgv -> /usr/bin/apt-key --quiet --readonly --keyring /usr/share/keyrings/ubuntu-archive-keyring.gpg verify --status-fd 3 /tmp/apt.sig.VSd7IF /tmp/apt.data.7o7hFA -> apt-key -> apt-config shell MASTER_KEYRING APT::Key::MasterKeyring -> /usr/bin/dpkg --print-foreign-architectures -> apt-config shell ARCHIVE_KEYRING APT::Key::ArchiveKeyring -> apt-config shell REMOVED_KEYS APT::Key::RemovedKeys -> apt-config shell ARCHIVE_KEYRING_URI APT::Key::ArchiveKeyringURI -> apt-config shell GPGV Apt::Key::gpgvcommand ASSERT_PUBKEY_ALGO Apt::Key::assert-pubkey-algo -> mktemp --directory --tmpdir apt-key-gpghome.XXXXXXXXXX -> chmod 700 /tmp/apt-key-gpghome.4ERehUl6Ww -> gpgv --assert-pubkey-algo=>=rsa1024,ed25519,ed448,nistp256,nistp384, --homedir /tmp/apt-key-gpghome.4ERehUl6Ww --keyring /usr/share/keyrings/ubuntu-archive-keyring.gpg --ignore-time-conflict --status-fd 3 /tmp/apt.sig.VSd7IF /tmp/apt.data.7o7hFA -> rm -rf /tmp/apt-key-gpghome.4ERehUl6Ww -> /usr/bin/apt-key --quiet --readonly --keyring /usr/share/keyrings/ubuntu-archive-keyring.gpg verify --status-fd 3 /tmp/apt.sig.pI5UzJ /tmp/apt.data.iyMxhU -> chmod 700 /tmp/apt-key-gpghome.KvJSjSgMJe -> gpgv --assert-pubkey-algo=>=rsa1024,ed25519,ed448,nistp256,nistp384, --homedir /tmp/apt-key-gpghome.KvJSjSgMJe --keyring /usr/share/keyrings/ubuntu-archive-keyring.gpg --ignore-time-conflict --status-fd 3 /tmp/apt.sig.pI5UzJ /tmp/apt.data.iyMxhU -> rm -rf /tmp/apt-key-gpghome.KvJSjSgMJe -> /usr/bin/apt-key --quiet --readonly --keyring /usr/share/keyrings/ubuntu-archive-keyring.gpg verify --status-fd 3 /tmp/apt.sig.LhE8io /tmp/apt.data.XYn23L -> chmod 700 /tmp/apt-key-gpghome.WSmAigF9Fu -> gpgv --assert-pubkey-algo=>=rsa1024,ed25519,ed448,nistp256,nistp384, --homedir /tmp/apt-key-gpghome.WSmAigF9Fu --keyring /usr/share/keyrings/ubuntu-archive-keyring.gpg --ignore-time-conflict --status-fd 3 /tmp/apt.sig.LhE8io /tmp/apt.data.XYn23L -> rm -rf /tmp/apt-key-gpghome.WSmAigF9Fu -> /usr/bin/apt-key --quiet --readonly --keyring /usr/share/keyrings/ubuntu-archive-keyring.gpg verify --status-fd 3 /tmp/apt.sig.gY2lf2 /tmp/apt.data.3jgqDx -> chmod 700 /tmp/apt-key-gpghome.JkIGP80l8I -> gpgv --assert-pubkey-algo=>=rsa1024,ed25519,ed448,nistp256,nistp384, --homedir /tmp/apt-key-gpghome.JkIGP80l8I --keyring /usr/share/keyrings/ubuntu-archive-keyring.gpg --ignore-time-conflict --status-fd 3 /tmp/apt.sig.gY2lf2 /tmp/apt.data.3jgqDx -> rm -rf /tmp/apt-key-gpghome.JkIGP80l8I",0,0,0,2,0,2,16,0,32,0,0,8,8,0,0,0,0,0,0,0,0,0,8,16,16,0,0,0,0,0,0,0,8,0,8,0,0,0,0,0,0,0,0,0,0,2,61,0,0,0,0,1,0,0,0,0,0,5.885498692971186,0.0,0.0,0.0,0.0,0.0,3.4042881850106284,benign
"/usr/bin/apt-key --quiet --readonly --keyring /usr/share/keyrings/ubuntu-archive-keyring.gpg verify --status-fd 3 /tmp/apt.sig.VSd7IF /tmp/apt.data.7o7hFA -> apt-key -> apt-config shell MASTER_KEYRING APT::Key::MasterKeyring -> /usr/bin/dpkg --print-foreign-architectures -> apt-config shell ARCHIVE_KEYRING APT::Key::ArchiveKeyring -> apt-config shell REMOVED_KEYS APT::Key::RemovedKeys -> apt-config shell ARCHIVE_KEYRING_URI APT::Key::ArchiveKeyringURI -> apt-config shell GPGV Apt::Key::gpgvcommand ASSERT_PUBKEY_ALGO Apt::Key::assert-pubkey-algo -> mktemp --directory --tmpdir apt-key-gpghome.XXXXXXXXXX -> chmod 700 /tmp/apt-key-gpghome.4ERehUl6Ww -> gpgv --assert-pubkey-algo=>=rsa1024,ed25519,ed448,nistp256,nistp384, --homedir /tmp/apt-key-gpghome.4ERehUl6Ww --keyring /usr/share/keyrings/ubuntu-archive-keyring.gpg --ignore-time-conflict --status-fd 3 /tmp/apt.sig.VSd7IF /tmp/apt.data.7o7hFA -> rm -rf /tmp/apt-key-gpghome.4ERehUl6Ww",0,0,0,0,0,0,2,0,2,0,0,2,2,0,0,0,0,0,0,0,0,0,0,2,2,0,0,0,0,0,0,0,0,0,0,0,0,0,0,0,0,0,0,0,0,0,15,0,0,0,0,1,0,0,0,0,0,4.355710175543299,0.0,0.0,0.0,0.0,0.0,3.4042881850106284,benign
apt-key,0,0,0,0,0,0,0,0,0,0,0,0,0,0,0,0,0,0,0,0,0,0,0,0,0,0,0,0,0,0,0,0,0,0,0,0,0,0,0,0,0,0,0,0,0,0,0,0,0,0,0,0,0,0,0,0,0,0.0,,,,,,,benign
apt-config shell MASTER_KEYRING APT::Key::MasterKeyring -> /usr/bin/dpkg --print-foreign-architectures,0,0,0,0,0,0,0,0,0,0,0,0,0,0,0,0,0,0,0,0,0,0,0,0,0,0,0,0,0,0,0,0,0,0,0,0,0,0,0,0,0,0,0,0,0,0,2,0,0,0,0,0,0,0,0,0,0,2.3621914259952668,0.0,0.0,0.0,0.0,0.0,3.228372376129276,benign
/usr/bin/dpkg --print-foreign-architectures,0,0,0,0,0,0,0,0,0,0,0,0,0,0,0,0,0,0,0,0,0,0,0,0,0,0,0,0,0,0,0,0,0,0,0,0,0,0,0,0,0,0,0,0,0,0,1,0,0,0,0,0,0,0,0,0,0,1.868058222419032,0.0,0.0,0.0,0.0,0.0,2.9514195898955555,benign
apt-config shell ARCHIVE_KEYRING APT::Key::ArchiveKeyring -> /usr/bin/dpkg --print-foreign-architectures,0,0,0,0,0,0,0,0,0,0,0,0,0,0,0,0,0,0,0,0,0,0,0,0,0,0,0,0,0,0,0,0,0,0,0,0,0,0,0,0,0,0,0,0,0,0,2,0,0,0,0,0,0,0,0,0,0,2.363799501265868,0.0,0.0,0.0,0.0,0.0,3.2625366587893625,benign
/usr/bin/dpkg --print-foreign-architectures,0,0,0,0,0,0,0,0,0,0,0,0,0,0,0,0,0,0,0,0,0,0,0,0,0,0,0,0,0,0,0,0,0,0,0,0,0,0,0,0,0,0,0,0,0,0,1,0,0,0,0,0,0,0,0,0,0,1.868058222419032,0.0,0.0,0.0,0.0,0.0,2.9514195898955555,benign
apt-config shell REMOVED_KEYS APT::Key::RemovedKeys -> /usr/bin/dpkg --print-foreign-architectures,0,0,0,0,0,0,0,0,0,0,0,0,0,0,0,0,0,0,0,0,0,0,0,0,0,0,0,0,0,0,0,0,0,0,0,0,0,0,0,0,0,0,0,0,0,0,2,0,0,0,0,0,0,0,0,0,0,2.3617765258995345,0.0,0.0,0.0,0.0,0.0,3.219566549293704,benign
/usr/bin/dpkg --print-foreign-architectures,0,0,0,0,0,0,0,0,0,0,0,0,0,0,0,0,0,0,0,0,0,0,0,0,0,0,0,0,0,0,0,0,0,0,0,0,0,0,0,0,0,0,0,0,0,0,1,0,0,0,0,0,0,0,0,0,0,1.868058222419032,0.0,0.0,0.0,0.0,0.0,2.9514195898955555,benign
apt-config shell ARCHIVE_KEYRING_URI APT::Key::ArchiveKeyringURI -> /usr/bin/dpkg --print-foreign-architectures,0,0,0,0,0,0,0,0,0,0,0,0,0,0,0,0,0,0,0,0,0,0,0,0,0,0,0,0,0,0,0,0,0,0,0,0,0,0,0,0,0,0,0,0,0,0,2,0,0,0,0,0,0,0,0,0,0,2.36502700653444,0.0,0.0,0.0,0.0,0.0,3.288652559985165,benign
/usr/bin/dpkg --print-foreign-architectures,0,0,0,0,0,0,0,0,0,0,0,0,0,0,0,0,0,0,0,0,0,0,0,0,0,0,0,0,0,0,0,0,0,0,0,0,0,0,0,0,0,0,0,0,0,0,1,0,0,0,0,0,0,0,0,0,0,1.868058222419032,0.0,0.0,0.0,0.0,0.0,2.9514195898955555,benign
apt-key,0,0,0,0,0,0,0,0,0,0,0,0,0,0,0,0,0,0,0,0,0,0,0,0,0,0,0,0,0,0,0,0,0,0,0,0,0,0,0,0,0,0,0,0,0,0,0,0,0,0,0,0,0,0,0,0,0,0.0,,,,,,,benign
apt-config shell GPGV Apt::Key::gpgvcommand ASSERT_PUBKEY_ALGO Apt::Key::assert-pubkey-algo -> /usr/bin/dpkg --print-foreign-architectures,0,0,0,0,0,0,0,0,0,0,0,0,0,0,0,0,0,0,0,0,0,0,0,0,0,0,0,0,0,0,0,0,0,0,0,0,0,0,0,0,0,0,0,0,0,0,2,0,0,0,0,0,0,0,0,0,0,2.3667849377426244,0.0,0.0,0.0,0.0,0.0,3.326109460381478,benign
/usr/bin/dpkg --print-foreign-architectures,0,0,0,0,0,0,0,0,0,0,0,0,0,0,0,0,0,0,0,0,0,0,0,0,0,0,0,0,0,0,0,0,0,0,0,0,0,0,0,0,0,0,0,0,0,0,1,0,0,0,0,0,0,0,0,0,0,1.868058222419032,0.0,0.0,0.0,0.0,0.0,2.9514195898955555,benign
gpgv --assert-pubkey-algo,0,0,0,0,0,0,0,0,0,0,0,0,0,0,0,0,0,0,0,0,0,0,0,0,0,0,0,0,0,0,0,0,0,0,0,0,0,0,0,0,0,0,0,0,0,0,1,0,0,0,0,0,0,0,0,0,0,1.852240816467405,0.0,0.0,0.0,0.0,0.0,2.7481733799993955,benign
apt-key,0,0,0,0,0,0,0,0,0,0,0,0,0,0,0,0,0,0,0,0,0,0,0,0,0,0,0,0,0,0,0,0,0,0,0,0,0,0,0,0,0,0,0,0,0,0,0,0,0,0,0,0,0,0,0,0,0,0.0,,,,,,,benign
mktemp --directory --tmpdir apt-key-gpghome.XXXXXXXXXX,0,0,0,0,0,0,0,0,0,0,0,2,0,0,0,0,0,0,0,0,0,0,0,0,0,0,0,0,0,0,0,0,0,0,0,0,0,0,0,0,0,0,0,0,0,0,1,0,0,0,0,1,0,0,0,0,0,2.001260071631328,0.0,0.0,0.0,0.0,0.0,2.7567454149350623,benign
chmod 700 /tmp/apt-key-gpghome.4ERehUl6Ww,0,0,0,0,0,0,2,0,0,0,0,0,0,0,0,0,0,0,0,0,0,0,0,2,2,0,0,0,0,0,0,0,0,0,0,0,0,0,0,0,0,0,0,0,0,0,1,0,0,0,0,0,0,0,0,0,0,3.023034974275593,0.0,0.0,0.0,0.0,0.0,3.1071533924469854,benign
apt-key,0,0,0,0,0,0,0,0,0,0,0,0,0,0,0,0,0,0,0,0,0,0,0,0,0,0,0,0,0,0,0,0,0,0,0,0,0,0,0,0,0,0,0,0,0,0,0,0,0,0,0,0,0,0,0,0,0,0.0,,,,,,,benign
apt-key,0,0,0,0,0,0,0,0,0,0,0,0,0,0,0,0,0,0,0,0,0,0,0,0,0,0,0,0,0,0,0,0,0,0,0,0,0,0,0,0,0,0,0,0,0,0,0,0,0,0,0,0,0,0,0,0,0,0.0,,,,,,,benign
"sed -e s#'#''""'#g """,0,0,0,0,0,0,0,0,0,0,0,0,0,0,0,0,0,0,0,0,0,0,0,0,0,0,0,0,0,0,0,0,0,0,0,0,0,0,0,0,0,0,0,0,0,0,1,0,0,0,0,0,0,0,0,0,0,1.8090776073913948,0.0,0.0,0.0,0.0,0.0,2.209627598587938,benign
apt-key,0,0,0,0,0,0,0,0,0,0,0,0,0,0,0,0,0,0,0,0,0,0,0,0,0,0,0,0,0,0,0,0,0,0,0,0,0,0,0,0,0,0,0,0,0,0,0,0,0,0,0,0,0,0,0,0,0,0.0,,,,,,,benign
apt-key,0,0,0,0,0,0,0,0,0,0,0,0,0,0,0,0,0,0,0,0,0,0,0,0,0,0,0,0,0,0,0,0,0,0,0,0,0,0,0,0,0,0,0,0,0,0,0,0,0,0,0,0,0,0,0,0,0,0.0,,,,,,,benign
"sed -e s#'#''""'#g """,0,0,0,0,0,0,0,0,0,0,0,0,0,0,0,0,0,0,0,0,0,0,0,0,0,0,0,0,0,0,0,0,0,0,0,0,0,0,0,0,0,0,0,0,0,0,1,0,0,0,0,0,0,0,0,0,0,1.8090776073913948,0.0,0.0,0.0,0.0,0.0,2.209627598587938,benign
apt-key,0,0,0,0,0,0,0,0,0,0,0,0,0,0,0,0,0,0,0,0,0,0,0,0,0,0,0,0,0,0,0,0,0,0,0,0,0,0,0,0,0,0,0,0,0,0,0,0,0,0,0,0,0,0,0,0,0,0.0,,,,,,,benign
apt-key,0,0,0,0,0,0,0,0,0,0,0,0,0,0,0,0,0,0,0,0,0,0,0,0,0,0,0,0,0,0,0,0,0,0,0,0,0,0,0,0,0,0,0,0,0,0,0,0,0,0,0,0,0,0,0,0,0,0.0,,,,,,,benign
"gpgv --assert-pubkey-algo=>=rsa1024,ed25519,ed448,nistp256,nistp384, --homedir /tmp/apt-key-gpghome.4ERehUl6Ww --keyring /usr/share/keyrings/ubuntu-archive-keyring.gpg --ignore-time-conflict --status-fd 3 /tmp/apt.sig.VSd7IF /tmp/apt.data.7o7hFA",0,0,0,0,0,0,0,0,0,0,0,0,0,0,0,0,0,0,0,0,0,0,0,0,0,0,0,0,0,0,0,0,0,0,0,0,0,0,0,0,0,0,0,0,0,0,1,0,0,0,0,0,0,0,0,0,0,1.9024274890101869,0.0,0.0,0.0,0.0,0.0,3.4042881850106284,benign
rm -rf /tmp/apt-key-gpghome.4ERehUl6Ww,0,0,0,0,0,0,0,0,0,0,0,0,2,0,0,0,0,0,0,0,0,0,0,0,0,0,0,0,0,0,0,0,0,0,0,0,0,0,0,0,0,0,0,0,0,0,1,0,0,0,0,0,0,0,0,0,0,1.8898828679074384,0.0,0.0,0.0,0.0,0.0,3.037186771889768,benign
"/usr/bin/apt-key --quiet --readonly --keyring /usr/share/keyrings/ubuntu-archive-keyring.gpg verify --status-fd 3 /tmp/apt.sig.pI5UzJ /tmp/apt.data.iyMxhU -> apt-key -> apt-config shell MASTER_KEYRING APT::Key::MasterKeyring -> /usr/bin/dpkg --print-foreign-architectures -> apt-config shell ARCHIVE_KEYRING APT::Key::ArchiveKeyring -> apt-config shell REMOVED_KEYS APT::Key::RemovedKeys -> apt-config shell ARCHIVE_KEYRING_URI APT::Key::ArchiveKeyringURI -> apt-config shell GPGV Apt::Key::gpgvcommand ASSERT_PUBKEY_ALGO Apt::Key::assert-pubkey-algo -> mktemp --directory --tmpdir apt-key-gpghome.XXXXXXXXXX -> chmod 700 /tmp/apt-key-gpghome.KvJSjSgMJe -> gpgv --assert-pubkey-algo=>=rsa1024,ed25519,ed448,nistp256,nistp384, --homedir /tmp/apt-key-gpghome.KvJSjSgMJe --keyring /usr/share/keyrings/ubuntu-archive-keyring.gpg --ignore-time-conflict --status-fd 3 /tmp/apt.sig.pI5UzJ /tmp/apt.data.iyMxhU -> rm -rf /tmp/apt-key-gpghome.KvJSjSgMJe",0,0,0,0,0,0,2,0,2,0,0,2,2,0,0,0,0,0,0,0,0,0,0,2,2,0,0,0,0,0,0,0,0,0,0,0,0,0,0,0,0,0,0,0,0,0,15,0,0,0,0,1,0,0,0,0,0,4.355592900094922,0.0,0.0,0.0,0.0,0.0,3.3860125478993783,benign
apt-key,0,0,0,0,0,0,0,0,0,0,0,0,0,0,0,0,0,0,0,0,0,0,0,0,0,0,0,0,0,0,0,0,0,0,0,0,0,0,0,0,0,0,0,0,0,0,0,0,0,0,0,0,0,0,0,0,0,0.0,,,,,,,benign
apt-config shell MASTER_KEYRING APT::Key::MasterKeyring -> /usr/bin/dpkg --print-foreign-architectures,0,0,0,0,0,0,0,0,0,0,0,0,0,0,0,0,0,0,0,0,0,0,0,0,0,0,0,0,0,0,0,0,0,0,0,0,0,0,0,0,0,0,0,0,0,0,2,0,0,0,0,0,0,0,0,0,0,2.3621914259952668,0.0,0.0,0.0,0.0,0.0,3.228372376129276,benign
/usr/bin/dpkg --print-foreign-architectures,0,0,0,0,0,0,0,0,0,0,0,0,0,0,0,0,0,0,0,0,0,0,0,0,0,0,0,0,0,0,0,0,0,0,0,0,0,0,0,0,0,0,0,0,0,0,1,0,0,0,0,0,0,0,0,0,0,1.868058222419032,0.0,0.0,0.0,0.0,0.0,2.9514195898955555,benign
apt-config shell ARCHIVE_KEYRING APT::Key::ArchiveKeyring -> /usr/bin/dpkg --print-foreign-architectures,0,0,0,0,0,0,0,0,0,0,0,0,0,0,0,0,0,0,0,0,0,0,0,0,0,0,0,0,0,0,0,0,0,0,0,0,0,0,0,0,0,0,0,0,0,0,2,0,0,0,0,0,0,0,0,0,0,2.363799501265868,0.0,0.0,0.0,0.0,0.0,3.2625366587893625,benign
/usr/bin/dpkg --print-foreign-architectures,0,0,0,0,0,0,0,0,0,0,0,0,0,0,0,0,0,0,0,0,0,0,0,0,0,0,0,0,0,0,0,0,0,0,0,0,0,0,0,0,0,0,0,0,0,0,1,0,0,0,0,0,0,0,0,0,0,1.868058222419032,0.0,0.0,0.0,0.0,0.0,2.9514195898955555,benign
apt-config shell REMOVED_KEYS APT::Key::RemovedKeys -> /usr/bin/dpkg --print-foreign-architectures,0,0,0,0,0,0,0,0,0,0,0,0,0,0,0,0,0,0,0,0,0,0,0,0,0,0,0,0,0,0,0,0,0,0,0,0,0,0,0,0,0,0,0,0,0,0,2,0,0,0,0,0,0,0,0,0,0,2.3617765258995345,0.0,0.0,0.0,0.0,0.0,3.219566549293704,benign
/usr/bin/dpkg --print-foreign-architectures,0,0,0,0,0,0,0,0,0,0,0,0,0,0,0,0,0,0,0,0,0,0,0,0,0,0,0,0,0,0,0,0,0,0,0,0,0,0,0,0,0,0,0,0,0,0,1,0,0,0,0,0,0,0,0,0,0,1.868058222419032,0.0,0.0,0.0,0.0,0.0,2.9514195898955555,benign
apt-config shell ARCHIVE_KEYRING_URI APT::Key::ArchiveKeyringURI -> /usr/bin/dpkg --print-foreign-architectures,0,0,0,0,0,0,0,0,0,0,0,0,0,0,0,0,0,0,0,0,0,0,0,0,0,0,0,0,0,0,0,0,0,0,0,0,0,0,0,0,0,0,0,0,0,0,2,0,0,0,0,0,0,0,0,0,0,2.36502700653444,0.0,0.0,0.0,0.0,0.0,3.288652559985165,benign
/usr/bin/dpkg --print-foreign-architectures,0,0,0,0,0,0,0,0,0,0,0,0,0,0,0,0,0,0,0,0,0,0,0,0,0,0,0,0,0,0,0,0,0,0,0,0,0,0,0,0,0,0,0,0,0,0,1,0,0,0,0,0,0,0,0,0,0,1.868058222419032,0.0,0.0,0.0,0.0,0.0,2.9514195898955555,benign
apt-key,0,0,0,0,0,0,0,0,0,0,0,0,0,0,0,0,0,0,0,0,0,0,0,0,0,0,0,0,0,0,0,0,0,0,0,0,0,0,0,0,0,0,0,0,0,0,0,0,0,0,0,0,0,0,0,0,0,0.0,,,,,,,benign
apt-config shell GPGV Apt::Key::gpgvcommand ASSERT_PUBKEY_ALGO Apt::Key::assert-pubkey-algo -> /usr/bin/dpkg --print-foreign-architectures,0,0,0,0,0,0,0,0,0,0,0,0,0,0,0,0,0,0,0,0,0,0,0,0,0,0,0,0,0,0,0,0,0,0,0,0,0,0,0,0,0,0,0,0,0,0,2,0,0,0,0,0,0,0,0,0,0,2.3667849377426244,0.0,0.0,0.0,0.0,0.0,3.326109460381478,benign
/usr/bin/dpkg --print-foreign-architectures,0,0,0,0,0,0,0,0,0,0,0,0,0,0,0,0,0,0,0,0,0,0,0,0,0,0,0,0,0,0,0,0,0,0,0,0,0,0,0,0,0,0,0,0,0,0,1,0,0,0,0,0,0,0,0,0,0,1.868058222419032,0.0,0.0,0.0,0.0,0.0,2.9514195898955555,benign
gpgv --assert-pubkey-algo,0,0,0,0,0,0,0,0,0,0,0,0,0,0,0,0,0,0,0,0,0,0,0,0,0,0,0,0,0,0,0,0,0,0,0,0,0,0,0,0,0,0,0,0,0,0,1,0,0,0,0,0,0,0,0,0,0,1.852240816467405,0.0,0.0,0.0,0.0,0.0,2.7481733799993955,benign
apt-key,0,0,0,0,0,0,0,0,0,0,0,0,0,0,0,0,0,0,0,0,0,0,0,0,0,0,0,0,0,0,0,0,0,0,0,0,0,0,0,0,0,0,0,0,0,0,0,0,0,0,0,0,0,0,0,0,0,0.0,,,,,,,benign
mktemp --directory --tmpdir apt-key-gpghome.XXXXXXXXXX,0,0,0,0,0,0,0,0,0,0,0,2,0,0,0,0,0,0,0,0,0,0,0,0,0,0,0,0,0,0,0,0,0,0,0,0,0,0,0,0,0,0,0,0,0,0,1,0,0,0,0,1,0,0,0,0,0,2.001260071631328,0.0,0.0,0.0,0.0,0.0,2.7567454149350623,benign
chmod 700 /tmp/apt-key-gpghome.KvJSjSgMJe,0,0,0,0,0,0,2,0,0,0,0,0,0,0,0,0,0,0,0,0,0,0,0,2,2,0,0,0,0,0,0,0,0,0,0,0,0,0,0,0,0,0,0,0,0,0,1,0,0,0,0,0,0,0,0,0,0,3.021861917056346,0.0,0.0,0.0,0.0,0.0,3.0589606213626483,benign
apt-key,0,0,0,0,0,0,0,0,0,0,0,0,0,0,0,0,0,0,0,0,0,0,0,0,0,0,0,0,0,0,0,0,0,0,0,0,0,0,0,0,0,0,0,0,0,0,0,0,0,0,0,0,0,0,0,0,0,0.0,,,,,,,benign
apt-key,0,0,0,0,0,0,0,0,0,0,0,0,0,0,0,0,0,0,0,0,0,0,0,0,0,0,0,0,0,0,0,0,0,0,0,0,0,0,0,0,0,0,0,0,0,0,0,0,0,0,0,0,0,0,0,0,0,0.0,,,,,,,benign
"sed -e s#'#''""'#g """,0,0,0,0,0,0,0,0,0,0,0,0,0,0,0,0,0,0,0,0,0,0,0,0,0,0,0,0,0,0,0,0,0,0,0,0,0,0,0,0,0,0,0,0,0,0,1,0,0,0,0,0,0,0,0,0,0,1.8090776073913948,0.0,0.0,0.0,0.0,0.0,2.209627598587938,benign
apt-key,0,0,0,0,0,0,0,0,0,0,0,0,0,0,0,0,0,0,0,0,0,0,0,0,0,0,0,0,0,0,0,0,0,0,0,0,0,0,0,0,0,0,0,0,0,0,0,0,0,0,0,0,0,0,0,0,0,0.0,,,,,,,benign
apt-key,0,0,0,0,0,0,0,0,0,0,0,0,0,0,0,0,0,0,0,0,0,0,0,0,0,0,0,0,0,0,0,0,0,0,0,0,0,0,0,0,0,0,0,0,0,0,0,0,0,0,0,0,0,0,0,0,0,0.0,,,,,,,benign
"sed -e s#'#''""'#g """,0,0,0,0,0,0,0,0,0,0,0,0,0,0,0,0,0,0,0,0,0,0,0,0,0,0,0,0,0,0,0,0,0,0,0,0,0,0,0,0,0,0,0,0,0,0,1,0,0,0,0,0,0,0,0,0,0,1.8090776073913948,0.0,0.0,0.0,0.0,0.0,2.209627598587938,benign
apt-key,0,0,0,0,0,0,0,0,0,0,0,0,0,0,0,0,0,0,0,0,0,0,0,0,0,0,0,0,0,0,0,0,0,0,0,0,0,0,0,0,0,0,0,0,0,0,0,0,0,0,0,0,0,0,0,0,0,0.0,,,,,,,benign
apt-key,0,0,0,0,0,0,0,0,0,0,0,0,0,0,0,0,0,0,0,0,0,0,0,0,0,0,0,0,0,0,0,0,0,0,0,0,0,0,0,0,0,0,0,0,0,0,0,0,0,0,0,0,0,0,0,0,0,0.0,,,,,,,benign
"gpgv --assert-pubkey-algo=>=rsa1024,ed25519,ed448,nistp256,nistp384, --homedir /tmp/apt-key-gpghome.KvJSjSgMJe --keyring /usr/share/keyrings/ubuntu-archive-keyring.gpg --ignore-time-conflict --status-fd 3 /tmp/apt.sig.pI5UzJ /tmp/apt.data.iyMxhU",0,0,0,0,0,0,0,0,0,0,0,0,0,0,0,0,0,0,0,0,0,0,0,0,0,0,0,0,0,0,0,0,0,0,0,0,0,0,0,0,0,0,0,0,0,0,1,0,0,0,0,0,0,0,0,0,0,1.9010631415078296,0.0,0.0,0.0,0.0,0.0,3.3860125478993783,benign
rm -rf /tmp/apt-key-gpghome.KvJSjSgMJe,0,0,0,0,0,0,0,0,0,0,0,0,2,0,0,0,0,0,0,0,0,0,0,0,0,0,0,0,0,0,0,0,0,0,0,0,0,0,0,0,0,0,0,0,0,0,1,0,0,0,0,0,0,0,0,0,0,1.8852069293488305,0.0,0.0,0.0,0.0,0.0,2.975434986147385,benign
"/usr/bin/apt-key --quiet --readonly --keyring /usr/share/keyrings/ubuntu-archive-keyring.gpg verify --status-fd 3 /tmp/apt.sig.LhE8io /tmp/apt.data.XYn23L -> apt-key -> apt-config shell MASTER_KEYRING APT::Key::MasterKeyring -> /usr/bin/dpkg --print-foreign-architectures -> apt-config shell ARCHIVE_KEYRING APT::Key::ArchiveKeyring -> apt-config shell REMOVED_KEYS APT::Key::RemovedKeys -> apt-config shell ARCHIVE_KEYRING_URI APT::Key::ArchiveKeyringURI -> apt-config shell GPGV Apt::Key::gpgvcommand ASSERT_PUBKEY_ALGO Apt::Key::assert-pubkey-algo -> mktemp --directory --tmpdir apt-key-gpghome.XXXXXXXXXX -> chmod 700 /tmp/apt-key-gpghome.WSmAigF9Fu -> gpgv --assert-pubkey-algo=>=rsa1024,ed25519,ed448,nistp256,nistp384, --homedir /tmp/apt-key-gpghome.WSmAigF9Fu --keyring /usr/share/keyrings/ubuntu-archive-keyring.gpg --ignore-time-conflict --status-fd 3 /tmp/apt.sig.LhE8io /tmp/apt.data.XYn23L -> rm -rf /tmp/apt-key-gpghome.WSmAigF9Fu",0,0,0,0,0,0,2,0,2,0,0,2,2,0,0,0,0,0,0,0,0,0,0,2,2,0,0,0,0,0,0,0,0,0,0,0,0,0,0,0,0,0,0,0,0,0,15,0,0,0,0,1,0,0,0,0,0,4.355520850542607,0.0,0.0,0.0,0.0,0.0,3.3747857579038345,benign
apt-key,0,0,0,0,0,0,0,0,0,0,0,0,0,0,0,0,0,0,0,0,0,0,0,0,0,0,0,0,0,0,0,0,0,0,0,0,0,0,0,0,0,0,0,0,0,0,0,0,0,0,0,0,0,0,0,0,0,0.0,,,,,,,benign
apt-config shell MASTER_KEYRING APT::Key::MasterKeyring -> /usr/bin/dpkg --print-foreign-architectures,0,0,0,0,0,0,0,0,0,0,0,0,0,0,0,0,0,0,0,0,0,0,0,0,0,0,0,0,0,0,0,0,0,0,0,0,0,0,0,0,0,0,0,0,0,0,2,0,0,0,0,0,0,0,0,0,0,2.3621914259952668,0.0,0.0,0.0,0.0,0.0,3.228372376129276,benign
/usr/bin/dpkg --print-foreign-architectures,0,0,0,0,0,0,0,0,0,0,0,0,0,0,0,0,0,0,0,0,0,0,0,0,0,0,0,0,0,0,0,0,0,0,0,0,0,0,0,0,0,0,0,0,0,0,1,0,0,0,0,0,0,0,0,0,0,1.868058222419032,0.0,0.0,0.0,0.0,0.0,2.9514195898955555,benign
apt-config shell ARCHIVE_KEYRING APT::Key::ArchiveKeyring -> /usr/bin/dpkg --print-foreign-architectures,0,0,0,0,0,0,0,0,0,0,0,0,0,0,0,0,0,0,0,0,0,0,0,0,0,0,0,0,0,0,0,0,0,0,0,0,0,0,0,0,0,0,0,0,0,0,2,0,0,0,0,0,0,0,0,0,0,2.363799501265868,0.0,0.0,0.0,0.0,0.0,3.2625366587893625,benign
/usr/bin/dpkg --print-foreign-architectures,0,0,0,0,0,0,0,0,0,0,0,0,0,0,0,0,0,0,0,0,0,0,0,0,0,0,0,0,0,0,0,0,0,0,0,0,0,0,0,0,0,0,0,0,0,0,1,0,0,0,0,0,0,0,0,0,0,1.868058222419032,0.0,0.0,0.0,0.0,0.0,2.9514195898955555,benign
apt-config shell REMOVED_KEYS APT::Key::RemovedKeys -> /usr/bin/dpkg --print-foreign-architectures,0,0,0,0,0,0,0,0,0,0,0,0,0,0,0,0,0,0,0,0,0,0,0,0,0,0,0,0,0,0,0,0,0,0,0,0,0,0,0,0,0,0,0,0,0,0,2,0,0,0,0,0,0,0,0,0,0,2.3617765258995345,0.0,0.0,0.0,0.0,0.0,3.219566549293704,benign
/usr/bin/dpkg --print-foreign-architectures,0,0,0,0,0,0,0,0,0,0,0,0,0,0,0,0,0,0,0,0,0,0,0,0,0,0,0,0,0,0,0,0,0,0,0,0,0,0,0,0,0,0,0,0,0,0,1,0,0,0,0,0,0,0,0,0,0,1.868058222419032,0.0,0.0,0.0,0.0,0.0,2.9514195898955555,benign
apt-config shell ARCHIVE_KEYRING_URI APT::Key::ArchiveKeyringURI -> /usr/bin/dpkg --print-foreign-architectures,0,0,0,0,0,0,0,0,0,0,0,0,0,0,0,0,0,0,0,0,0,0,0,0,0,0,0,0,0,0,0,0,0,0,0,0,0,0,0,0,0,0,0,0,0,0,2,0,0,0,0,0,0,0,0,0,0,2.36502700653444,0.0,0.0,0.0,0.0,0.0,3.288652559985165,benign
/usr/bin/dpkg --print-foreign-architectures,0,0,0,0,0,0,0,0,0,0,0,0,0,0,0,0,0,0,0,0,0,0,0,0,0,0,0,0,0,0,0,0,0,0,0,0,0,0,0,0,0,0,0,0,0,0,1,0,0,0,0,0,0,0,0,0,0,1.868058222419032,0.0,0.0,0.0,0.0,0.0,2.9514195898955555,benign
apt-key,0,0,0,0,0,0,0,0,0,0,0,0,0,0,0,0,0,0,0,0,0,0,0,0,0,0,0,0,0,0,0,0,0,0,0,0,0,0,0,0,0,0,0,0,0,0,0,0,0,0,0,0,0,0,0,0,0,0.0,,,,,,,benign
apt-config shell GPGV Apt::Key::gpgvcommand ASSERT_PUBKEY_ALGO Apt::Key::assert-pubkey-algo -> /usr/bin/dpkg --print-foreign-architectures,0,0,0,0,0,0,0,0,0,0,0,0,0,0,0,0,0,0,0,0,0,0,0,0,0,0,0,0,0,0,0,0,0,0,0,0,0,0,0,0,0,0,0,0,0,0,2,0,0,0,0,0,0,0,0,0,0,2.3667849377426244,0.0,0.0,0.0,0.0,0.0,3.326109460381478,benign
/usr/bin/dpkg --print-foreign-architectures,0,0,0,0,0,0,0,0,0,0,0,0,0,0,0,0,0,0,0,0,0,0,0,0,0,0,0,0,0,0,0,0,0,0,0,0,0,0,0,0,0,0,0,0,0,0,1,0,0,0,0,0,0,0,0,0,0,1.868058222419032,0.0,0.0,0.0,0.0,0.0,2.9514195898955555,benign
gpgv --assert-pubkey-algo,0,0,0,0,0,0,0,0,0,0,0,0,0,0,0,0,0,0,0,0,0,0,0,0,0,0,0,0,0,0,0,0,0,0,0,0,0,0,0,0,0,0,0,0,0,0,1,0,0,0,0,0,0,0,0,0,0,1.852240816467405,0.0,0.0,0.0,0.0,0.0,2.7481733799993955,benign
apt-key,0,0,0,0,0,0,0,0,0,0,0,0,0,0,0,0,0,0,0,0,0,0,0,0,0,0,0,0,0,0,0,0,0,0,0,0,0,0,0,0,0,0,0,0,0,0,0,0,0,0,0,0,0,0,0,0,0,0.0,,,,,,,benign
mktemp --directory --tmpdir apt-key-gpghome.XXXXXXXXXX,0,0,0,0,0,0,0,0,0,0,0,2,0,0,0,0,0,0,0,0,0,0,0,0,0,0,0,0,0,0,0,0,0,0,0,0,0,0,0,0,0,0,0,0,0,0,1,0,0,0,0,1,0,0,0,0,0,2.001260071631328,0.0,0.0,0.0,0.0,0.0,2.7567454149350623,benign
chmod 700 /tmp/apt-key-gpghome.WSmAigF9Fu,0,0,0,0,0,0,2,0,0,0,0,0,0,0,0,0,0,0,0,0,0,0,0,2,2,0,0,0,0,0,0,0,0,0,0,0,0,0,0,0,0,0,0,0,0,0,1,0,0,0,0,0,0,0,0,0,0,3.0223048418625464,0.0,0.0,0.0,0.0,0.0,3.077150681655744,benign
apt-key,0,0,0,0,0,0,0,0,0,0,0,0,0,0,0,0,0,0,0,0,0,0,0,0,0,0,0,0,0,0,0,0,0,0,0,0,0,0,0,0,0,0,0,0,0,0,0,0,0,0,0,0,0,0,0,0,0,0.0,,,,,,,benign
apt-key,0,0,0,0,0,0,0,0,0,0,0,0,0,0,0,0,0,0,0,0,0,0,0,0,0,0,0,0,0,0,0,0,0,0,0,0,0,0,0,0,0,0,0,0,0,0,0,0,0,0,0,0,0,0,0,0,0,0.0,,,,,,,benign
"sed -e s#'#''""'#g """,0,0,0,0,0,0,0,0,0,0,0,0,0,0,0,0,0,0,0,0,0,0,0,0,0,0,0,0,0,0,0,0,0,0,0,0,0,0,0,0,0,0,0,0,0,0,1,0,0,0,0,0,0,0,0,0,0,1.8090776073913948,0.0,0.0,0.0,0.0,0.0,2.209627598587938,benign
apt-key,0,0,0,0,0,0,0,0,0,0,0,0,0,0,0,0,0,0,0,0,0,0,0,0,0,0,0,0,0,0,0,0,0,0,0,0,0,0,0,0,0,0,0,0,0,0,0,0,0,0,0,0,0,0,0,0,0,0.0,,,,,,,benign
apt-key,0,0,0,0,0,0,0,0,0,0,0,0,0,0,0,0,0,0,0,0,0,0,0,0,0,0,0,0,0,0,0,0,0,0,0,0,0,0,0,0,0,0,0,0,0,0,0,0,0,0,0,0,0,0,0,0,0,0.0,,,,,,,benign
"sed -e s#'#''""'#g """,0,0,0,0,0,0,0,0,0,0,0,0,0,0,0,0,0,0,0,0,0,0,0,0,0,0,0,0,0,0,0,0,0,0,0,0,0,0,0,0,0,0,0,0,0,0,1,0,0,0,0,0,0,0,0,0,0,1.8090776073913948,0.0,0.0,0.0,0.0,0.0,2.209627598587938,benign
apt-key,0,0,0,0,0,0,0,0,0,0,0,0,0,0,0,0,0,0,0,0,0,0,0,0,0,0,0,0,0,0,0,0,0,0,0,0,0,0,0,0,0,0,0,0,0,0,0,0,0,0,0,0,0,0,0,0,0,0.0,,,,,,,benign
apt-key,0,0,0,0,0,0,0,0,0,0,0,0,0,0,0,0,0,0,0,0,0,0,0,0,0,0,0,0,0,0,0,0,0,0,0,0,0,0,0,0,0,0,0,0,0,0,0,0,0,0,0,0,0,0,0,0,0,0.0,,,,,,,benign
"gpgv --assert-pubkey-algo=>=rsa1024,ed25519,ed448,nistp256,nistp384, --homedir /tmp/apt-key-gpghome.WSmAigF9Fu --keyring /usr/share/keyrings/ubuntu-archive-keyring.gpg --ignore-time-conflict --status-fd 3 /tmp/apt.sig.LhE8io /tmp/apt.data.XYn23L",0,0,0,0,0,0,0,0,0,0,0,0,0,0,0,0,0,0,0,0,0,0,0,0,0,0,0,0,0,0,0,0,0,0,0,0,0,0,0,0,0,0,0,0,0,0,1,0,0,0,0,0,0,0,0,0,0,1.9002240939931856,0.0,0.0,0.0,0.0,0.0,3.3747857579038345,benign
rm -rf /tmp/apt-key-gpghome.WSmAigF9Fu,0,0,0,0,0,0,0,0,0,0,0,0,2,0,0,0,0,0,0,0,0,0,0,0,0,0,0,0,0,0,0,0,0,0,0,0,0,0,0,0,0,0,0,0,0,0,1,0,0,0,0,0,0,0,0,0,0,1.8866940068010072,0.0,0.0,0.0,0.0,0.0,2.9950424537360467,benign
"/usr/bin/apt-key --quiet --readonly --keyring /usr/share/keyrings/ubuntu-archive-keyring.gpg verify --status-fd 3 /tmp/apt.sig.gY2lf2 /tmp/apt.data.3jgqDx -> apt-key -> apt-config shell MASTER_KEYRING APT::Key::MasterKeyring -> /usr/bin/dpkg --print-foreign-architectures -> apt-config shell ARCHIVE_KEYRING APT::Key::ArchiveKeyring -> apt-config shell REMOVED_KEYS APT::Key::RemovedKeys -> apt-config shell ARCHIVE_KEYRING_URI APT::Key::ArchiveKeyringURI -> apt-config shell GPGV Apt::Key::gpgvcommand ASSERT_PUBKEY_ALGO Apt::Key::assert-pubkey-algo -> mktemp --directory --tmpdir apt-key-gpghome.XXXXXXXXXX -> chmod 700 /tmp/apt-key-gpghome.JkIGP80l8I -> gpgv --assert-pubkey-algo=>=rsa1024,ed25519,ed448,nistp256,nistp384, --homedir /tmp/apt-key-gpghome.JkIGP80l8I --keyring /usr/share/keyrings/ubuntu-archive-keyring.gpg --ignore-time-conflict --status-fd 3 /tmp/apt.sig.gY2lf2 /tmp/apt.data.3jgqDx -> rm -rf /tmp/apt-key-gpghome.JkIGP80l8I",0,0,0,0,0,0,2,0,2,0,0,2,2,0,0,0,0,0,0,0,0,0,0,2,2,0,0,0,0,0,0,0,0,0,0,0,0,0,0,0,0,0,0,0,0,0,15,0,0,0,0,1,0,0,0,0,0,4.355621067125582,0.0,0.0,0.0,0.0,0.0,3.390401765787715,benign
apt-key,0,0,0,0,0,0,0,0,0,0,0,0,0,0,0,0,0,0,0,0,0,0,0,0,0,0,0,0,0,0,0,0,0,0,0,0,0,0,0,0,0,0,0,0,0,0,0,0,0,0,0,0,0,0,0,0,0,0.0,,,,,,,benign
apt-config shell MASTER_KEYRING APT::Key::MasterKeyring -> /usr/bin/dpkg --print-foreign-architectures,0,0,0,0,0,0,0,0,0,0,0,0,0,0,0,0,0,0,0,0,0,0,0,0,0,0,0,0,0,0,0,0,0,0,0,0,0,0,0,0,0,0,0,0,0,0,2,0,0,0,0,0,0,0,0,0,0,2.3621914259952668,0.0,0.0,0.0,0.0,0.0,3.228372376129276,benign
/usr/bin/dpkg --print-foreign-architectures,0,0,0,0,0,0,0,0,0,0,0,0,0,0,0,0,0,0,0,0,0,0,0,0,0,0,0,0,0,0,0,0,0,0,0,0,0,0,0,0,0,0,0,0,0,0,1,0,0,0,0,0,0,0,0,0,0,1.868058222419032,0.0,0.0,0.0,0.0,0.0,2.9514195898955555,benign
apt-config shell ARCHIVE_KEYRING APT::Key::ArchiveKeyring -> /usr/bin/dpkg --print-foreign-architectures,0,0,0,0,0,0,0,0,0,0,0,0,0,0,0,0,0,0,0,0,0,0,0,0,0,0,0,0,0,0,0,0,0,0,0,0,0,0,0,0,0,0,0,0,0,0,2,0,0,0,0,0,0,0,0,0,0,2.363799501265868,0.0,0.0,0.0,0.0,0.0,3.2625366587893625,benign
/usr/bin/dpkg --print-foreign-architectures,0,0,0,0,0,0,0,0,0,0,0,0,0,0,0,0,0,0,0,0,0,0,0,0,0,0,0,0,0,0,0,0,0,0,0,0,0,0,0,0,0,0,0,0,0,0,1,0,0,0,0,0,0,0,0,0,0,1.868058222419032,0.0,0.0,0.0,0.0,0.0,2.9514195898955555,benign
apt-config shell REMOVED_KEYS APT::Key::RemovedKeys -> /usr/bin/dpkg --print-foreign-architectures,0,0,0,0,0,0,0,0,0,0,0,0,0,0,0,0,0,0,0,0,0,0,0,0,0,0,0,0,0,0,0,0,0,0,0,0,0,0,0,0,0,0,0,0,0,0,2,0,0,0,0,0,0,0,0,0,0,2.3617765258995345,0.0,0.0,0.0,0.0,0.0,3.219566549293704,benign
/usr/bin/dpkg --print-foreign-architectures,0,0,0,0,0,0,0,0,0,0,0,0,0,0,0,0,0,0,0,0,0,0,0,0,0,0,0,0,0,0,0,0,0,0,0,0,0,0,0,0,0,0,0,0,0,0,1,0,0,0,0,0,0,0,0,0,0,1.868058222419032,0.0,0.0,0.0,0.0,0.0,2.9514195898955555,benign
apt-config shell ARCHIVE_KEYRING_URI APT::Key::ArchiveKeyringURI -> /usr/bin/dpkg --print-foreign-architectures,0,0,0,0,0,0,0,0,0,0,0,0,0,0,0,0,0,0,0,0,0,0,0,0,0,0,0,0,0,0,0,0,0,0,0,0,0,0,0,0,0,0,0,0,0,0,2,0,0,0,0,0,0,0,0,0,0,2.36502700653444,0.0,0.0,0.0,0.0,0.0,3.288652559985165,benign
/usr/bin/dpkg --print-foreign-architectures,0,0,0,0,0,0,0,0,0,0,0,0,0,0,0,0,0,0,0,0,0,0,0,0,0,0,0,0,0,0,0,0,0,0,0,0,0,0,0,0,0,0,0,0,0,0,1,0,0,0,0,0,0,0,0,0,0,1.868058222419032,0.0,0.0,0.0,0.0,0.0,2.9514195898955555,benign
apt-key,0,0,0,0,0,0,0,0,0,0,0,0,0,0,0,0,0,0,0,0,0,0,0,0,0,0,0,0,0,0,0,0,0,0,0,0,0,0,0,0,0,0,0,0,0,0,0,0,0,0,0,0,0,0,0,0,0,0.0,,,,,,,benign
apt-config shell GPGV Apt::Key::gpgvcommand ASSERT_PUBKEY_ALGO Apt::Key::assert-pubkey-algo -> /usr/bin/dpkg --print-foreign-architectures,0,0,0,0,0,0,0,0,0,0,0,0,0,0,0,0,0,0,0,0,0,0,0,0,0,0,0,0,0,0,0,0,0,0,0,0,0,0,0,0,0,0,0,0,0,0,2,0,0,0,0,0,0,0,0,0,0,2.3667849377426244,0.0,0.0,0.0,0.0,0.0,3.326109460381478,benign
/usr/bin/dpkg --print-foreign-architectures,0,0,0,0,0,0,0,0,0,0,0,0,0,0,0,0,0,0,0,0,0,0,0,0,0,0,0,0,0,0,0,0,0,0,0,0,0,0,0,0,0,0,0,0,0,0,1,0,0,0,0,0,0,0,0,0,0,1.868058222419032,0.0,0.0,0.0,0.0,0.0,2.9514195898955555,benign
gpgv --assert-pubkey-algo,0,0,0,0,0,0,0,0,0,0,0,0,0,0,0,0,0,0,0,0,0,0,0,0,0,0,0,0,0,0,0,0,0,0,0,0,0,0,0,0,0,0,0,0,0,0,1,0,0,0,0,0,0,0,0,0,0,1.852240816467405,0.0,0.0,0.0,0.0,0.0,2.7481733799993955,benign
apt-key,0,0,0,0,0,0,0,0,0,0,0,0,0,0,0,0,0,0,0,0,0,0,0,0,0,0,0,0,0,0,0,0,0,0,0,0,0,0,0,0,0,0,0,0,0,0,0,0,0,0,0,0,0,0,0,0,0,0.0,,,,,,,benign
mktemp --directory --tmpdir apt-key-gpghome.XXXXXXXXXX,0,0,0,0,0,0,0,0,0,0,0,2,0,0,0,0,0,0,0,0,0,0,0,0,0,0,0,0,0,0,0,0,0,0,0,0,0,0,0,0,0,0,0,0,0,0,1,0,0,0,0,1,0,0,0,0,0,2.001260071631328,0.0,0.0,0.0,0.0,0.0,2.7567454149350623,benign
chmod 700 /tmp/apt-key-gpghome.JkIGP80l8I,0,0,0,0,0,0,2,0,0,0,0,0,0,0,0,0,0,0,0,0,0,0,0,2,2,0,0,0,0,0,0,0,0,0,0,0,0,0,0,0,0,0,0,0,0,0,1,0,0,0,0,0,0,0,0,0,0,3.0220834039822444,0.0,0.0,0.0,0.0,0.0,3.068055651509196,benign
apt-key,0,0,0,0,0,0,0,0,0,0,0,0,0,0,0,0,0,0,0,0,0,0,0,0,0,0,0,0,0,0,0,0,0,0,0,0,0,0,0,0,0,0,0,0,0,0,0,0,0,0,0,0,0,0,0,0,0,0.0,,,,,,,benign
apt-key,0,0,0,0,0,0,0,0,0,0,0,0,0,0,0,0,0,0,0,0,0,0,0,0,0,0,0,0,0,0,0,0,0,0,0,0,0,0,0,0,0,0,0,0,0,0,0,0,0,0,0,0,0,0,0,0,0,0.0,,,,,,,benign
"sed -e s#'#''""'#g """,0,0,0,0,0,0,0,0,0,0,0,0,0,0,0,0,0,0,0,0,0,0,0,0,0,0,0,0,0,0,0,0,0,0,0,0,0,0,0,0,0,0,0,0,0,0,1,0,0,0,0,0,0,0,0,0,0,1.8090776073913948,0.0,0.0,0.0,0.0,0.0,2.209627598587938,benign
apt-key,0,0,0,0,0,0,0,0,0,0,0,0,0,0,0,0,0,0,0,0,0,0,0,0,0,0,0,0,0,0,0,0,0,0,0,0,0,0,0,0,0,0,0,0,0,0,0,0,0,0,0,0,0,0,0,0,0,0.0,,,,,,,benign
apt-key,0,0,0,0,0,0,0,0,0,0,0,0,0,0,0,0,0,0,0,0,0,0,0,0,0,0,0,0,0,0,0,0,0,0,0,0,0,0,0,0,0,0,0,0,0,0,0,0,0,0,0,0,0,0,0,0,0,0.0,,,,,,,benign
"sed -e s#'#''""'#g """,0,0,0,0,0,0,0,0,0,0,0,0,0,0,0,0,0,0,0,0,0,0,0,0,0,0,0,0,0,0,0,0,0,0,0,0,0,0,0,0,0,0,0,0,0,0,1,0,0,0,0,0,0,0,0,0,0,1.8090776073913948,0.0,0.0,0.0,0.0,0.0,2.209627598587938,benign
apt-key,0,0,0,0,0,0,0,0,0,0,0,0,0,0,0,0,0,0,0,0,0,0,0,0,0,0,0,0,0,0,0,0,0,0,0,0,0,0,0,0,0,0,0,0,0,0,0,0,0,0,0,0,0,0,0,0,0,0.0,,,,,,,benign
apt-key,0,0,0,0,0,0,0,0,0,0,0,0,0,0,0,0,0,0,0,0,0,0,0,0,0,0,0,0,0,0,0,0,0,0,0,0,0,0,0,0,0,0,0,0,0,0,0,0,0,0,0,0,0,0,0,0,0,0.0,,,,,,,benign
"gpgv --assert-pubkey-algo=>=rsa1024,ed25519,ed448,nistp256,nistp384, --homedir /tmp/apt-key-gpghome.JkIGP80l8I --keyring /usr/share/keyrings/ubuntu-archive-keyring.gpg --ignore-time-conflict --status-fd 3 /tmp/apt.sig.gY2lf2 /tmp/apt.data.3jgqDx",0,0,0,0,0,0,0,0,0,0,0,0,0,0,0,0,0,0,0,0,0,0,0,0,0,0,0,0,0,0,0,0,0,0,0,0,0,0,0,0,0,0,0,0,0,0,1,0,0,0,0,0,0,0,0,0,0,1.9013909836061949,0.0,0.0,0.0,0.0,0.0,3.390401765787715,benign
rm -rf /tmp/apt-key-gpghome.JkIGP80l8I,0,0,0,0,0,0,0,0,0,0,0,0,2,0,0,0,0,0,0,0,0,0,0,0,0,0,0,0,0,0,0,0,0,0,0,0,0,0,0,0,0,0,0,0,0,0,1,0,0,0,0,0,0,0,0,0,0,1.888660540447085,0.0,0.0,0.0,0.0,0.0,3.0210164797100725,benign
apt -> rm -f /var/cache/apt/archives/*.deb /var/cache/apt/archives/partial/*.deb /var/cache/apt/*.bin,0,0,0,0,0,0,0,0,0,0,0,0,0,0,0,0,0,0,0,0,0,0,0,0,0,0,0,0,0,0,0,0,0,0,0,0,0,0,0,0,0,0,0,0,0,0,1,0,0,0,0,0,0,0,0,0,0,1.859707154844908,0.0,0.0,0.0,0.0,0.0,2.8437117733109467,benign
rm -f /var/cache/apt/archives/*.deb /var/cache/apt/archives/partial/*.deb /var/cache/apt/*.bin,0,0,0,0,0,0,0,0,0,0,0,0,0,0,0,0,0,0,0,0,0,0,0,0,0,0,0,0,0,0,0,0,0,0,0,0,0,0,0,0,0,0,0,0,0,0,1,0,0,0,0,0,0,0,0,0,0,1.859707154844908,0.0,0.0,0.0,0.0,0.0,2.8437117733109467,benign
apt,0,0,0,0,0,0,0,0,0,0,0,0,0,0,0,0,0,0,0,0,0,0,0,0,0,0,0,0,0,0,0,0,0,0,0,0,0,0,0,0,0,0,0,0,0,0,0,0,0,0,0,0,0,0,0,0,0,0.0,,,,,,,benign
/usr/bin/dpkg --print-foreign-architectures,0,0,0,0,0,0,0,0,0,0,0,0,0,0,0,0,0,0,0,0,0,0,0,0,0,0,0,0,0,0,0,0,0,0,0,0,0,0,0,0,0,0,0,0,0,0,1,0,0,0,0,0,0,0,0,0,0,1.868058222419032,0.0,0.0,0.0,0.0,0.0,2.9514195898955555,benign
/usr/bin/dpkg --print-foreign-architectures,0,0,0,0,0,0,0,0,0,0,0,0,0,0,0,0,0,0,0,0,0,0,0,0,0,0,0,0,0,0,0,0,0,0,0,0,0,0,0,0,0,0,0,0,0,0,1,0,0,0,0,0,0,0,0,0,0,1.868058222419032,0.0,0.0,0.0,0.0,0.0,2.9514195898955555,benign
sudo,0,0,0,0,0,0,0,0,0,0,0,0,0,0,0,0,0,0,0,0,0,0,0,0,0,0,0,0,0,0,0,0,0,0,0,0,0,0,0,0,0,0,0,0,0,0,0,0,0,0,0,0,0,0,0,0,0,0.0,,,,,,,benign
/bin/bash -c dpkg --get-selections,0,0,0,2,0,2,0,0,0,0,0,0,0,0,0,0,0,0,0,0,0,0,0,0,0,0,0,0,0,0,0,0,0,0,0,0,0,0,0,0,0,0,0,0,0,2,2,0,0,0,0,0,0,0,0,0,0,3.231712928778216,0.0,0.0,0.0,0.0,0.0,2.64599266182679,benign
/bin/bash -c wc -l large_file.txt,0,0,0,2,0,2,0,0,0,0,0,0,0,0,0,0,0,0,0,0,0,0,0,0,0,0,0,0,0,0,0,0,0,0,0,0,0,0,0,0,0,0,0,0,0,2,2,0,0,0,0,0,0,0,0,0,0,3.230931072226138,0.0,0.0,0.0,0.0,0.0,2.6064102365333333,benign
/bin/bash -c ps aux --sort=-%mem | head -n 5 -> head -n 5 -> ps,2,0,0,4,0,4,0,0,0,0,0,0,0,0,0,0,0,0,0,0,0,0,0,0,0,0,0,0,0,0,0,0,0,0,0,0,0,0,0,0,0,0,0,0,0,2,2,0,0,0,0,0,0,0,0,0,0,3.3798476963599864,0.0,0.0,0.0,0.0,0.0,2.692596357139282,benign
head -n 5,0,0,0,0,0,0,0,0,0,0,0,0,0,0,0,0,0,0,0,0,0,0,0,0,0,0,0,0,0,0,0,0,0,0,0,0,0,0,0,0,0,0,0,0,0,0,1,0,0,0,0,0,0,0,0,0,0,1.7904036063681998,0.0,0.0,0.0,0.0,0.0,1.983740670882856,benign
ps,2,0,0,2,0,2,0,0,0,0,0,0,0,0,0,0,0,0,0,0,0,0,0,0,0,0,0,0,0,0,0,0,0,0,0,0,0,0,0,0,0,0,0,0,0,2,0,0,0,0,0,0,0,0,0,0,0,2.773837941640213,,,,,,,benign
/bin/bash -c sudo chown user1 file.txt -> sudo,1,0,0,2,0,2,1,0,0,0,0,0,0,0,0,0,0,0,0,0,0,0,0,0,0,0,0,0,0,0,0,0,1,0,1,0,0,0,1,0,0,0,0,0,0,2,2,0,0,0,0,0,0,0,0,1,0,3.660145118496876,0.0,0.0,0.0,0.0,0.0,2.7139655604283663,benign
chown user1 file.txt,0,0,0,2,0,2,0,0,0,0,0,0,0,0,0,0,0,0,0,0,0,0,0,0,0,0,0,0,0,0,0,0,0,0,0,0,0,0,0,0,0,0,0,0,0,2,1,0,0,0,0,0,0,0,0,0,0,3.0615757967692523,0.0,0.0,0.0,0.0,0.0,2.72238310243976,benign
sudo,0,0,0,0,0,0,0,0,0,0,0,0,0,0,0,0,0,0,0,0,0,0,0,0,0,0,0,0,0,0,0,0,0,0,0,0,0,0,0,0,0,0,0,0,0,0,0,0,0,0,0,0,0,0,0,0,0,0.0,,,,,,,benign
/bin/bash -c mv ~/Documents/old_folder ~/Downloads/,0,0,0,2,0,2,0,0,0,0,0,0,0,0,0,0,0,0,0,0,0,0,0,0,0,0,0,0,0,0,0,0,0,0,0,0,0,0,0,0,0,0,0,0,0,2,2,0,0,0,0,0,0,0,0,0,0,3.2346565308892554,0.0,0.0,0.0,0.0,0.0,2.7952939467251623,benign
/bin/bash -c mv ~/Documents/report.pdf ~/Desktop/,0,0,0,2,0,2,0,0,0,0,0,0,0,0,0,0,0,0,0,0,0,0,0,0,0,0,0,0,0,0,0,0,0,0,0,0,0,0,0,0,0,0,0,0,0,2,2,0,0,0,0,0,0,0,0,0,0,3.233818440307301,0.0,0.0,0.0,0.0,0.0,2.7527407234793992,benign
/bin/bash -c mkdir ~/backups,0,0,0,2,0,2,0,0,0,0,0,0,0,0,0,0,0,0,0,0,0,0,0,0,0,0,0,0,0,0,0,0,0,0,0,0,0,0,0,0,0,0,0,0,0,2,2,0,0,0,0,0,0,0,0,0,0,3.2330780938398105,0.0,0.0,0.0,0.0,0.0,2.7151800168531723,benign
ps,1,0,0,0,0,0,0,0,0,0,0,0,0,0,0,0,0,0,0,0,0,0,0,0,0,0,0,0,0,0,0,0,0,0,0,0,0,0,0,0,0,0,0,0,0,0,0,0,0,0,0,0,0,0,0,0,0,0.009950330853168,,,,,,,benign
/bin/bash -c find ~/Documents -name '*.txt',0,0,0,2,0,2,0,0,0,0,0,0,0,0,0,0,0,0,0,0,0,0,0,0,0,0,0,0,0,0,0,0,0,0,0,0,0,0,0,0,0,0,0,0,0,2,2,0,0,0,0,0,0,0,0,0,0,3.2346967295210765,0.0,0.0,0.0,0.0,0.0,2.797335889086144,benign
/bin/bash -c cp ~/Downloads/data.csv ./,0,0,0,2,0,2,0,0,0,0,0,0,0,0,0,0,0,0,0,0,0,0,0,0,0,0,0,0,0,0,0,0,0,0,0,0,0,0,0,0,0,0,0,0,0,2,2,0,0,0,0,0,0,0,0,0,0,3.2327318715494786,0.0,0.0,0.0,0.0,0.0,2.697624330333502,benign
/bin/bash -c rm ~/Desktop/old_version.tar,0,0,0,2,0,2,0,0,0,0,0,0,0,0,0,0,0,0,0,0,0,0,0,0,0,0,0,0,0,0,0,0,0,0,0,0,0,0,0,0,0,0,0,0,0,2,2,0,0,0,0,0,0,0,0,0,0,3.23576645041657,0.0,0.0,0.0,0.0,0.0,2.8517039348549886,benign
/bin/bash -c date '+%Y-%m-%d %H:%M:%S',0,0,0,2,0,2,0,0,0,0,0,0,0,0,0,0,0,0,0,0,0,0,0,0,0,0,0,0,0,0,0,0,0,0,0,0,0,0,0,0,0,0,0,0,0,2,2,0,0,0,0,0,0,0,0,0,0,3.2287606251786096,0.0,0.0,0.0,0.0,0.0,2.496690816018162,benign
/bin/bash -c ls -l,0,0,0,2,0,2,0,0,0,0,0,0,0,0,0,0,0,0,0,0,0,0,0,0,0,0,0,0,0,0,0,0,0,0,0,0,0,0,0,0,0,0,0,0,0,2,2,0,0,0,0,0,0,0,0,0,0,3.208645974924326,0.0,0.0,0.0,0.0,0.0,1.4911148500551858,benign
/bin/bash -c du -sh ~/,0,0,0,2,0,2,0,0,0,0,0,0,0,0,0,0,0,0,0,0,0,0,0,0,0,0,0,0,0,0,0,0,0,0,0,0,0,0,0,0,0,0,0,0,0,2,2,0,0,0,0,0,0,0,0,0,0,3.2235920655734382,0.0,0.0,0.0,0.0,0.0,2.23636898364495,benign
/bin/bash -c nproc,0,0,0,2,0,2,0,0,0,0,0,0,0,0,0,0,0,0,0,0,0,0,0,0,0,0,0,0,0,0,0,0,0,0,0,0,0,0,0,0,0,0,0,0,0,2,2,0,0,0,0,0,0,0,0,0,0,3.2198643775447437,0.0,0.0,0.0,0.0,0.0,2.049452072789394,benign
/bin/bash -c who,0,0,0,2,0,2,0,0,0,0,0,0,0,0,0,0,0,0,0,0,0,0,0,0,0,0,0,0,0,0,0,0,0,0,0,0,0,0,0,0,0,0,0,0,0,2,2,0,0,0,0,0,0,0,0,0,0,3.2121431668887324,0.0,0.0,0.0,0.0,0.0,1.6644977792004616,benign
/bin/bash -c grep 'success' /var/log/syslog,0,0,0,2,0,2,0,0,0,0,0,0,0,0,0,0,0,0,0,0,0,0,0,0,0,0,0,0,0,0,0,0,0,0,0,0,0,0,0,0,0,0,0,0,0,2,2,0,0,0,0,0,0,0,0,0,0,3.2306571099781727,0.0,0.0,0.0,0.0,0.0,2.59254788959006,benign
/bin/bash -c tar -czvf project.tar.gz ~/project -> /bin/sh -c gzip -> gzip,0,0,0,2,0,2,1,0,0,0,0,0,0,0,0,0,0,0,0,0,0,0,1,0,0,0,0,0,0,0,0,0,1,0,1,0,0,0,0,0,0,0,0,0,0,2,4,0,0,0,0,0,0,0,0,0,0,3.918765298175923,0.0,0.0,0.0,0.0,0.0,2.6765073172176934,benign
/bin/sh -c gzip -> gzip,0,0,0,0,0,0,1,0,0,0,0,0,0,0,0,0,0,0,0,0,0,0,1,0,0,0,0,0,0,0,0,0,1,0,1,0,0,0,0,0,0,0,0,0,0,0,2,0,0,0,0,0,0,0,0,0,0,3.3032889794831823,0.0,0.0,0.0,0.0,0.0,2.403917277291339,benign
gzip,0,0,0,0,0,0,0,0,0,0,0,0,0,0,0,0,0,0,0,0,0,0,0,0,0,0,0,0,0,0,0,0,0,0,0,0,0,0,0,0,0,0,0,0,0,0,1,0,0,0,0,0,0,0,0,0,0,1.7817061829263552,0.0,0.0,0.0,0.0,0.0,1.879964948727111,benign
ps,1,0,0,0,0,0,0,0,0,0,0,0,0,0,0,0,0,0,0,0,0,0,0,0,0,0,0,0,0,0,0,0,0,0,0,0,0,0,0,0,0,0,0,0,0,0,0,0,0,0,0,0,0,0,0,0,0,0.009950330853168,,,,,,,benign
/bin/bash -c tar -xzvf project.tar.gz -> gzip -d,0,0,0,2,0,2,0,0,0,0,0,0,0,0,0,0,0,0,0,0,0,0,0,0,0,0,0,0,0,0,0,0,0,0,0,0,0,0,0,0,0,0,0,0,0,2,6,0,0,0,0,0,0,0,0,0,0,3.7218081032445394,0.0,0.0,0.0,0.0,0.0,2.6781437714062166,benign
gzip -d,0,0,0,0,0,0,0,0,0,0,0,0,0,0,0,0,0,0,0,0,0,0,0,0,0,0,0,0,0,0,0,0,0,0,0,0,0,0,0,0,0,0,0,0,0,0,4,0,0,0,0,0,0,0,0,0,0,2.8905088483528143,0.0,0.0,0.0,0.0,0.0,2.0049355947431318,benign
/bin/bash -c uptime,1,0,0,2,0,2,0,0,0,0,0,0,0,0,0,0,0,0,0,0,0,0,0,0,0,0,0,0,0,0,0,0,0,0,0,0,0,0,0,0,0,0,0,0,0,2,2,0,0,0,0,0,0,0,0,0,0,3.223042872011099,0.0,0.0,0.0,0.0,0.0,2.1887870678023824,benign
/bin/bash -c uname -r,0,0,0,2,0,2,0,0,0,0,0,0,0,0,0,0,0,0,0,0,0,0,0,0,0,0,0,0,0,0,0,0,0,0,0,0,0,0,0,0,0,0,0,0,0,2,2,0,0,0,0,0,0,0,0,0,0,3.2215400225660225,0.0,0.0,0.0,0.0,0.0,2.133387491316597,benign
/bin/bash -c mv ~/Desktop/x ~/Downloads/,0,0,0,2,0,2,0,0,0,0,0,0,0,0,0,0,0,0,0,0,0,0,0,0,0,0,0,0,0,0,0,0,0,0,0,0,0,0,0,0,0,0,0,0,0,2,2,0,0,0,0,0,0,0,0,0,0,3.232666117927617,0.0,0.0,0.0,0.0,0.0,2.694290887508205,benign
/bin/bash -c mkdir ~/Documents/projects,0,0,0,2,0,2,0,0,0,0,0,0,0,0,0,0,0,0,0,0,0,0,0,0,0,0,0,0,0,0,0,0,0,0,0,0,0,0,0,0,0,0,0,0,0,2,2,0,0,0,0,0,0,0,0,0,0,3.234978370386676,0.0,0.0,0.0,0.0,0.0,2.811644509587634,benign
/bin/bash -c firefox &,0,0,0,2,0,2,0,0,0,0,0,0,0,0,0,0,0,0,0,0,0,0,0,0,0,0,0,0,0,0,0,0,0,0,0,0,0,0,0,0,0,0,0,0,0,2,1,0,0,0,0,0,0,0,0,0,0,3.058666360704167,0.0,0.0,0.0,0.0,0.0,2.5982657036259327,benign
bash,0,0,0,0,0,0,0,0,0,0,0,0,0,0,0,0,0,0,0,0,0,0,0,0,0,0,0,0,0,0,0,0,0,0,0,0,0,0,0,0,0,0,0,0,0,0,0,0,0,0,0,0,0,0,0,0,0,0.0,,,,,,,benign
/bin/bash -c find ~/Pictures -name '*.png',0,0,0,2,0,2,0,0,0,0,0,0,0,0,0,0,0,0,0,0,0,0,0,0,0,0,0,0,0,0,0,0,0,0,0,0,0,0,0,0,0,0,0,0,0,2,2,0,0,0,0,0,0,0,0,0,0,3.2359635476370268,0.0,0.0,0.0,0.0,0.0,2.861727652146944,benign
/bin/bash -c cp ~/Downloads/notes.txt ~/Documents/,0,0,0,2,0,2,0,0,0,0,0,0,0,0,0,0,0,0,0,0,0,0,0,0,0,0,0,0,0,0,0,0,0,0,0,0,0,0,0,0,0,0,0,0,0,2,2,0,0,0,0,0,0,0,0,0,0,3.2340571000396543,0.0,0.0,0.0,0.0,0.0,2.7648548045108248,benign
/bin/bash -c rm ~/Desktop/old_backup.zip,0,0,0,2,0,2,0,0,0,0,0,0,0,0,0,0,0,0,0,0,0,0,0,0,0,0,0,0,0,0,0,0,0,0,0,0,0,0,0,0,0,0,0,0,0,2,2,0,0,0,0,0,0,0,0,0,0,3.2379292933819928,0.0,0.0,0.0,0.0,0.0,2.9618072101164894,benign
/bin/bash -c pwd,0,0,0,2,0,2,0,0,0,0,0,0,0,0,0,0,0,0,0,0,0,0,0,0,0,0,0,0,0,0,0,0,0,0,0,0,0,0,0,0,0,0,0,0,0,2,1,0,0,0,0,0,0,0,0,0,0,3.055825119909083,0.0,0.0,0.0,0.0,0.0,2.4774055510121467,benign
/bin/bash -c ls -a ~,0,0,0,2,0,2,0,0,0,0,0,0,0,0,0,0,0,0,0,0,0,0,0,0,0,0,0,0,0,0,0,0,0,0,0,0,0,0,0,0,0,0,0,0,0,2,2,0,0,0,0,0,0,0,0,0,0,3.221254694053457,0.0,0.0,0.0,0.0,0.0,2.1190850469784714,benign
/bin/bash -c mkdir ~/Documents/archive,0,0,0,2,0,2,0,0,0,0,0,0,0,0,0,0,0,0,0,0,0,0,0,0,0,0,0,0,0,0,0,0,0,0,0,0,0,0,0,0,0,0,0,0,0,2,2,0,0,0,0,0,0,0,0,0,0,3.236093256255948,0.0,0.0,0.0,0.0,0.0,2.86832528447229,benign
/bin/bash -c ls ~/Downloads,0,0,0,2,0,2,0,0,0,0,0,0,0,0,0,0,0,0,0,0,0,0,0,0,0,0,0,0,0,0,0,0,0,0,0,0,0,0,0,0,0,0,0,0,0,2,2,0,0,0,0,0,0,0,0,0,0,3.2287251137586392,0.0,0.0,0.0,0.0,0.0,2.4948976386628083,benign
/bin/bash -c find / -name '*backup*',0,0,0,2,0,2,0,0,0,0,0,0,0,0,0,0,0,0,0,0,0,0,0,0,0,0,0,0,0,0,0,0,0,0,0,0,0,0,0,0,0,0,0,0,0,2,2,0,0,0,0,0,0,0,0,0,0,3.2305437586396937,0.0,0.0,0.0,0.0,0.0,2.586813481577258,benign
/bin/bash -c du -sh ~/Downloads,0,0,0,2,0,2,0,0,0,0,0,0,0,0,0,0,0,0,0,0,0,0,0,0,0,0,0,0,0,0,0,0,0,0,0,0,0,0,0,0,0,0,0,0,0,2,2,0,0,0,0,0,0,0,0,0,0,3.2308206382851243,0.0,0.0,0.0,0.0,0.0,2.6008218797881613,benign
/bin/bash -c chmod 666 data.txt,0,0,0,2,0,2,0,0,0,0,0,0,0,0,0,0,0,0,0,0,0,0,0,0,0,0,0,0,0,0,0,0,0,0,0,0,0,0,0,0,0,0,0,0,0,2,2,0,0,0,0,0,0,0,0,0,0,3.225878993256309,0.0,0.0,0.0,0.0,0.0,2.3513873958267637,benign
/bin/bash -c tar -czvf work_backup.tar.gz ~/work -> /bin/sh -c gzip -> gzip,0,0,0,2,0,2,0,0,1,0,0,0,0,0,0,0,0,0,0,0,0,0,0,0,0,0,0,0,0,0,0,0,0,0,0,0,0,0,0,0,0,0,0,0,0,2,4,0,0,0,0,0,0,0,0,0,0,3.509975151534931,0.0,0.0,0.0,0.0,0.0,2.794873312314857,benign
/bin/sh -c gzip -> gzip,0,0,0,0,0,0,0,0,1,0,0,0,0,0,0,0,0,0,0,0,0,0,0,0,0,0,0,0,0,0,0,0,0,0,0,0,0,0,0,0,0,0,0,0,0,0,2,0,0,0,0,0,0,0,0,0,0,2.3274687740268183,0.0,0.0,0.0,0.0,0.0,2.403917277291339,benign
gzip,0,0,0,0,0,0,0,0,0,0,0,0,0,0,0,0,0,0,0,0,0,0,0,0,0,0,0,0,0,0,0,0,0,0,0,0,0,0,0,0,0,0,0,0,0,0,1,0,0,0,0,0,0,0,0,0,0,1.7817061829263552,0.0,0.0,0.0,0.0,0.0,1.879964948727111,benign
/bin/bash -c grep 'error' /var/log/*,0,0,0,2,0,2,0,0,0,0,0,0,0,0,0,0,0,0,0,0,0,0,0,0,0,0,0,0,0,0,0,0,0,0,0,0,0,0,0,0,0,0,0,0,0,2,2,0,0,0,0,0,0,0,0,0,0,3.2334064622661853,0.0,0.0,0.0,0.0,0.0,2.73183601521093,benign
ps,1,0,0,0,0,0,0,0,0,0,0,0,0,0,0,0,0,0,0,0,0,0,0,0,0,0,0,0,0,0,0,0,0,0,0,0,0,0,0,0,0,0,0,0,0,0,0,0,0,0,0,0,0,0,0,0,0,0.009950330853168,,,,,,,benign
/bin/bash -c ps aux,2,0,0,4,0,4,0,0,0,0,0,0,0,0,0,0,0,0,0,0,0,0,0,0,0,0,0,0,0,0,0,0,0,0,0,0,0,0,0,0,0,0,0,0,0,4,1,0,0,0,0,0,0,0,0,0,0,3.375067831438304,0.0,0.0,0.0,0.0,0.0,2.412532347341446,benign
/bin/bash -c df -h,1,0,0,2,0,2,0,0,0,0,0,0,0,0,0,0,0,0,0,0,0,0,0,0,0,0,0,0,0,0,0,0,0,0,0,0,0,0,0,0,0,0,0,0,0,2,2,0,0,0,0,0,0,0,0,0,0,3.2127155499146847,0.0,0.0,0.0,0.0,0.0,1.6729330318733675,benign
/bin/bash -c zip -r project.zip ~/project_folder,0,0,0,2,0,2,0,0,0,0,0,0,0,0,0,0,0,0,0,0,0,0,0,0,0,0,0,0,0,0,0,0,0,0,0,0,0,0,0,0,0,0,0,0,0,2,1,0,0,0,0,0,0,0,0,0,0,3.0653288212609078,0.0,0.0,0.0,0.0,0.0,2.883022505819657,benign
/bin/bash -c mv ~/Desktop/report.pdf ~/Documents/,0,0,0,2,0,2,0,0,0,0,0,0,0,0,0,0,0,0,0,0,0,0,0,0,0,0,0,0,0,0,0,0,0,0,0,0,0,0,0,0,0,0,0,0,0,2,2,0,0,0,0,0,0,0,0,0,0,3.233818440307301,0.0,0.0,0.0,0.0,0.0,2.7527407234793992,benign
/bin/bash -c touch ~/Documents/notes.txt,0,0,0,2,0,2,0,0,0,0,0,0,0,0,0,0,0,0,0,0,0,0,0,0,0,0,0,0,0,0,0,0,0,0,0,0,0,0,0,0,0,0,0,0,0,2,2,0,0,0,0,0,0,0,0,0,0,3.2321928931042074,0.0,0.0,0.0,0.0,0.0,2.670306766043469,benign
/bin/bash -c cat message.txt,0,0,0,2,0,2,0,0,0,0,0,0,0,0,0,0,0,0,0,0,0,0,0,0,0,0,0,0,0,0,0,0,0,0,0,0,0,0,0,0,0,0,0,0,0,2,2,0,0,0,0,0,0,0,0,0,0,3.226164251139278,0.0,0.0,0.0,0.0,0.0,2.3657525747927064,benign
/bin/bash -c tail -n 10 error.log,0,0,0,2,0,2,0,0,0,0,0,0,0,0,0,0,0,0,0,0,0,0,0,0,0,0,0,0,0,0,0,0,0,0,0,0,0,0,0,0,0,0,0,0,0,2,2,0,0,0,0,0,0,0,0,0,0,3.2280364910454966,0.0,0.0,0.0,0.0,0.0,2.460137674874884,benign
/bin/bash -c pwd,0,0,0,2,0,2,0,0,0,0,0,0,0,0,0,0,0,0,0,0,0,0,0,0,0,0,0,0,0,0,0,0,0,0,0,0,0,0,0,0,0,0,0,0,0,2,1,0,0,0,0,0,0,0,0,0,0,3.055825119909083,0.0,0.0,0.0,0.0,0.0,2.4774055510121467,benign
/bin/bash -c rm old_report.txt,0,0,0,2,0,2,0,0,0,0,0,0,0,0,0,0,0,0,0,0,0,0,0,0,0,0,0,0,0,0,0,0,0,0,0,0,0,0,0,0,0,0,0,0,0,2,2,0,0,0,0,0,0,0,0,0,0,3.2287155458325065,0.0,0.0,0.0,0.0,0.0,2.494414509523393,benign
/bin/bash -c tar -czvf home_backup.tar.gz ~/ -> /bin/sh -c gzip -> gzip,0,0,0,6,0,6,0,0,1,0,0,0,0,0,0,0,0,0,0,0,0,0,0,0,0,0,0,0,0,0,0,0,0,0,0,0,0,0,0,0,0,0,0,0,0,6,4,0,0,0,0,0,0,0,0,0,0,3.9016285797865193,0.0,0.0,0.0,0.0,0.0,2.865940970993674,benign
/bin/sh -c gzip -> gzip,0,0,0,0,0,0,0,0,1,0,0,0,0,0,0,0,0,0,0,0,0,0,0,0,0,0,0,0,0,0,0,0,0,0,0,0,0,0,0,0,0,0,0,0,0,0,2,0,0,0,0,0,0,0,0,0,0,2.3274687740268183,0.0,0.0,0.0,0.0,0.0,2.403917277291339,benign
gzip,0,0,0,0,0,0,0,0,0,0,0,0,0,0,0,0,0,0,0,0,0,0,0,0,0,0,0,0,0,0,0,0,0,0,0,0,0,0,0,0,0,0,0,0,0,0,1,0,0,0,0,0,0,0,0,0,0,1.7817061829263552,0.0,0.0,0.0,0.0,0.0,1.879964948727111,benign
ps,1,0,0,0,0,0,0,0,0,0,0,0,0,0,0,0,0,0,0,0,0,0,0,0,0,0,0,0,0,0,0,0,0,0,0,0,0,0,0,0,0,0,0,0,0,0,0,0,0,0,0,0,0,0,0,0,0,0.009950330853168,,,,,,,benign
/bin/bash -c sudo apt install htop,1,0,0,2,0,2,1,0,0,0,0,0,0,0,0,0,0,0,0,0,0,0,0,0,0,0,0,0,0,0,0,0,1,0,1,0,0,0,1,0,0,0,0,0,0,2,2,0,0,0,0,0,0,0,0,1,0,3.655881090733683,0.0,0.0,0.0,0.0,0.0,2.383211446643224,benign
apt install htop -> /usr/bin/dpkg --print-foreign-architectures,2,0,1,0,0,0,0,0,8,0,0,0,0,0,0,0,0,0,0,0,0,2,0,0,0,0,0,0,0,0,0,0,0,0,0,0,0,0,0,0,0,0,0,0,0,0,6,0,0,0,0,0,0,0,0,0,0,3.660883956494612,0.0,0.0,0.0,0.0,0.0,2.9514195898955555,benign
/usr/bin/dpkg --print-foreign-architectures,0,0,0,0,0,0,0,0,0,0,0,0,0,0,0,0,0,0,0,0,0,0,0,0,0,0,0,0,0,0,0,0,0,0,0,0,0,0,0,0,0,0,0,0,0,0,1,0,0,0,0,0,0,0,0,0,0,1.868058222419032,0.0,0.0,0.0,0.0,0.0,2.9514195898955555,benign
/usr/bin/dpkg --print-foreign-architectures,0,0,0,0,0,0,0,0,0,0,0,0,0,0,0,0,0,0,0,0,0,0,0,0,0,0,0,0,0,0,0,0,0,0,0,0,0,0,0,0,0,0,0,0,0,0,1,0,0,0,0,0,0,0,0,0,0,1.868058222419032,0.0,0.0,0.0,0.0,0.0,2.9514195898955555,benign
/usr/bin/dpkg --print-foreign-architectures,0,0,0,0,0,0,0,0,0,0,0,0,0,0,0,0,0,0,0,0,0,0,0,0,0,0,0,0,0,0,0,0,0,0,0,0,0,0,0,0,0,0,0,0,0,0,1,0,0,0,0,0,0,0,0,0,0,1.868058222419032,0.0,0.0,0.0,0.0,0.0,2.9514195898955555,benign
sudo,0,0,0,0,0,0,0,0,0,0,0,0,0,0,0,0,0,0,0,0,0,0,0,0,0,0,0,0,0,0,0,0,0,0,0,0,0,0,0,0,0,0,0,0,0,0,0,0,0,0,0,0,0,0,0,0,0,0.0,,,,,,,benign
/bin/bash -c rm /var/log/*.log,0,0,0,2,0,2,0,0,0,3,0,0,3,0,0,0,0,0,0,0,0,0,0,0,0,0,0,0,0,0,0,0,0,0,0,0,0,0,0,0,0,0,0,0,0,2,5,0,0,0,0,0,0,0,0,0,0,3.629552163976295,0.0,0.0,0.0,0.0,0.0,2.791862481134688,benign
/bin/bash -c find /var/www -name 'index.html',0,0,0,2,0,2,0,0,0,0,0,0,0,0,0,0,0,0,0,0,0,0,0,0,0,0,0,0,0,0,0,0,0,0,0,0,0,0,0,0,0,0,0,0,0,2,2,0,0,0,0,0,0,0,0,0,0,3.233616309128968,0.0,0.0,0.0,0.0,0.0,2.74248304892619,benign
/bin/bash -c pstree,0,0,0,2,0,2,0,0,0,0,0,0,0,0,0,0,0,0,0,0,0,0,0,0,0,0,0,0,0,0,0,0,0,0,0,0,0,0,0,0,0,0,0,0,0,2,1,0,0,0,0,0,0,0,0,0,0,3.0578780250005244,0.0,0.0,0.0,0.0,0.0,2.564697203220696,benign
/bin/bash -c touch new_file.txt,0,0,0,2,0,2,1,0,1,0,0,0,0,0,0,0,0,0,0,0,0,0,1,0,0,0,0,0,0,0,0,0,1,0,1,0,0,0,0,0,0,0,0,0,0,2,2,0,0,0,0,0,0,0,0,0,0,3.747038821922031,0.0,0.0,0.0,0.0,0.0,2.6907114899556874,benign
/bin/bash -c find . -mtime +30,0,0,0,2,0,2,0,0,0,0,0,0,0,0,0,0,0,0,0,0,0,0,0,0,0,0,0,0,0,0,0,0,0,0,0,0,0,0,0,0,0,0,0,0,0,2,2,0,0,0,0,0,0,0,0,0,0,3.2264392866221203,0.0,0.0,0.0,0.0,0.0,2.379606848991996,benign
/bin/bash -c ls -d /home/*/,0,0,0,2,0,2,0,0,0,0,0,0,0,0,0,0,0,0,0,0,0,0,0,0,0,0,0,0,0,0,0,0,0,0,0,0,0,0,0,0,0,0,0,0,0,2,2,0,0,0,0,0,0,0,0,0,0,3.2293405783065983,0.0,0.0,0.0,0.0,0.0,2.5259850236225696,benign
/bin/bash -c uname -r,0,0,0,2,0,2,0,0,0,0,0,0,0,0,0,0,0,0,0,0,0,0,0,0,0,0,0,0,0,0,0,0,0,0,0,0,0,0,0,0,0,0,0,0,0,2,2,0,0,0,0,0,0,0,0,0,0,3.2215400225660225,0.0,0.0,0.0,0.0,0.0,2.133387491316597,benign
/bin/bash -c du -sh .,0,0,0,2,0,2,0,0,0,0,0,0,0,0,0,0,0,0,0,0,0,0,0,0,0,0,0,0,0,0,0,0,0,0,0,0,0,0,0,0,0,0,0,0,0,2,2,0,0,0,0,0,0,0,0,0,0,3.215851397655844,0.0,0.0,0.0,0.0,0.0,1.8490070880144411,benign
/bin/bash -c uptime,1,0,0,2,0,2,0,0,0,0,0,0,0,0,0,0,0,0,0,0,0,0,0,0,0,0,0,0,0,0,0,0,0,0,0,0,0,0,0,0,0,0,0,0,0,2,2,0,0,0,0,0,0,0,0,0,0,3.223042872011099,0.0,0.0,0.0,0.0,0.0,2.1887870678023824,benign
/bin/bash -c date '+%Y-%m-%d',0,0,0,2,0,2,0,0,0,0,0,0,0,0,0,0,0,0,0,0,0,0,0,0,0,0,0,0,0,0,0,0,0,0,0,0,0,0,0,0,0,0,0,0,0,2,2,0,0,0,0,0,0,0,0,0,0,3.225835386259602,0.0,0.0,0.0,0.0,0.0,2.3491917709150387,benign
/bin/bash -c grep 'warning' system.log,0,0,0,2,0,2,0,0,0,0,0,0,0,0,0,0,0,0,0,0,0,0,0,0,0,0,0,0,0,0,0,0,0,0,0,0,0,0,0,0,0,0,0,0,0,2,2,0,0,0,0,0,0,0,0,0,0,3.232442677881578,0.0,0.0,0.0,0.0,0.0,2.682965018191853,benign
/bin/bash -c tail -n 100 /var/log/syslog,0,0,0,2,0,2,0,0,0,0,0,0,0,0,0,0,0,0,0,0,0,0,0,0,0,0,0,0,0,0,0,0,0,0,0,0,0,0,0,0,0,0,0,0,0,2,2,0,0,0,0,0,0,0,0,0,0,3.2314814656497544,0.0,0.0,0.0,0.0,0.0,2.634271338500658,benign
/bin/bash -c sudo systemctl start apache2,0,0,0,2,0,2,0,0,0,0,0,0,0,0,0,0,0,0,0,0,0,0,0,0,0,0,0,0,0,0,0,0,0,0,0,0,0,0,0,0,0,0,0,0,0,2,2,0,0,0,0,0,0,0,0,0,0,3.230637903580696,0.0,0.0,0.0,0.0,0.0,2.591576198337312,benign
/bin/bash -c sudo systemctl stop apache2,0,0,0,2,0,2,0,0,0,0,0,0,0,0,0,0,0,0,0,0,0,0,0,0,0,0,0,0,0,0,0,0,0,0,0,0,0,0,0,0,0,0,0,0,0,2,2,0,0,0,0,0,0,0,0,0,0,3.2303155271081696,0.0,0.0,0.0,0.0,0.0,2.575269293085449,benign
/bin/bash -c sudo systemctl restart apache2,0,0,0,2,0,2,0,0,0,0,0,0,0,0,0,0,0,0,0,0,0,0,0,0,0,0,0,0,0,0,0,0,0,0,0,0,0,0,0,0,0,0,0,0,0,2,2,0,0,0,0,0,0,0,0,0,0,3.231028392540415,0.0,0.0,0.0,0.0,0.0,2.6113355079425835,benign
ps,1,0,0,0,0,0,0,0,0,0,0,0,0,0,0,0,0,0,0,0,0,0,0,0,0,0,0,0,0,0,0,0,0,0,0,0,0,0,0,0,0,0,0,0,0,0,0,0,0,0,0,0,0,0,0,0,0,0.009950330853168,,,,,,,benign
/bin/bash -c free -h,0,0,0,2,0,2,0,0,0,0,0,0,0,0,0,0,0,0,0,0,0,0,0,0,0,0,0,0,0,0,0,0,0,0,0,0,0,0,0,0,0,0,0,0,0,2,2,0,0,0,0,0,0,0,0,0,0,3.216304567244948,0.0,0.0,0.0,0.0,0.0,1.871602261409798,benign
/bin/bash -c touch ~/Documents/test_file.txt,0,0,0,2,0,2,0,0,0,0,0,0,0,0,0,0,0,0,0,0,0,0,0,0,0,0,0,0,0,0,0,0,0,0,0,0,0,0,0,0,0,0,0,0,0,2,2,0,0,0,0,0,0,0,0,0,0,3.2352816405061646,0.0,0.0,0.0,0.0,0.0,2.8270564999694523,benign
/bin/bash -c du -sh *,0,0,0,2,0,2,0,0,0,0,0,0,0,0,0,0,0,0,0,0,0,0,0,0,0,0,0,0,0,0,0,0,0,0,0,0,0,0,0,0,0,0,0,0,0,2,2,0,0,0,0,0,0,0,0,0,0,3.24064308069847,0.0,0.0,0.0,0.0,0.0,3.1002945437403544,benign
/bin/bash -c ls -l my_file.txt,0,0,0,2,0,2,0,0,0,0,0,0,0,0,0,0,0,0,0,0,0,0,0,0,0,0,0,0,0,0,0,0,0,0,0,0,0,0,0,0,0,0,0,0,0,2,2,0,0,0,0,0,0,0,0,0,0,3.2281648090420414,0.0,0.0,0.0,0.0,0.0,2.4666130340903747,benign
/bin/bash -c find / -type f -exec du -h {} + | sort -rh | head -n 10 -> find / -type f -exec du -h {} + -> du -h /sys/kernel/warn_count /sys/kernel/notes /sys/kernel/mm/page_idle/bitmap /sys/kernel/mm/lru_gen/enabled /sys/kernel/mm/lru_gen/min_ttl_ms /sys/kernel/mm/hugepages/hugepages-2048kB/free_hugepages /sys/kernel/mm/hugepages/hugepages-2048kB/resv_hugepages /sys/kernel/mm/hugepages/hugepages-2048kB/surplus_hugepages /sys/kernel/mm/hugepages/hugepages-2048kB/nr_hugepages_mempolic /sys/kernel/mm/hugepages/hugepages-2048kB/nr_hugepages -> du -h /sys/kernel/slab/kmalloc-rnd-06-64/validate /sys/kernel/slab/kmalloc-rnd-06-64/skip_kfence /sys/kernel/slab/kmalloc-rnd-06-64/min_partial /sys/kernel/slab/kmalloc-rnd-06-64/poison /sys/kernel/slab/kmalloc-rnd-06-64/red_zone /sys/kernel/slab/kmalloc-rnd-06-64/slabs /sys/kernel/slab/kmalloc-rnd-06-64/destroy_by_rcu /sys/kernel/slab/kmalloc-rnd-06-64/usersize /sys/kernel/slab/kmalloc-rnd-06-64/sanity_checks /sys/kernel/slab/kmalloc-rnd-06-64/align -> du -h /sys/kernel/slab/kmalloc-rcl-512/usersize /sys/kernel/slab/kmalloc-rcl-512/sanity_checks /sys/kernel/slab/kmalloc-rcl-512/align /sys/kernel/slab/kmalloc-rcl-512/aliases /sys/kernel/slab/kmalloc-rcl-512/store_user /sys/kernel/slab/kmalloc-rcl-512/trace /sys/kernel/slab/kmalloc-rcl-512/reclaim_account /sys/kernel/slab/kmalloc-rcl-512/order /sys/kernel/slab/kmalloc-rcl-512/object_size /sys/kernel/slab/kmalloc-rcl-512/shrink -> du -h /sys/kernel/slab/kmalloc-rnd-01-192/sanity_checks /sys/kernel/slab/kmalloc-rnd-01-192/align /sys/kernel/slab/kmalloc-rnd-01-192/aliases /sys/kernel/slab/kmalloc-rnd-01-192/store_user /sys/kernel/slab/kmalloc-rnd-01-192/trace /sys/kernel/slab/kmalloc-rnd-01-192/reclaim_account /sys/kernel/slab/kmalloc-rnd-01-192/order /sys/kernel/slab/kmalloc-rnd-01-192/object_size /sys/kernel/slab/kmalloc-rnd-01-192/shrink /sys/kernel/slab/kmalloc-rnd-01-192/hwcache_align -> du -h /sys/devices/platform/PNP0C14:00/wmi_bus/wmi_bus-PNP0C14:00/86C /sys/devices/platform/PNP0C14:00/wmi_bus/wmi_bus-PNP0C14:00/86C /sys/devices/platform/PNP0C14:00/wmi_bus/wmi_bus-PNP0C14:00/86C /sys/devices/platform/PNP0C14:00/wmi_bus/wmi_bus-PNP0C14:00/86C /sys/devices/platform/PNP0C14:00/wmi_bus/wmi_bus-PNP0C14:00/86C /sys/devices/platform/PNP0C14:00/wmi_bus/wmi_bus-PNP0C14:00/86C /sys/devices/platform/PNP0C14:00/wmi_bus/wmi_bus-PNP0C14:00/86C /sys/devices/platform/PNP0C14:00/wmi_bus/wmi_bus-PNP0C14:00/86C /sys/devices/platform/PNP0C14:00/wmi_bus/wmi_bus-PNP0C14:00/86C /sys/devices/platform/PNP0C14:00/wmi_bus/wmi_bus-PNP0C14:00/86C -> du -h /sys/devices/platform/serial8250/serial8250:0/serial8250:0.10/t /sys/devices/platform/serial8250/serial8250:0/serial8250:0.10/t /sys/devices/platform/serial8250/serial8250:0/serial8250:0.10/t /sys/devices/platform/serial8250/serial8250:0/serial8250:0.10/t /sys/devices/platform/serial8250/serial8250:0/serial8250:0.10/t /sys/devices/platform/serial8250/serial8250:0/serial8250:0.10/t /sys/devices/platform/serial8250/serial8250:0/serial8250:0.10/t /sys/devices/platform/serial8250/serial8250:0/serial8250:0.10/t /sys/devices/platform/serial8250/serial8250:0/serial8250:0.10/t /sys/devices/platform/serial8250/serial8250:0/serial8250:0.10/t -> du -h /sys/devices/pci0000:00/0000:00:17.0/ata3/host2/target2:0:0/2:0 /sys/devices/pci0000:00/0000:00:17.0/ata3/host2/target2:0:0/2:0 /sys/devices/pci0000:00/0000:00:17.0/ata3/host2/target2:0:0/2:0 /sys/devices/pci0000:00/0000:00:17.0/ata3/host2/target2:0:0/2:0 /sys/devices/pci0000:00/0000:00:17.0/ata3/host2/target2:0:0/2:0 /sys/devices/pci0000:00/0000:00:17.0/ata3/host2/target2:0:0/2:0 /sys/devices/pci0000:00/0000:00:17.0/ata3/host2/target2:0:0/2:0 /sys/devices/pci0000:00/0000:00:17.0/ata3/host2/target2:0:0/2:0 /sys/devices/pci0000:00/0000:00:17.0/ata3/host2/target2:0:0/2:0 /sys/devices/pci0000:00/0000:00:17.0/ata3/host2/target2:0:0/2:0 -> du -h /sys/devices/pci0000:00/0000:00:1f.3/hdaudioC0D0/widgets/21/pin /sys/devices/pci0000:00/0000:00:1f.3/hdaudioC0D0/widgets/21/amp /sys/devices/pci0000:00/0000:00:1f.3/hdaudioC0D0/widgets/21/con /sys/devices/pci0000:00/0000:00:1f.3/hdaudioC0D0/widgets/21/pin /sys/devices/pci0000:00/0000:00:1f.3/hdaudioC0D0/widgets/21/cap /sys/devices/pci0000:00/0000:00:1f.3/hdaudioC0D0/widgets/21/pow /sys/devices/pci0000:00/0000:00:1f.3/hdaudioC0D0/widgets/21/pcm /sys/devices/pci0000:00/0000:00:1f.3/hdaudioC0D0/widgets/11/pcm /sys/devices/pci0000:00/0000:00:1f.3/hdaudioC0D0/widgets/11/amp /sys/devices/pci0000:00/0000:00:1f.3/hdaudioC0D0/widgets/11/pin -> du -h /sys/devices/pci0000:00/0000:00:14.0/usb1/1-5/1-5:1.0/iad_bFunc /sys/devices/pci0000:00/0000:00:14.0/usb1/1-5/1-5:1.0/bInterfac /sys/devices/pci0000:00/0000:00:14.0/usb1/1-5/1-5:1.0/video4lin /sys/devices/pci0000:00/0000:00:14.0/usb1/1-5/1-5:1.0/video4lin /sys/devices/pci0000:00/0000:00:14.0/usb1/1-5/1-5:1.0/video4lin /sys/devices/pci0000:00/0000:00:14.0/usb1/1-5/1-5:1.0/video4lin /sys/devices/pci0000:00/0000:00:14.0/usb1/1-5/1-5:1.0/video4lin /sys/devices/pci0000:00/0000:00:14.0/usb1/1-5/1-5:1.0/video4lin /sys/devices/pci0000:00/0000:00:14.0/usb1/1-5/1-5:1.0/video4lin /sys/devices/pci0000:00/0000:00:14.0/usb1/1-5/1-5:1.0/video4lin -> du -h /sys/devices/pci0000:00/0000:00:1c.2/0000:02:00.0/subsystem_dev /sys/devices/pci0000:00/0000:00:1c.2/0000:02:00.0/dma_mask_bits /sys/devices/pci0000:00/0000:00:1c.2/0000:02:00.0/vendor /sys/devices/pci0000:00/0000:00:1c.2/0000:02:00.0/local_cpus /sys/devices/pci0000:00/0000:00:1c.2/0000:02:00.0/power/runtime /sys/devices/pci0000:00/0000:00:1c.2/0000:02:00.0/power/wakeup /sys/devices/pci0000:00/0000:00:1c.2/0000:02:00.0/power/wakeup_ /sys/devices/pci0000:00/0000:00:1c.2/0000:02:00.0/power/wakeup_ /sys/devices/pci0000:00/0000:00:1c.2/0000:02:00.0/power/wakeup_ /sys/devices/pci0000:00/0000:00:1c.2/0000:02:00.0/power/runtime -> du -h /sys/devices/virtual/thermal/thermal_zone2/trip_point_4_temp /sys/devices/virtual/thermal/thermal_zone2/trip_point_2_type /sys/devices/virtual/thermal/thermal_zone2/mode /sys/devices/virtual/thermal/thermal_zone2/power/runtime_active /sys/devices/virtual/thermal/thermal_zone2/power/runtime_active /sys/devices/virtual/thermal/thermal_zone2/power/runtime_usage /sys/devices/virtual/thermal/thermal_zone2/power/runtime_status /sys/devices/virtual/thermal/thermal_zone2/power/autosuspend_de /sys/devices/virtual/thermal/thermal_zone2/power/async /sys/devices/virtual/thermal/thermal_zone2/power/runtime_suspen -> du -h /sys/devices/virtual/block/loop19/queue/rotational /sys/devices/virtual/block/loop19/queue/discard_max_bytes /sys/devices/virtual/block/loop19/queue/add_random /sys/devices/virtual/block/loop19/queue/discard_max_hw_bytes /sys/devices/virtual/block/loop19/queue/optimal_io_size /sys/devices/virtual/block/loop19/queue/chunk_sectors /sys/devices/virtual/block/loop19/queue/read_ahead_kb /sys/devices/virtual/block/loop19/queue/max_discard_segments /sys/devices/virtual/block/loop19/queue/write_zeroes_max_bytes /sys/devices/virtual/block/loop19/queue/nomerges -> du -h /sys/devices/LNXSYSTM:00/LNXSYBUS:00/PNP0C0F:06/power/runtime_u /sys/devices/LNXSYSTM:00/LNXSYBUS:00/PNP0C0F:06/power/runtime_s /sys/devices/LNXSYSTM:00/LNXSYBUS:00/PNP0C0F:06/power/autosuspe /sys/devices/LNXSYSTM:00/LNXSYBUS:00/PNP0C0F:06/power/async /sys/devices/LNXSYSTM:00/LNXSYBUS:00/PNP0C0F:06/power/runtime_s /sys/devices/LNXSYSTM:00/LNXSYBUS:00/PNP0C0F:06/power/runtime_e /sys/devices/LNXSYSTM:00/LNXSYBUS:00/PNP0C0F:06/power/control /sys/devices/LNXSYSTM:00/LNXSYBUS:00/PNP0C0F:06/uid /sys/devices/LNXSYSTM:00/LNXSYBUS:00/PNP0C0F:06/hid /sys/devices/LNXSYSTM:00/LNXSYBUS:00/PNP0C0F:06/path -> du -h /sys/devices/LNXSYSTM:00/LNXSYBUS:00/PNP0A08:00/device:10/PNP01 /sys/devices/LNXSYSTM:00/LNXSYBUS:00/PNP0A08:00/device:10/PNP01 /sys/devices/LNXSYSTM:00/LNXSYBUS:00/PNP0A08:00/device:10/PNP01 /sys/devices/LNXSYSTM:00/LNXSYBUS:00/PNP0A08:00/device:10/PNP01 /sys/devices/LNXSYSTM:00/LNXSYBUS:00/PNP0A08:00/device:10/PNP0C /sys/devices/LNXSYSTM:00/LNXSYBUS:00/PNP0A08:00/device:10/PNP0C /sys/devices/LNXSYSTM:00/LNXSYBUS:00/PNP0A08:00/device:10/PNP0C /sys/devices/LNXSYSTM:00/LNXSYBUS:00/PNP0A08:00/device:10/PNP0C /sys/devices/LNXSYSTM:00/LNXSYBUS:00/PNP0A08:00/device:10/PNP0C /sys/devices/LNXSYSTM:00/LNXSYBUS:00/PNP0A08:00/device:10/PNP0C -> du -h /sys/devices/LNXSYSTM:00/LNXPWRBN:00/input/input3/id/bustype /sys/devices/LNXSYSTM:00/LNXPWRBN:00/input/input3/id/vendor /sys/devices/LNXSYSTM:00/LNXPWRBN:00/input/input3/id/product /sys/devices/LNXSYSTM:00/LNXPWRBN:00/input/input3/id/version /sys/devices/LNXSYSTM:00/LNXPWRBN:00/input/input3/event3/uevent /sys/devices/LNXSYSTM:00/LNXPWRBN:00/input/input3/event3/power/ /sys/devices/LNXSYSTM:00/LNXPWRBN:00/input/input3/event3/power/ /sys/devices/LNXSYSTM:00/LNXPWRBN:00/input/input3/event3/power/ /sys/devices/LNXSYSTM:00/LNXPWRBN:00/input/input3/event3/power/ /sys/devices/LNXSYSTM:00/LNXPWRBN:00/input/input3/event3/power/ -> du -h /sys/module/videobuf2_vmalloc/sections/__dyndbg /sys/module/videobuf2_vmalloc/sections/.gnu.linkonce.this_modul /sys/module/videobuf2_vmalloc/sections/.symtab /sys/module/videobuf2_vmalloc/sections/.rodata /sys/module/videobuf2_vmalloc/sections/.note.gnu.build-id /sys/module/videobuf2_vmalloc/sections/.text /sys/module/videobuf2_vmalloc/sections/.call_sites /sys/module/videobuf2_vmalloc/sections/.data /sys/module/videobuf2_vmalloc/sections/.smp_locks /sys/module/videobuf2_vmalloc/sections/__bug_table -> du -h /sys/module/vboxdrv/sections/.return_sites /sys/module/vboxdrv/sections/.gnu.linkonce.this_module /sys/module/vboxdrv/sections/.symtab /sys/module/vboxdrv/sections/.rodata /sys/module/vboxdrv/sections/.init.text /sys/module/vboxdrv/sections/.note.gnu.build-id /sys/module/vboxdrv/sections/.text /sys/module/vboxdrv/sections/.fixup /sys/module/vboxdrv/sections/.init.data /sys/module/vboxdrv/sections/.call_sites -> du -h /usr/share/bash-completion/completions/mkfs.bfs /usr/share/bash-completion/completions/nsenter /usr/share/bash-completion/completions/setterm /usr/share/bash-completion/completions/chmem /usr/share/bash-completion/completions/unshare /usr/share/bash-completion/completions/mkfs.minix /usr/share/bash-completion/completions/renice /usr/share/bash-completion/completions/su /usr/share/bash-completion/completions/scriptlive /usr/share/bash-completion/completions/ipcmk -> du -h /usr/lib/python3.12/test/typinganndata/ann_module5.py /usr/lib/python3.12/test/typinganndata/ann_module4.py /usr/lib/python3.12/io.py /usr/lib/python3.12/locale.py /usr/lib/python3.12/sched.py /usr/lib/python3.12/heapq.py /usr/lib/python3.12/copyreg.py /usr/lib/python3.12/selectors.py /usr/lib/python3.12/zipfile/_path/__init__.py /usr/lib/python3.12/zipfile/_path/__pycache__/glob.cpython-312. -> du -h /proc/3545/mem /proc/3545/mounts /proc/3545/mountinfo /proc/3545/mountstats /proc/3545/clear_refs /proc/3545/smaps /proc/3545/smaps_rollup /proc/3545/pagemap /proc/3545/attr/current /proc/3545/attr/prev -> head -n 10 -> sort -rh,0,0,0,2,0,2,0,0,0,0,0,0,0,0,0,0,0,0,0,0,0,0,0,0,0,0,0,0,0,0,0,0,0,0,0,0,0,0,0,0,0,0,0,0,0,2,84,0,0,0,0,0,0,0,0,0,0,5.868277982787001,0.0,0.0,0.0,0.0,0.0,3.2789647192315785,benign
find / -type f -exec du -h {} + -> du -h /sys/kernel/warn_count /sys/kernel/notes /sys/kernel/mm/page_idle/bitmap /sys/kernel/mm/lru_gen/enabled /sys/kernel/mm/lru_gen/min_ttl_ms /sys/kernel/mm/hugepages/hugepages-2048kB/free_hugepages /sys/kernel/mm/hugepages/hugepages-2048kB/resv_hugepages /sys/kernel/mm/hugepages/hugepages-2048kB/surplus_hugepages /sys/kernel/mm/hugepages/hugepages-2048kB/nr_hugepages_mempolic /sys/kernel/mm/hugepages/hugepages-2048kB/nr_hugepages -> du -h /sys/kernel/slab/kmalloc-rnd-06-64/validate /sys/kernel/slab/kmalloc-rnd-06-64/skip_kfence /sys/kernel/slab/kmalloc-rnd-06-64/min_partial /sys/kernel/slab/kmalloc-rnd-06-64/poison /sys/kernel/slab/kmalloc-rnd-06-64/red_zone /sys/kernel/slab/kmalloc-rnd-06-64/slabs /sys/kernel/slab/kmalloc-rnd-06-64/destroy_by_rcu /sys/kernel/slab/kmalloc-rnd-06-64/usersize /sys/kernel/slab/kmalloc-rnd-06-64/sanity_checks /sys/kernel/slab/kmalloc-rnd-06-64/align -> du -h /sys/kernel/slab/kmalloc-rcl-512/usersize /sys/kernel/slab/kmalloc-rcl-512/sanity_checks /sys/kernel/slab/kmalloc-rcl-512/align /sys/kernel/slab/kmalloc-rcl-512/aliases /sys/kernel/slab/kmalloc-rcl-512/store_user /sys/kernel/slab/kmalloc-rcl-512/trace /sys/kernel/slab/kmalloc-rcl-512/reclaim_account /sys/kernel/slab/kmalloc-rcl-512/order /sys/kernel/slab/kmalloc-rcl-512/object_size /sys/kernel/slab/kmalloc-rcl-512/shrink -> du -h /sys/kernel/slab/kmalloc-rnd-01-192/sanity_checks /sys/kernel/slab/kmalloc-rnd-01-192/align /sys/kernel/slab/kmalloc-rnd-01-192/aliases /sys/kernel/slab/kmalloc-rnd-01-192/store_user /sys/kernel/slab/kmalloc-rnd-01-192/trace /sys/kernel/slab/kmalloc-rnd-01-192/reclaim_account /sys/kernel/slab/kmalloc-rnd-01-192/order /sys/kernel/slab/kmalloc-rnd-01-192/object_size /sys/kernel/slab/kmalloc-rnd-01-192/shrink /sys/kernel/slab/kmalloc-rnd-01-192/hwcache_align -> du -h /sys/devices/platform/PNP0C14:00/wmi_bus/wmi_bus-PNP0C14:00/86C /sys/devices/platform/PNP0C14:00/wmi_bus/wmi_bus-PNP0C14:00/86C /sys/devices/platform/PNP0C14:00/wmi_bus/wmi_bus-PNP0C14:00/86C /sys/devices/platform/PNP0C14:00/wmi_bus/wmi_bus-PNP0C14:00/86C /sys/devices/platform/PNP0C14:00/wmi_bus/wmi_bus-PNP0C14:00/86C /sys/devices/platform/PNP0C14:00/wmi_bus/wmi_bus-PNP0C14:00/86C /sys/devices/platform/PNP0C14:00/wmi_bus/wmi_bus-PNP0C14:00/86C /sys/devices/platform/PNP0C14:00/wmi_bus/wmi_bus-PNP0C14:00/86C /sys/devices/platform/PNP0C14:00/wmi_bus/wmi_bus-PNP0C14:00/86C /sys/devices/platform/PNP0C14:00/wmi_bus/wmi_bus-PNP0C14:00/86C -> du -h /sys/devices/platform/serial8250/serial8250:0/serial8250:0.10/t /sys/devices/platform/serial8250/serial8250:0/serial8250:0.10/t /sys/devices/platform/serial8250/serial8250:0/serial8250:0.10/t /sys/devices/platform/serial8250/serial8250:0/serial8250:0.10/t /sys/devices/platform/serial8250/serial8250:0/serial8250:0.10/t /sys/devices/platform/serial8250/serial8250:0/serial8250:0.10/t /sys/devices/platform/serial8250/serial8250:0/serial8250:0.10/t /sys/devices/platform/serial8250/serial8250:0/serial8250:0.10/t /sys/devices/platform/serial8250/serial8250:0/serial8250:0.10/t /sys/devices/platform/serial8250/serial8250:0/serial8250:0.10/t -> du -h /sys/devices/pci0000:00/0000:00:17.0/ata3/host2/target2:0:0/2:0 /sys/devices/pci0000:00/0000:00:17.0/ata3/host2/target2:0:0/2:0 /sys/devices/pci0000:00/0000:00:17.0/ata3/host2/target2:0:0/2:0 /sys/devices/pci0000:00/0000:00:17.0/ata3/host2/target2:0:0/2:0 /sys/devices/pci0000:00/0000:00:17.0/ata3/host2/target2:0:0/2:0 /sys/devices/pci0000:00/0000:00:17.0/ata3/host2/target2:0:0/2:0 /sys/devices/pci0000:00/0000:00:17.0/ata3/host2/target2:0:0/2:0 /sys/devices/pci0000:00/0000:00:17.0/ata3/host2/target2:0:0/2:0 /sys/devices/pci0000:00/0000:00:17.0/ata3/host2/target2:0:0/2:0 /sys/devices/pci0000:00/0000:00:17.0/ata3/host2/target2:0:0/2:0 -> du -h /sys/devices/pci0000:00/0000:00:1f.3/hdaudioC0D0/widgets/21/pin /sys/devices/pci0000:00/0000:00:1f.3/hdaudioC0D0/widgets/21/amp /sys/devices/pci0000:00/0000:00:1f.3/hdaudioC0D0/widgets/21/con /sys/devices/pci0000:00/0000:00:1f.3/hdaudioC0D0/widgets/21/pin /sys/devices/pci0000:00/0000:00:1f.3/hdaudioC0D0/widgets/21/cap /sys/devices/pci0000:00/0000:00:1f.3/hdaudioC0D0/widgets/21/pow /sys/devices/pci0000:00/0000:00:1f.3/hdaudioC0D0/widgets/21/pcm /sys/devices/pci0000:00/0000:00:1f.3/hdaudioC0D0/widgets/11/pcm /sys/devices/pci0000:00/0000:00:1f.3/hdaudioC0D0/widgets/11/amp /sys/devices/pci0000:00/0000:00:1f.3/hdaudioC0D0/widgets/11/pin -> du -h /sys/devices/pci0000:00/0000:00:14.0/usb1/1-5/1-5:1.0/iad_bFunc /sys/devices/pci0000:00/0000:00:14.0/usb1/1-5/1-5:1.0/bInterfac /sys/devices/pci0000:00/0000:00:14.0/usb1/1-5/1-5:1.0/video4lin /sys/devices/pci0000:00/0000:00:14.0/usb1/1-5/1-5:1.0/video4lin /sys/devices/pci0000:00/0000:00:14.0/usb1/1-5/1-5:1.0/video4lin /sys/devices/pci0000:00/0000:00:14.0/usb1/1-5/1-5:1.0/video4lin /sys/devices/pci0000:00/0000:00:14.0/usb1/1-5/1-5:1.0/video4lin /sys/devices/pci0000:00/0000:00:14.0/usb1/1-5/1-5:1.0/video4lin /sys/devices/pci0000:00/0000:00:14.0/usb1/1-5/1-5:1.0/video4lin /sys/devices/pci0000:00/0000:00:14.0/usb1/1-5/1-5:1.0/video4lin -> du -h /sys/devices/pci0000:00/0000:00:1c.2/0000:02:00.0/subsystem_dev /sys/devices/pci0000:00/0000:00:1c.2/0000:02:00.0/dma_mask_bits /sys/devices/pci0000:00/0000:00:1c.2/0000:02:00.0/vendor /sys/devices/pci0000:00/0000:00:1c.2/0000:02:00.0/local_cpus /sys/devices/pci0000:00/0000:00:1c.2/0000:02:00.0/power/runtime /sys/devices/pci0000:00/0000:00:1c.2/0000:02:00.0/power/wakeup /sys/devices/pci0000:00/0000:00:1c.2/0000:02:00.0/power/wakeup_ /sys/devices/pci0000:00/0000:00:1c.2/0000:02:00.0/power/wakeup_ /sys/devices/pci0000:00/0000:00:1c.2/0000:02:00.0/power/wakeup_ /sys/devices/pci0000:00/0000:00:1c.2/0000:02:00.0/power/runtime -> du -h /sys/devices/virtual/thermal/thermal_zone2/trip_point_4_temp /sys/devices/virtual/thermal/thermal_zone2/trip_point_2_type /sys/devices/virtual/thermal/thermal_zone2/mode /sys/devices/virtual/thermal/thermal_zone2/power/runtime_active /sys/devices/virtual/thermal/thermal_zone2/power/runtime_active /sys/devices/virtual/thermal/thermal_zone2/power/runtime_usage /sys/devices/virtual/thermal/thermal_zone2/power/runtime_status /sys/devices/virtual/thermal/thermal_zone2/power/autosuspend_de /sys/devices/virtual/thermal/thermal_zone2/power/async /sys/devices/virtual/thermal/thermal_zone2/power/runtime_suspen -> du -h /sys/devices/virtual/block/loop19/queue/rotational /sys/devices/virtual/block/loop19/queue/discard_max_bytes /sys/devices/virtual/block/loop19/queue/add_random /sys/devices/virtual/block/loop19/queue/discard_max_hw_bytes /sys/devices/virtual/block/loop19/queue/optimal_io_size /sys/devices/virtual/block/loop19/queue/chunk_sectors /sys/devices/virtual/block/loop19/queue/read_ahead_kb /sys/devices/virtual/block/loop19/queue/max_discard_segments /sys/devices/virtual/block/loop19/queue/write_zeroes_max_bytes /sys/devices/virtual/block/loop19/queue/nomerges -> du -h /sys/devices/LNXSYSTM:00/LNXSYBUS:00/PNP0C0F:06/power/runtime_u /sys/devices/LNXSYSTM:00/LNXSYBUS:00/PNP0C0F:06/power/runtime_s /sys/devices/LNXSYSTM:00/LNXSYBUS:00/PNP0C0F:06/power/autosuspe /sys/devices/LNXSYSTM:00/LNXSYBUS:00/PNP0C0F:06/power/async /sys/devices/LNXSYSTM:00/LNXSYBUS:00/PNP0C0F:06/power/runtime_s /sys/devices/LNXSYSTM:00/LNXSYBUS:00/PNP0C0F:06/power/runtime_e /sys/devices/LNXSYSTM:00/LNXSYBUS:00/PNP0C0F:06/power/control /sys/devices/LNXSYSTM:00/LNXSYBUS:00/PNP0C0F:06/uid /sys/devices/LNXSYSTM:00/LNXSYBUS:00/PNP0C0F:06/hid /sys/devices/LNXSYSTM:00/LNXSYBUS:00/PNP0C0F:06/path -> du -h /sys/devices/LNXSYSTM:00/LNXSYBUS:00/PNP0A08:00/device:10/PNP01 /sys/devices/LNXSYSTM:00/LNXSYBUS:00/PNP0A08:00/device:10/PNP01 /sys/devices/LNXSYSTM:00/LNXSYBUS:00/PNP0A08:00/device:10/PNP01 /sys/devices/LNXSYSTM:00/LNXSYBUS:00/PNP0A08:00/device:10/PNP01 /sys/devices/LNXSYSTM:00/LNXSYBUS:00/PNP0A08:00/device:10/PNP0C /sys/devices/LNXSYSTM:00/LNXSYBUS:00/PNP0A08:00/device:10/PNP0C /sys/devices/LNXSYSTM:00/LNXSYBUS:00/PNP0A08:00/device:10/PNP0C /sys/devices/LNXSYSTM:00/LNXSYBUS:00/PNP0A08:00/device:10/PNP0C /sys/devices/LNXSYSTM:00/LNXSYBUS:00/PNP0A08:00/device:10/PNP0C /sys/devices/LNXSYSTM:00/LNXSYBUS:00/PNP0A08:00/device:10/PNP0C -> du -h /sys/devices/LNXSYSTM:00/LNXPWRBN:00/input/input3/id/bustype /sys/devices/LNXSYSTM:00/LNXPWRBN:00/input/input3/id/vendor /sys/devices/LNXSYSTM:00/LNXPWRBN:00/input/input3/id/product /sys/devices/LNXSYSTM:00/LNXPWRBN:00/input/input3/id/version /sys/devices/LNXSYSTM:00/LNXPWRBN:00/input/input3/event3/uevent /sys/devices/LNXSYSTM:00/LNXPWRBN:00/input/input3/event3/power/ /sys/devices/LNXSYSTM:00/LNXPWRBN:00/input/input3/event3/power/ /sys/devices/LNXSYSTM:00/LNXPWRBN:00/input/input3/event3/power/ /sys/devices/LNXSYSTM:00/LNXPWRBN:00/input/input3/event3/power/ /sys/devices/LNXSYSTM:00/LNXPWRBN:00/input/input3/event3/power/ -> du -h /sys/module/videobuf2_vmalloc/sections/__dyndbg /sys/module/videobuf2_vmalloc/sections/.gnu.linkonce.this_modul /sys/module/videobuf2_vmalloc/sections/.symtab /sys/module/videobuf2_vmalloc/sections/.rodata /sys/module/videobuf2_vmalloc/sections/.note.gnu.build-id /sys/module/videobuf2_vmalloc/sections/.text /sys/module/videobuf2_vmalloc/sections/.call_sites /sys/module/videobuf2_vmalloc/sections/.data /sys/module/videobuf2_vmalloc/sections/.smp_locks /sys/module/videobuf2_vmalloc/sections/__bug_table -> du -h /sys/module/vboxdrv/sections/.return_sites /sys/module/vboxdrv/sections/.gnu.linkonce.this_module /sys/module/vboxdrv/sections/.symtab /sys/module/vboxdrv/sections/.rodata /sys/module/vboxdrv/sections/.init.text /sys/module/vboxdrv/sections/.note.gnu.build-id /sys/module/vboxdrv/sections/.text /sys/module/vboxdrv/sections/.fixup /sys/module/vboxdrv/sections/.init.data /sys/module/vboxdrv/sections/.call_sites -> du -h /usr/share/bash-completion/completions/mkfs.bfs /usr/share/bash-completion/completions/nsenter /usr/share/bash-completion/completions/setterm /usr/share/bash-completion/completions/chmem /usr/share/bash-completion/completions/unshare /usr/share/bash-completion/completions/mkfs.minix /usr/share/bash-completion/completions/renice /usr/share/bash-completion/completions/su /usr/share/bash-completion/completions/scriptlive /usr/share/bash-completion/completions/ipcmk -> du -h /usr/lib/python3.12/test/typinganndata/ann_module5.py /usr/lib/python3.12/test/typinganndata/ann_module4.py /usr/lib/python3.12/io.py /usr/lib/python3.12/locale.py /usr/lib/python3.12/sched.py /usr/lib/python3.12/heapq.py /usr/lib/python3.12/copyreg.py /usr/lib/python3.12/selectors.py /usr/lib/python3.12/zipfile/_path/__init__.py /usr/lib/python3.12/zipfile/_path/__pycache__/glob.cpython-312. -> du -h /proc/3545/mem /proc/3545/mounts /proc/3545/mountinfo /proc/3545/mountstats /proc/3545/clear_refs /proc/3545/smaps /proc/3545/smaps_rollup /proc/3545/pagemap /proc/3545/attr/current /proc/3545/attr/prev,0,0,0,0,0,0,0,0,0,0,0,0,0,0,0,0,0,0,0,0,0,0,0,0,0,0,0,0,0,0,0,0,0,0,0,0,0,0,0,0,0,0,0,0,0,0,81,0,0,0,0,0,0,0,0,0,0,5.788857062267277,0.0,0.0,0.0,0.0,0.0,3.2789647192315785,benign
head -n 10,0,0,0,0,0,0,0,0,0,0,0,0,0,0,0,0,0,0,0,0,0,0,0,0,0,0,0,0,0,0,0,0,0,0,0,0,0,0,0,0,0,0,0,0,0,0,1,0,0,0,0,0,0,0,0,0,0,1.8001879351926722,0.0,0.0,0.0,0.0,0.0,2.1015690258342747,benign
sort -rh,0,0,0,0,0,0,0,0,0,0,0,0,0,0,0,0,0,0,0,0,0,0,0,0,0,0,0,0,0,0,0,0,0,0,0,0,0,0,0,0,0,0,0,0,0,0,1,0,0,0,0,0,0,0,0,0,0,1.793070312405364,0.0,0.0,0.0,0.0,0.0,2.015740432493068,benign
du -h /sys/kernel/warn_count /sys/kernel/notes /sys/kernel/mm/page_idle/bitmap /sys/kernel/mm/lru_gen/enabled /sys/kernel/mm/lru_gen/min_ttl_ms /sys/kernel/mm/hugepages/hugepages-2048kB/free_hugepages /sys/kernel/mm/hugepages/hugepages-2048kB/resv_hugepages /sys/kernel/mm/hugepages/hugepages-2048kB/surplus_hugepages /sys/kernel/mm/hugepages/hugepages-2048kB/nr_hugepages_mempolic /sys/kernel/mm/hugepages/hugepages-2048kB/nr_hugepages,0,0,0,0,0,0,0,0,0,0,0,0,0,0,0,0,0,0,0,0,0,0,0,0,0,0,0,0,0,0,0,0,0,0,0,0,0,0,0,0,0,0,0,0,0,0,4,0,0,0,0,0,0,0,0,0,0,2.919542738798615,0.0,0.0,0.0,0.0,0.0,3.0656223729018888,benign
runc --root /var/run/docker/runtime-runc/moby --log /run/containerd/io.containerd.runtime.v2.task/moby/efa8f3a0a201 --log-format json --systemd-cgroup kill efa8f3a0a201d8e677fd79ce08e84e8e918f884a8467f85ef34789b4f9dac06 28 -> runc,4,0,0,0,0,0,0,0,0,0,0,0,0,0,0,0,0,0,0,0,0,0,0,0,0,0,0,0,0,0,0,0,0,0,0,0,0,0,0,0,0,0,0,0,0,0,2,0,0,0,0,0,0,0,0,0,0,2.368624908831872,0.0,0.0,0.0,0.0,0.0,3.285385007089348,benign
du -h /sys/kernel/slab/kmalloc-rnd-06-64/validate /sys/kernel/slab/kmalloc-rnd-06-64/skip_kfence /sys/kernel/slab/kmalloc-rnd-06-64/min_partial /sys/kernel/slab/kmalloc-rnd-06-64/poison /sys/kernel/slab/kmalloc-rnd-06-64/red_zone /sys/kernel/slab/kmalloc-rnd-06-64/slabs /sys/kernel/slab/kmalloc-rnd-06-64/destroy_by_rcu /sys/kernel/slab/kmalloc-rnd-06-64/usersize /sys/kernel/slab/kmalloc-rnd-06-64/sanity_checks /sys/kernel/slab/kmalloc-rnd-06-64/align,0,0,0,0,0,0,0,0,0,0,0,0,0,0,0,0,0,0,0,0,0,0,0,0,0,0,0,0,0,0,0,0,0,0,0,0,0,0,0,0,0,0,0,0,0,0,4,0,0,0,0,0,0,0,0,0,0,2.9201272130373352,0.0,0.0,0.0,0.0,0.0,3.087292606550741,benign
runc,0,0,0,0,0,0,0,0,0,0,0,0,0,0,0,0,0,0,0,0,0,0,0,0,0,0,0,0,0,0,0,0,0,0,0,0,0,0,0,0,0,0,0,0,0,0,0,0,0,0,0,0,0,0,0,0,0,0.0,,,,,,,benign
runc --root /var/run/docker/runtime-runc/moby --log /run/containerd/io.containerd.runtime.v2.task/moby/efa8f3a0a201 --log-format json --systemd-cgroup kill efa8f3a0a201d8e677fd79ce08e84e8e918f884a8467f85ef34789b4f9dac06 28 -> runc,4,0,0,0,0,0,0,0,0,0,0,0,0,0,0,0,0,0,0,0,0,0,0,0,0,0,0,0,0,0,0,0,0,0,0,0,0,0,0,0,0,0,0,0,0,0,2,0,0,0,0,0,0,0,0,0,0,2.368624908831872,0.0,0.0,0.0,0.0,0.0,3.285385007089348,benign
runc,0,0,0,0,0,0,0,0,0,0,0,0,0,0,0,0,0,0,0,0,0,0,0,0,0,0,0,0,0,0,0,0,0,0,0,0,0,0,0,0,0,0,0,0,0,0,0,0,0,0,0,0,0,0,0,0,0,0.0,,,,,,,benign
runc --root /var/run/docker/runtime-runc/moby --log /run/containerd/io.containerd.runtime.v2.task/moby/efa8f3a0a201 --log-format json --systemd-cgroup kill efa8f3a0a201d8e677fd79ce08e84e8e918f884a8467f85ef34789b4f9dac06 28 -> runc,4,0,0,0,0,0,0,0,0,0,0,0,0,0,0,0,0,0,0,0,0,0,0,0,0,0,0,0,0,0,0,0,0,0,0,0,0,0,0,0,0,0,0,0,0,0,2,0,0,0,0,0,0,0,0,0,0,2.368624908831872,0.0,0.0,0.0,0.0,0.0,3.285385007089348,benign
du -h /sys/kernel/slab/kmalloc-rcl-512/usersize /sys/kernel/slab/kmalloc-rcl-512/sanity_checks /sys/kernel/slab/kmalloc-rcl-512/align /sys/kernel/slab/kmalloc-rcl-512/aliases /sys/kernel/slab/kmalloc-rcl-512/store_user /sys/kernel/slab/kmalloc-rcl-512/trace /sys/kernel/slab/kmalloc-rcl-512/reclaim_account /sys/kernel/slab/kmalloc-rcl-512/order /sys/kernel/slab/kmalloc-rcl-512/object_size /sys/kernel/slab/kmalloc-rcl-512/shrink,0,0,0,0,0,0,0,0,0,0,0,0,0,0,0,0,0,0,0,0,0,0,0,0,0,0,0,0,0,0,0,0,0,0,0,0,0,0,0,0,0,0,0,0,0,0,4,0,0,0,0,0,0,0,0,0,0,2.9183041548393334,0.0,0.0,0.0,0.0,0.0,3.0197419068600624,benign
runc,0,0,0,0,0,0,0,0,0,0,0,0,0,0,0,0,0,0,0,0,0,0,0,0,0,0,0,0,0,0,0,0,0,0,0,0,0,0,0,0,0,0,0,0,0,0,0,0,0,0,0,0,0,0,0,0,0,0.0,,,,,,,benign
runc --root /var/run/docker/runtime-runc/moby --log /run/containerd/io.containerd.runtime.v2.task/moby/efa8f3a0a201 --log-format json --systemd-cgroup kill efa8f3a0a201d8e677fd79ce08e84e8e918f884a8467f85ef34789b4f9dac06 28 -> runc,4,0,0,0,0,0,0,0,0,0,0,0,0,0,0,0,0,0,0,0,0,0,0,0,0,0,0,0,0,0,0,0,0,0,0,0,0,0,0,0,0,0,0,0,0,0,2,0,0,0,0,0,0,0,0,0,0,2.368624908831872,0.0,0.0,0.0,0.0,0.0,3.285385007089348,benign
runc,0,0,0,0,0,0,0,0,0,0,0,0,0,0,0,0,0,0,0,0,0,0,0,0,0,0,0,0,0,0,0,0,0,0,0,0,0,0,0,0,0,0,0,0,0,0,0,0,0,0,0,0,0,0,0,0,0,0.0,,,,,,,benign
runc --root /var/run/docker/runtime-runc/moby --log /run/containerd/io.containerd.runtime.v2.task/moby/efa8f3a0a201 --log-format json --systemd-cgroup kill efa8f3a0a201d8e677fd79ce08e84e8e918f884a8467f85ef34789b4f9dac06 28 -> runc,4,0,0,0,0,0,0,0,0,0,0,0,0,0,0,0,0,0,0,0,0,0,0,0,0,0,0,0,0,0,0,0,0,0,0,0,0,0,0,0,0,0,0,0,0,0,2,0,0,0,0,0,0,0,0,0,0,2.368624908831872,0.0,0.0,0.0,0.0,0.0,3.285385007089348,benign
runc,0,0,0,0,0,0,0,0,0,0,0,0,0,0,0,0,0,0,0,0,0,0,0,0,0,0,0,0,0,0,0,0,0,0,0,0,0,0,0,0,0,0,0,0,0,0,0,0,0,0,0,0,0,0,0,0,0,0.0,,,,,,,benign
runc --root /var/run/docker/runtime-runc/moby --log /run/containerd/io.containerd.runtime.v2.task/moby/efa8f3a0a201 --log-format json --systemd-cgroup kill efa8f3a0a201d8e677fd79ce08e84e8e918f884a8467f85ef34789b4f9dac06 28 -> runc,4,0,0,0,0,0,0,0,0,0,0,0,0,0,0,0,0,0,0,0,0,0,0,0,0,0,0,0,0,0,0,0,0,0,0,0,0,0,0,0,0,0,0,0,0,0,2,0,0,0,0,0,0,0,0,0,0,2.368624908831872,0.0,0.0,0.0,0.0,0.0,3.285385007089348,benign
du -h /sys/kernel/slab/kmalloc-rnd-01-192/sanity_checks /sys/kernel/slab/kmalloc-rnd-01-192/align /sys/kernel/slab/kmalloc-rnd-01-192/aliases /sys/kernel/slab/kmalloc-rnd-01-192/store_user /sys/kernel/slab/kmalloc-rnd-01-192/trace /sys/kernel/slab/kmalloc-rnd-01-192/reclaim_account /sys/kernel/slab/kmalloc-rnd-01-192/order /sys/kernel/slab/kmalloc-rnd-01-192/object_size /sys/kernel/slab/kmalloc-rnd-01-192/shrink /sys/kernel/slab/kmalloc-rnd-01-192/hwcache_align,0,0,0,0,0,0,0,0,0,0,0,0,0,0,0,0,0,0,0,0,0,0,0,0,0,0,0,0,0,0,0,0,0,0,0,0,0,0,0,0,0,0,0,0,0,0,4,0,0,0,0,0,0,0,0,0,0,2.920676306002546,0.0,0.0,0.0,0.0,0.0,3.107662570009731,benign
runc,0,0,0,0,0,0,0,0,0,0,0,0,0,0,0,0,0,0,0,0,0,0,0,0,0,0,0,0,0,0,0,0,0,0,0,0,0,0,0,0,0,0,0,0,0,0,0,0,0,0,0,0,0,0,0,0,0,0.0,,,,,,,benign
runc --root /var/run/docker/runtime-runc/moby --log /run/containerd/io.containerd.runtime.v2.task/moby/efa8f3a0a201 --log-format json --systemd-cgroup kill efa8f3a0a201d8e677fd79ce08e84e8e918f884a8467f85ef34789b4f9dac06 28 -> runc,4,0,0,0,0,0,0,0,0,0,0,0,0,0,0,0,0,0,0,0,0,0,0,0,0,0,0,0,0,0,0,0,0,0,0,0,0,0,0,0,0,0,0,0,0,0,2,0,0,0,0,0,0,0,0,0,0,2.368624908831872,0.0,0.0,0.0,0.0,0.0,3.285385007089348,benign
runc,0,0,0,0,0,0,0,0,0,0,0,0,0,0,0,0,0,0,0,0,0,0,0,0,0,0,0,0,0,0,0,0,0,0,0,0,0,0,0,0,0,0,0,0,0,0,0,0,0,0,0,0,0,0,0,0,0,0.0,,,,,,,benign
runc --root /var/run/docker/runtime-runc/moby --log /run/containerd/io.containerd.runtime.v2.task/moby/efa8f3a0a201 --log-format json --systemd-cgroup kill efa8f3a0a201d8e677fd79ce08e84e8e918f884a8467f85ef34789b4f9dac06 28 -> runc,4,0,0,0,0,0,0,0,0,0,0,0,0,0,0,0,0,0,0,0,0,0,0,0,0,0,0,0,0,0,0,0,0,0,0,0,0,0,0,0,0,0,0,0,0,0,2,0,0,0,0,0,0,0,0,0,0,2.368624908831872,0.0,0.0,0.0,0.0,0.0,3.285385007089348,benign
runc,0,0,0,0,0,0,0,0,0,0,0,0,0,0,0,0,0,0,0,0,0,0,0,0,0,0,0,0,0,0,0,0,0,0,0,0,0,0,0,0,0,0,0,0,0,0,0,0,0,0,0,0,0,0,0,0,0,0.0,,,,,,,benign
runc --root /var/run/docker/runtime-runc/moby --log /run/containerd/io.containerd.runtime.v2.task/moby/efa8f3a0a201 --log-format json --systemd-cgroup kill efa8f3a0a201d8e677fd79ce08e84e8e918f884a8467f85ef34789b4f9dac06 28 -> runc,4,0,0,0,0,0,0,0,0,0,0,0,0,0,0,0,0,0,0,0,0,0,0,0,0,0,0,0,0,0,0,0,0,0,0,0,0,0,0,0,0,0,0,0,0,0,2,0,0,0,0,0,0,0,0,0,0,2.368624908831872,0.0,0.0,0.0,0.0,0.0,3.285385007089348,benign
runc,0,0,0,0,0,0,0,0,0,0,0,0,0,0,0,0,0,0,0,0,0,0,0,0,0,0,0,0,0,0,0,0,0,0,0,0,0,0,0,0,0,0,0,0,0,0,0,0,0,0,0,0,0,0,0,0,0,0.0,,,,,,,benign
runc --root /var/run/docker/runtime-runc/moby --log /run/containerd/io.containerd.runtime.v2.task/moby/efa8f3a0a201 --log-format json --systemd-cgroup kill efa8f3a0a201d8e677fd79ce08e84e8e918f884a8467f85ef34789b4f9dac06 28 -> runc,4,0,0,0,0,0,0,0,0,0,0,0,0,0,0,0,0,0,0,0,0,0,0,0,0,0,0,0,0,0,0,0,0,0,0,0,0,0,0,0,0,0,0,0,0,0,2,0,0,0,0,0,0,0,0,0,0,2.368624908831872,0.0,0.0,0.0,0.0,0.0,3.285385007089348,benign
du -h /sys/devices/platform/PNP0C14:00/wmi_bus/wmi_bus-PNP0C14:00/86C /sys/devices/platform/PNP0C14:00/wmi_bus/wmi_bus-PNP0C14:00/86C /sys/devices/platform/PNP0C14:00/wmi_bus/wmi_bus-PNP0C14:00/86C /sys/devices/platform/PNP0C14:00/wmi_bus/wmi_bus-PNP0C14:00/86C /sys/devices/platform/PNP0C14:00/wmi_bus/wmi_bus-PNP0C14:00/86C /sys/devices/platform/PNP0C14:00/wmi_bus/wmi_bus-PNP0C14:00/86C /sys/devices/platform/PNP0C14:00/wmi_bus/wmi_bus-PNP0C14:00/86C /sys/devices/platform/PNP0C14:00/wmi_bus/wmi_bus-PNP0C14:00/86C /sys/devices/platform/PNP0C14:00/wmi_bus/wmi_bus-PNP0C14:00/86C /sys/devices/platform/PNP0C14:00/wmi_bus/wmi_bus-PNP0C14:00/86C,0,0,0,0,0,0,0,0,0,0,0,0,0,0,0,0,0,0,0,0,0,0,0,0,0,0,0,0,0,0,0,0,0,0,0,0,0,0,0,0,0,0,0,0,0,0,4,0,0,0,0,0,0,0,0,0,0,2.924874878357528,0.0,0.0,0.0,0.0,0.0,3.263789301573448,benign
runc,0,0,0,0,0,0,0,0,0,0,0,0,0,0,0,0,0,0,0,0,0,0,0,0,0,0,0,0,0,0,0,0,0,0,0,0,0,0,0,0,0,0,0,0,0,0,0,0,0,0,0,0,0,0,0,0,0,0.0,,,,,,,benign
runc --root /var/run/docker/runtime-runc/moby --log /run/containerd/io.containerd.runtime.v2.task/moby/efa8f3a0a201 --log-format json --systemd-cgroup kill efa8f3a0a201d8e677fd79ce08e84e8e918f884a8467f85ef34789b4f9dac06 28 -> runc,4,0,0,0,0,0,0,0,0,0,0,0,0,0,0,0,0,0,0,0,0,0,0,0,0,0,0,0,0,0,0,0,0,0,0,0,0,0,0,0,0,0,0,0,0,0,2,0,0,0,0,0,0,0,0,0,0,2.368624908831872,0.0,0.0,0.0,0.0,0.0,3.285385007089348,benign
runc,0,0,0,0,0,0,0,0,0,0,0,0,0,0,0,0,0,0,0,0,0,0,0,0,0,0,0,0,0,0,0,0,0,0,0,0,0,0,0,0,0,0,0,0,0,0,0,0,0,0,0,0,0,0,0,0,0,0.0,,,,,,,benign
runc --root /var/run/docker/runtime-runc/moby --log /run/containerd/io.containerd.runtime.v2.task/moby/efa8f3a0a201 --log-format json --systemd-cgroup kill efa8f3a0a201d8e677fd79ce08e84e8e918f884a8467f85ef34789b4f9dac06 28 -> runc,4,0,0,0,0,0,0,0,0,0,0,0,0,0,0,0,0,0,0,0,0,0,0,0,0,0,0,0,0,0,0,0,0,0,0,0,0,0,0,0,0,0,0,0,0,0,2,0,0,0,0,0,0,0,0,0,0,2.368624908831872,0.0,0.0,0.0,0.0,0.0,3.285385007089348,benign
du -h /sys/devices/platform/serial8250/serial8250:0/serial8250:0.10/t /sys/devices/platform/serial8250/serial8250:0/serial8250:0.10/t /sys/devices/platform/serial8250/serial8250:0/serial8250:0.10/t /sys/devices/platform/serial8250/serial8250:0/serial8250:0.10/t /sys/devices/platform/serial8250/serial8250:0/serial8250:0.10/t /sys/devices/platform/serial8250/serial8250:0/serial8250:0.10/t /sys/devices/platform/serial8250/serial8250:0/serial8250:0.10/t /sys/devices/platform/serial8250/serial8250:0/serial8250:0.10/t /sys/devices/platform/serial8250/serial8250:0/serial8250:0.10/t /sys/devices/platform/serial8250/serial8250:0/serial8250:0.10/t,0,0,0,0,0,0,0,0,0,0,0,0,0,0,0,0,0,0,0,0,0,0,0,0,0,0,0,0,0,0,0,0,0,0,0,0,0,0,0,0,0,0,0,0,0,0,4,0,0,0,0,0,0,0,0,0,0,2.9197803264004407,0.0,0.0,0.0,0.0,0.0,3.0744297514522034,benign
runc,0,0,0,0,0,0,0,0,0,0,0,0,0,0,0,0,0,0,0,0,0,0,0,0,0,0,0,0,0,0,0,0,0,0,0,0,0,0,0,0,0,0,0,0,0,0,0,0,0,0,0,0,0,0,0,0,0,0.0,,,,,,,benign
runc --root /var/run/docker/runtime-runc/moby --log /run/containerd/io.containerd.runtime.v2.task/moby/efa8f3a0a201 --log-format json --systemd-cgroup kill efa8f3a0a201d8e677fd79ce08e84e8e918f884a8467f85ef34789b4f9dac06 28 -> runc,4,0,0,0,0,0,0,0,0,0,0,0,0,0,0,0,0,0,0,0,0,0,0,0,0,0,0,0,0,0,0,0,0,0,0,0,0,0,0,0,0,0,0,0,0,0,2,0,0,0,0,0,0,0,0,0,0,2.368624908831872,0.0,0.0,0.0,0.0,0.0,3.285385007089348,benign
runc,0,0,0,0,0,0,0,0,0,0,0,0,0,0,0,0,0,0,0,0,0,0,0,0,0,0,0,0,0,0,0,0,0,0,0,0,0,0,0,0,0,0,0,0,0,0,0,0,0,0,0,0,0,0,0,0,0,0.0,,,,,,,benign
du -h /sys/devices/pci0000:00/0000:00:17.0/ata3/host2/target2:0:0/2:0 /sys/devices/pci0000:00/0000:00:17.0/ata3/host2/target2:0:0/2:0 /sys/devices/pci0000:00/0000:00:17.0/ata3/host2/target2:0:0/2:0 /sys/devices/pci0000:00/0000:00:17.0/ata3/host2/target2:0:0/2:0 /sys/devices/pci0000:00/0000:00:17.0/ata3/host2/target2:0:0/2:0 /sys/devices/pci0000:00/0000:00:17.0/ata3/host2/target2:0:0/2:0 /sys/devices/pci0000:00/0000:00:17.0/ata3/host2/target2:0:0/2:0 /sys/devices/pci0000:00/0000:00:17.0/ata3/host2/target2:0:0/2:0 /sys/devices/pci0000:00/0000:00:17.0/ata3/host2/target2:0:0/2:0 /sys/devices/pci0000:00/0000:00:17.0/ata3/host2/target2:0:0/2:0,0,0,0,0,0,0,0,0,0,0,0,0,0,0,0,0,0,0,0,0,0,0,0,0,0,0,0,0,0,0,0,0,0,0,0,0,0,0,0,0,0,0,0,0,0,0,4,0,0,0,0,0,0,0,0,0,0,2.914393741251725,0.0,0.0,0.0,0.0,0.0,2.8752620771497504,benign
du -h /sys/devices/pci0000:00/0000:00:1f.3/hdaudioC0D0/widgets/21/pin /sys/devices/pci0000:00/0000:00:1f.3/hdaudioC0D0/widgets/21/amp /sys/devices/pci0000:00/0000:00:1f.3/hdaudioC0D0/widgets/21/con /sys/devices/pci0000:00/0000:00:1f.3/hdaudioC0D0/widgets/21/pin /sys/devices/pci0000:00/0000:00:1f.3/hdaudioC0D0/widgets/21/cap /sys/devices/pci0000:00/0000:00:1f.3/hdaudioC0D0/widgets/21/pow /sys/devices/pci0000:00/0000:00:1f.3/hdaudioC0D0/widgets/21/pcm /sys/devices/pci0000:00/0000:00:1f.3/hdaudioC0D0/widgets/11/pcm /sys/devices/pci0000:00/0000:00:1f.3/hdaudioC0D0/widgets/11/amp /sys/devices/pci0000:00/0000:00:1f.3/hdaudioC0D0/widgets/11/pin,0,0,0,0,0,0,0,0,0,0,0,0,0,0,0,0,0,0,0,0,0,0,0,0,0,0,0,0,0,0,0,0,0,0,0,0,0,0,0,0,0,0,0,0,0,0,4,0,0,0,0,0,0,0,0,0,0,2.918196766751392,0.0,0.0,0.0,0.0,0.0,3.015766641012517,benign
du -h /sys/devices/pci0000:00/0000:00:14.0/usb1/1-5/1-5:1.0/iad_bFunc /sys/devices/pci0000:00/0000:00:14.0/usb1/1-5/1-5:1.0/bInterfac /sys/devices/pci0000:00/0000:00:14.0/usb1/1-5/1-5:1.0/video4lin /sys/devices/pci0000:00/0000:00:14.0/usb1/1-5/1-5:1.0/video4lin /sys/devices/pci0000:00/0000:00:14.0/usb1/1-5/1-5:1.0/video4lin /sys/devices/pci0000:00/0000:00:14.0/usb1/1-5/1-5:1.0/video4lin /sys/devices/pci0000:00/0000:00:14.0/usb1/1-5/1-5:1.0/video4lin /sys/devices/pci0000:00/0000:00:14.0/usb1/1-5/1-5:1.0/video4lin /sys/devices/pci0000:00/0000:00:14.0/usb1/1-5/1-5:1.0/video4lin /sys/devices/pci0000:00/0000:00:14.0/usb1/1-5/1-5:1.0/video4lin,0,0,0,0,0,0,0,0,0,0,0,0,0,0,0,0,0,0,0,0,0,0,0,0,0,0,0,0,0,0,0,0,0,0,0,0,0,0,0,0,0,0,0,0,0,0,4,0,0,0,0,0,0,0,0,0,0,2.916477856352932,0.0,0.0,0.0,0.0,0.0,2.9521945078794456,benign
du -h /sys/devices/pci0000:00/0000:00:1c.2/0000:02:00.0/subsystem_dev /sys/devices/pci0000:00/0000:00:1c.2/0000:02:00.0/dma_mask_bits /sys/devices/pci0000:00/0000:00:1c.2/0000:02:00.0/vendor /sys/devices/pci0000:00/0000:00:1c.2/0000:02:00.0/local_cpus /sys/devices/pci0000:00/0000:00:1c.2/0000:02:00.0/power/runtime /sys/devices/pci0000:00/0000:00:1c.2/0000:02:00.0/power/wakeup /sys/devices/pci0000:00/0000:00:1c.2/0000:02:00.0/power/wakeup_ /sys/devices/pci0000:00/0000:00:1c.2/0000:02:00.0/power/wakeup_ /sys/devices/pci0000:00/0000:00:1c.2/0000:02:00.0/power/wakeup_ /sys/devices/pci0000:00/0000:00:1c.2/0000:02:00.0/power/runtime,0,0,0,0,0,0,0,0,0,0,0,0,0,0,0,0,0,0,0,0,0,0,0,0,0,0,0,0,0,0,0,0,0,0,0,0,0,0,0,0,0,0,0,0,0,0,4,0,0,0,0,0,0,0,0,0,0,2.913057466033148,0.0,0.0,0.0,0.0,0.0,2.826019486411796,benign
du -h /sys/devices/virtual/thermal/thermal_zone2/trip_point_4_temp /sys/devices/virtual/thermal/thermal_zone2/trip_point_2_type /sys/devices/virtual/thermal/thermal_zone2/mode /sys/devices/virtual/thermal/thermal_zone2/power/runtime_active /sys/devices/virtual/thermal/thermal_zone2/power/runtime_active /sys/devices/virtual/thermal/thermal_zone2/power/runtime_usage /sys/devices/virtual/thermal/thermal_zone2/power/runtime_status /sys/devices/virtual/thermal/thermal_zone2/power/autosuspend_de /sys/devices/virtual/thermal/thermal_zone2/power/async /sys/devices/virtual/thermal/thermal_zone2/power/runtime_suspen,0,0,0,0,0,0,0,0,0,0,0,0,0,0,0,0,0,0,0,0,0,0,0,0,0,0,0,0,0,0,0,0,0,0,0,0,0,0,0,0,0,0,0,0,0,0,4,0,0,0,0,0,0,0,0,0,0,2.9199476203621444,0.0,0.0,0.0,0.0,0.0,3.080632598518183,benign
du -h /sys/devices/virtual/block/loop19/queue/rotational /sys/devices/virtual/block/loop19/queue/discard_max_bytes /sys/devices/virtual/block/loop19/queue/add_random /sys/devices/virtual/block/loop19/queue/discard_max_hw_bytes /sys/devices/virtual/block/loop19/queue/optimal_io_size /sys/devices/virtual/block/loop19/queue/chunk_sectors /sys/devices/virtual/block/loop19/queue/read_ahead_kb /sys/devices/virtual/block/loop19/queue/max_discard_segments /sys/devices/virtual/block/loop19/queue/write_zeroes_max_bytes /sys/devices/virtual/block/loop19/queue/nomerges,0,0,0,0,0,0,0,0,0,0,0,0,0,0,0,0,0,0,0,0,0,0,0,0,0,0,0,0,0,0,0,0,0,0,0,0,0,0,0,0,0,0,0,0,0,0,4,0,0,0,0,0,0,0,0,0,0,2.9215707658733403,0.0,0.0,0.0,0.0,0.0,3.1408687336540977,benign
du -h /sys/devices/LNXSYSTM:00/LNXSYBUS:00/PNP0C0F:06/power/runtime_u /sys/devices/LNXSYSTM:00/LNXSYBUS:00/PNP0C0F:06/power/runtime_s /sys/devices/LNXSYSTM:00/LNXSYBUS:00/PNP0C0F:06/power/autosuspe /sys/devices/LNXSYSTM:00/LNXSYBUS:00/PNP0C0F:06/power/async /sys/devices/LNXSYSTM:00/LNXSYBUS:00/PNP0C0F:06/power/runtime_s /sys/devices/LNXSYSTM:00/LNXSYBUS:00/PNP0C0F:06/power/runtime_e /sys/devices/LNXSYSTM:00/LNXSYBUS:00/PNP0C0F:06/power/control /sys/devices/LNXSYSTM:00/LNXSYBUS:00/PNP0C0F:06/uid /sys/devices/LNXSYSTM:00/LNXSYBUS:00/PNP0C0F:06/hid /sys/devices/LNXSYSTM:00/LNXSYBUS:00/PNP0C0F:06/path,0,0,0,0,0,0,0,0,0,0,0,0,0,0,0,0,0,0,0,0,0,0,0,0,0,0,0,0,0,0,0,0,0,0,0,0,0,0,0,0,0,0,0,0,0,0,4,0,0,0,0,0,0,0,0,0,0,2.925282038464962,0.0,0.0,0.0,0.0,0.0,3.2789647192315785,benign
du -h /sys/devices/LNXSYSTM:00/LNXSYBUS:00/PNP0A08:00/device:10/PNP01 /sys/devices/LNXSYSTM:00/LNXSYBUS:00/PNP0A08:00/device:10/PNP01 /sys/devices/LNXSYSTM:00/LNXSYBUS:00/PNP0A08:00/device:10/PNP01 /sys/devices/LNXSYSTM:00/LNXSYBUS:00/PNP0A08:00/device:10/PNP01 /sys/devices/LNXSYSTM:00/LNXSYBUS:00/PNP0A08:00/device:10/PNP0C /sys/devices/LNXSYSTM:00/LNXSYBUS:00/PNP0A08:00/device:10/PNP0C /sys/devices/LNXSYSTM:00/LNXSYBUS:00/PNP0A08:00/device:10/PNP0C /sys/devices/LNXSYSTM:00/LNXSYBUS:00/PNP0A08:00/device:10/PNP0C /sys/devices/LNXSYSTM:00/LNXSYBUS:00/PNP0A08:00/device:10/PNP0C /sys/devices/LNXSYSTM:00/LNXSYBUS:00/PNP0A08:00/device:10/PNP0C,0,0,0,0,0,0,0,0,0,0,0,0,0,0,0,0,0,0,0,0,0,0,0,0,0,0,0,0,0,0,0,0,0,0,0,0,0,0,0,0,0,0,0,0,0,0,4,0,0,0,0,0,0,0,0,0,0,2.9199026893330715,0.0,0.0,0.0,0.0,0.0,3.0789665649654365,benign
runc --root /var/run/docker/runtime-runc/moby --log /run/containerd/io.containerd.runtime.v2.task/moby/efa8f3a0a201 --log-format json --systemd-cgroup kill efa8f3a0a201d8e677fd79ce08e84e8e918f884a8467f85ef34789b4f9dac06 28 -> runc,4,0,0,0,0,0,0,0,0,0,0,0,0,0,0,0,0,0,0,0,0,0,0,0,0,0,0,0,0,0,0,0,0,0,0,0,0,0,0,0,0,0,0,0,0,0,2,0,0,0,0,0,0,0,0,0,0,2.368624908831872,0.0,0.0,0.0,0.0,0.0,3.285385007089348,benign
runc,0,0,0,0,0,0,0,0,0,0,0,0,0,0,0,0,0,0,0,0,0,0,0,0,0,0,0,0,0,0,0,0,0,0,0,0,0,0,0,0,0,0,0,0,0,0,0,0,0,0,0,0,0,0,0,0,0,0.0,,,,,,,benign
du -h /sys/devices/LNXSYSTM:00/LNXPWRBN:00/input/input3/id/bustype /sys/devices/LNXSYSTM:00/LNXPWRBN:00/input/input3/id/vendor /sys/devices/LNXSYSTM:00/LNXPWRBN:00/input/input3/id/product /sys/devices/LNXSYSTM:00/LNXPWRBN:00/input/input3/id/version /sys/devices/LNXSYSTM:00/LNXPWRBN:00/input/input3/event3/uevent /sys/devices/LNXSYSTM:00/LNXPWRBN:00/input/input3/event3/power/ /sys/devices/LNXSYSTM:00/LNXPWRBN:00/input/input3/event3/power/ /sys/devices/LNXSYSTM:00/LNXPWRBN:00/input/input3/event3/power/ /sys/devices/LNXSYSTM:00/LNXPWRBN:00/input/input3/event3/power/ /sys/devices/LNXSYSTM:00/LNXPWRBN:00/input/input3/event3/power/,0,0,0,0,0,0,0,0,0,0,0,0,0,0,0,0,0,0,0,0,0,0,0,0,0,0,0,0,0,0,0,0,0,0,0,0,0,0,0,0,0,0,0,0,0,0,4,0,0,0,0,0,0,0,0,0,0,2.9244218541201787,0.0,0.0,0.0,0.0,0.0,3.2469117251086166,benign
runc --root /var/run/docker/runtime-runc/moby --log /run/containerd/io.containerd.runtime.v2.task/moby/efa8f3a0a201 --log-format json --systemd-cgroup kill efa8f3a0a201d8e677fd79ce08e84e8e918f884a8467f85ef34789b4f9dac06 28 -> runc,4,0,0,0,0,0,0,0,0,0,0,0,0,0,0,0,0,0,0,0,0,0,0,0,0,0,0,0,0,0,0,0,0,0,0,0,0,0,0,0,0,0,0,0,0,0,2,0,0,0,0,0,0,0,0,0,0,2.368624908831872,0.0,0.0,0.0,0.0,0.0,3.285385007089348,benign
runc,0,0,0,0,0,0,0,0,0,0,0,0,0,0,0,0,0,0,0,0,0,0,0,0,0,0,0,0,0,0,0,0,0,0,0,0,0,0,0,0,0,0,0,0,0,0,0,0,0,0,0,0,0,0,0,0,0,0.0,,,,,,,benign
runc --root /var/run/docker/runtime-runc/moby --log /run/containerd/io.containerd.runtime.v2.task/moby/efa8f3a0a201 --log-format json --systemd-cgroup kill efa8f3a0a201d8e677fd79ce08e84e8e918f884a8467f85ef34789b4f9dac06 28 -> runc,4,0,0,0,0,0,0,0,0,0,0,0,0,0,0,0,0,0,0,0,0,0,0,0,0,0,0,0,0,0,0,0,0,0,0,0,0,0,0,0,0,0,0,0,0,0,2,0,0,0,0,0,0,0,0,0,0,2.368624908831872,0.0,0.0,0.0,0.0,0.0,3.285385007089348,benign
runc,0,0,0,0,0,0,0,0,0,0,0,0,0,0,0,0,0,0,0,0,0,0,0,0,0,0,0,0,0,0,0,0,0,0,0,0,0,0,0,0,0,0,0,0,0,0,0,0,0,0,0,0,0,0,0,0,0,0.0,,,,,,,benign
du -h /sys/module/videobuf2_vmalloc/sections/__dyndbg /sys/module/videobuf2_vmalloc/sections/.gnu.linkonce.this_modul /sys/module/videobuf2_vmalloc/sections/.symtab /sys/module/videobuf2_vmalloc/sections/.rodata /sys/module/videobuf2_vmalloc/sections/.note.gnu.build-id /sys/module/videobuf2_vmalloc/sections/.text /sys/module/videobuf2_vmalloc/sections/.call_sites /sys/module/videobuf2_vmalloc/sections/.data /sys/module/videobuf2_vmalloc/sections/.smp_locks /sys/module/videobuf2_vmalloc/sections/__bug_table,0,0,0,0,0,0,0,0,0,0,0,0,0,0,0,0,0,0,0,0,0,0,0,0,0,0,0,0,0,0,0,0,0,0,0,0,0,0,0,0,0,0,0,0,0,0,4,0,0,0,0,0,0,0,0,0,0,2.9203844442004225,0.0,0.0,0.0,0.0,0.0,3.096833841062497,benign
runc --root /var/run/docker/runtime-runc/moby --log /run/containerd/io.containerd.runtime.v2.task/moby/efa8f3a0a201 --log-format json --systemd-cgroup kill efa8f3a0a201d8e677fd79ce08e84e8e918f884a8467f85ef34789b4f9dac06 28 -> runc,4,0,0,0,0,0,0,0,0,0,0,0,0,0,0,0,0,0,0,0,0,0,0,0,0,0,0,0,0,0,0,0,0,0,0,0,0,0,0,0,0,0,0,0,0,0,2,0,0,0,0,0,0,0,0,0,0,2.368624908831872,0.0,0.0,0.0,0.0,0.0,3.285385007089348,benign
runc,0,0,0,0,0,0,0,0,0,0,0,0,0,0,0,0,0,0,0,0,0,0,0,0,0,0,0,0,0,0,0,0,0,0,0,0,0,0,0,0,0,0,0,0,0,0,0,0,0,0,0,0,0,0,0,0,0,0.0,,,,,,,benign
runc --root /var/run/docker/runtime-runc/moby --log /run/containerd/io.containerd.runtime.v2.task/moby/efa8f3a0a201 --log-format json --systemd-cgroup kill efa8f3a0a201d8e677fd79ce08e84e8e918f884a8467f85ef34789b4f9dac06 28 -> runc,4,0,0,0,0,0,0,0,0,0,0,0,0,0,0,0,0,0,0,0,0,0,0,0,0,0,0,0,0,0,0,0,0,0,0,0,0,0,0,0,0,0,0,0,0,0,2,0,0,0,0,0,0,0,0,0,0,2.368624908831872,0.0,0.0,0.0,0.0,0.0,3.285385007089348,benign
runc,0,0,0,0,0,0,0,0,0,0,0,0,0,0,0,0,0,0,0,0,0,0,0,0,0,0,0,0,0,0,0,0,0,0,0,0,0,0,0,0,0,0,0,0,0,0,0,0,0,0,0,0,0,0,0,0,0,0.0,,,,,,,benign
du -h /sys/module/vboxdrv/sections/.return_sites /sys/module/vboxdrv/sections/.gnu.linkonce.this_module /sys/module/vboxdrv/sections/.symtab /sys/module/vboxdrv/sections/.rodata /sys/module/vboxdrv/sections/.init.text /sys/module/vboxdrv/sections/.note.gnu.build-id /sys/module/vboxdrv/sections/.text /sys/module/vboxdrv/sections/.fixup /sys/module/vboxdrv/sections/.init.data /sys/module/vboxdrv/sections/.call_sites,0,0,0,0,0,0,0,0,0,0,0,0,0,0,0,0,0,0,0,0,0,0,0,0,0,0,0,0,0,0,0,0,0,0,0,0,0,0,0,0,0,0,0,0,0,0,4,0,0,0,0,0,0,0,0,0,0,2.918940071203893,0.0,0.0,0.0,0.0,0.0,3.0432908533370533,benign
runc --root /var/run/docker/runtime-runc/moby --log /run/containerd/io.containerd.runtime.v2.task/moby/efa8f3a0a201 --log-format json --systemd-cgroup kill efa8f3a0a201d8e677fd79ce08e84e8e918f884a8467f85ef34789b4f9dac06 28 -> runc,4,0,0,0,0,0,0,0,0,0,0,0,0,0,0,0,0,0,0,0,0,0,0,0,0,0,0,0,0,0,0,0,0,0,0,0,0,0,0,0,0,0,0,0,0,0,2,0,0,0,0,0,0,0,0,0,0,2.368624908831872,0.0,0.0,0.0,0.0,0.0,3.285385007089348,benign
runc,0,0,0,0,0,0,0,0,0,0,0,0,0,0,0,0,0,0,0,0,0,0,0,0,0,0,0,0,0,0,0,0,0,0,0,0,0,0,0,0,0,0,0,0,0,0,0,0,0,0,0,0,0,0,0,0,0,0.0,,,,,,,benign
runc --root /var/run/docker/runtime-runc/moby --log /run/containerd/io.containerd.runtime.v2.task/moby/efa8f3a0a201 --log-format json --systemd-cgroup kill efa8f3a0a201d8e677fd79ce08e84e8e918f884a8467f85ef34789b4f9dac06 28 -> runc,4,0,0,0,0,0,0,0,0,0,0,0,0,0,0,0,0,0,0,0,0,0,0,0,0,0,0,0,0,0,0,0,0,0,0,0,0,0,0,0,0,0,0,0,0,0,2,0,0,0,0,0,0,0,0,0,0,2.368624908831872,0.0,0.0,0.0,0.0,0.0,3.285385007089348,benign
runc,0,0,0,0,0,0,0,0,0,0,0,0,0,0,0,0,0,0,0,0,0,0,0,0,0,0,0,0,0,0,0,0,0,0,0,0,0,0,0,0,0,0,0,0,0,0,0,0,0,0,0,0,0,0,0,0,0,0.0,,,,,,,benign
runc --root /var/run/docker/runtime-runc/moby --log /run/containerd/io.containerd.runtime.v2.task/moby/efa8f3a0a201 --log-format json --systemd-cgroup kill efa8f3a0a201d8e677fd79ce08e84e8e918f884a8467f85ef34789b4f9dac06 28 -> runc,4,0,0,0,0,0,0,0,0,0,0,0,0,0,0,0,0,0,0,0,0,0,0,0,0,0,0,0,0,0,0,0,0,0,0,0,0,0,0,0,0,0,0,0,0,0,2,0,0,0,0,0,0,0,0,0,0,2.368624908831872,0.0,0.0,0.0,0.0,0.0,3.285385007089348,benign
runc,0,0,0,0,0,0,0,0,0,0,0,0,0,0,0,0,0,0,0,0,0,0,0,0,0,0,0,0,0,0,0,0,0,0,0,0,0,0,0,0,0,0,0,0,0,0,0,0,0,0,0,0,0,0,0,0,0,0.0,,,,,,,benign
runc --root /var/run/docker/runtime-runc/moby --log /run/containerd/io.containerd.runtime.v2.task/moby/efa8f3a0a201 --log-format json --systemd-cgroup kill efa8f3a0a201d8e677fd79ce08e84e8e918f884a8467f85ef34789b4f9dac06 28 -> runc,4,0,0,0,0,0,0,0,0,0,0,0,0,0,0,0,0,0,0,0,0,0,0,0,0,0,0,0,0,0,0,0,0,0,0,0,0,0,0,0,0,0,0,0,0,0,2,0,0,0,0,0,0,0,0,0,0,2.368624908831872,0.0,0.0,0.0,0.0,0.0,3.285385007089348,benign
runc,0,0,0,0,0,0,0,0,0,0,0,0,0,0,0,0,0,0,0,0,0,0,0,0,0,0,0,0,0,0,0,0,0,0,0,0,0,0,0,0,0,0,0,0,0,0,0,0,0,0,0,0,0,0,0,0,0,0.0,,,,,,,benign
du -h /usr/share/bash-completion/completions/mkfs.bfs /usr/share/bash-completion/completions/nsenter /usr/share/bash-completion/completions/setterm /usr/share/bash-completion/completions/chmem /usr/share/bash-completion/completions/unshare /usr/share/bash-completion/completions/mkfs.minix /usr/share/bash-completion/completions/renice /usr/share/bash-completion/completions/su /usr/share/bash-completion/completions/scriptlive /usr/share/bash-completion/completions/ipcmk,0,0,0,0,0,0,0,0,0,0,0,0,0,0,0,0,0,0,0,0,0,0,0,0,0,0,0,0,0,0,0,0,0,0,0,0,0,0,0,0,0,0,0,0,0,0,4,0,0,0,0,0,0,0,0,0,0,2.917608224094426,0.0,0.0,0.0,0.0,0.0,2.993987692912633,benign
du -h /usr/lib/python3.12/test/typinganndata/ann_module5.py /usr/lib/python3.12/test/typinganndata/ann_module4.py /usr/lib/python3.12/io.py /usr/lib/python3.12/locale.py /usr/lib/python3.12/sched.py /usr/lib/python3.12/heapq.py /usr/lib/python3.12/copyreg.py /usr/lib/python3.12/selectors.py /usr/lib/python3.12/zipfile/_path/__init__.py /usr/lib/python3.12/zipfile/_path/__pycache__/glob.cpython-312.,0,0,0,0,0,0,0,0,0,0,0,0,0,0,0,0,0,0,0,0,0,0,0,0,0,0,0,0,0,0,0,0,0,0,0,0,0,0,0,0,0,0,0,0,0,0,4,0,0,0,0,0,0,0,0,0,0,2.922381387887777,0.0,0.0,0.0,0.0,0.0,3.1709881455647797,benign
du -h /proc/3545/mem /proc/3545/mounts /proc/3545/mountinfo /proc/3545/mountstats /proc/3545/clear_refs /proc/3545/smaps /proc/3545/smaps_rollup /proc/3545/pagemap /proc/3545/attr/current /proc/3545/attr/prev,0,0,0,0,0,0,0,0,0,0,0,0,0,0,0,0,0,0,0,0,0,0,0,0,0,0,0,0,0,0,0,0,0,0,0,0,0,0,0,0,0,0,0,0,0,0,4,0,0,0,0,0,0,0,0,0,0,2.9149452139236773,0.0,0.0,0.0,0.0,0.0,2.8956033847784988,benign
/bin/bash -c find ~/Pictures -name '*.jpg',0,0,0,2,0,2,0,0,0,0,0,0,0,0,0,0,0,0,0,0,0,0,0,0,0,0,0,0,0,0,0,0,0,0,0,0,0,0,0,0,0,0,0,0,0,2,2,0,0,0,0,0,0,0,0,0,0,3.2368229283167573,0.0,0.0,0.0,0.0,0.0,2.9054560251971573,benign
/bin/bash -c cat config.txt,0,0,0,2,0,2,0,0,0,0,0,0,0,0,0,0,0,0,0,0,0,0,0,0,0,0,0,0,0,0,0,0,0,0,0,0,0,0,0,0,0,0,0,0,0,2,2,0,0,0,0,0,0,0,0,0,0,3.2272041932919064,0.0,0.0,0.0,0.0,0.0,2.418157288156418,benign
ps,1,0,0,0,0,0,0,0,0,0,0,0,0,0,0,0,0,0,0,0,0,0,0,0,0,0,0,0,0,0,0,0,0,0,0,0,0,0,0,0,0,0,0,0,0,0,0,0,0,0,0,0,0,0,0,0,0,0.009950330853168,,,,,,,benign
/bin/bash -c ls -lt,0,0,0,2,0,2,0,0,0,0,0,0,0,0,0,0,0,0,0,0,0,0,0,0,0,0,0,0,0,0,0,0,0,0,0,0,0,0,0,0,0,0,0,0,0,2,2,0,0,0,0,0,0,0,0,0,0,3.212866599951006,0.0,0.0,0.0,0.0,0.0,1.7004397181410922,benign
/bin/bash -c grep -r 'error' .,7,0,0,2,0,2,0,0,0,0,0,0,0,0,0,0,0,0,0,0,0,0,0,0,0,0,0,0,0,0,0,0,0,0,0,0,0,0,0,0,0,0,0,0,0,2,2,0,0,0,0,0,0,0,0,0,0,3.2199074360531506,0.0,0.0,0.0,0.0,0.0,1.9116071739396192,benign
/bin/bash -c hostname,0,0,0,2,0,2,0,0,0,0,0,0,0,0,0,0,0,0,0,0,0,0,0,0,0,0,0,0,0,0,0,0,0,0,0,0,0,0,0,0,0,0,0,0,0,2,2,0,0,0,0,0,0,0,0,0,0,3.2270278516672244,0.0,0.0,0.0,0.0,0.0,2.4092672522514684,benign
/bin/bash -c top,3,0,0,4,0,4,0,0,0,0,0,4,0,0,0,0,0,0,0,0,0,0,0,0,0,0,0,0,0,0,0,0,0,0,0,0,0,0,0,0,0,0,0,0,0,4,2,0,0,0,0,0,0,0,0,0,0,3.4935410107422067,0.0,0.0,0.0,0.0,0.0,1.6644977792004616,benign
/bin/bash -c ps aux | wc -l -> wc -l -> ps,2,0,0,4,0,4,0,0,0,0,0,0,0,0,0,0,0,0,0,0,0,0,0,0,0,0,0,0,0,0,0,0,0,0,0,0,0,0,0,0,0,0,0,0,0,2,2,0,0,0,0,0,0,0,0,0,0,3.375164803182701,0.0,0.0,0.0,0.0,0.0,2.418200866206268,benign
wc -l,0,0,0,0,0,0,0,0,0,0,0,0,0,0,0,0,0,0,0,0,0,0,0,0,0,0,0,0,0,0,0,0,0,0,0,0,0,0,0,0,0,0,0,0,0,0,1,0,0,0,0,0,0,0,0,0,0,1.7641255650833616,0.0,0.0,0.0,0.0,0.0,1.6729330318733675,benign
ps,2,0,0,2,0,2,0,0,0,0,0,0,0,0,0,0,0,0,0,0,0,0,0,0,0,0,0,0,0,0,0,0,0,0,0,0,0,0,0,0,0,0,0,0,0,2,0,0,0,0,0,0,0,0,0,0,0,2.773837941640213,,,,,,,benign
/bin/bash -c who,0,0,0,2,0,2,0,0,0,0,0,0,0,0,0,0,0,0,0,0,0,0,0,0,0,0,0,0,0,0,0,0,0,0,0,0,0,0,0,0,0,0,0,0,0,2,2,0,0,0,0,0,0,0,0,0,0,3.2121431668887324,0.0,0.0,0.0,0.0,0.0,1.6644977792004616,benign
/bin/bash -c snap list,0,0,0,2,0,2,0,0,0,0,0,0,0,0,0,0,0,0,0,0,0,0,0,0,0,0,0,0,0,0,0,0,0,0,0,0,0,0,0,0,0,0,0,0,0,2,1,0,0,0,0,0,0,0,0,0,0,3.055136317649989,0.0,0.0,0.0,0.0,0.0,2.4481570924667446,benign
/bin/bash -c rm *.bak,0,0,0,2,0,2,0,0,0,0,0,0,0,0,0,0,0,0,0,0,0,0,0,0,0,0,0,0,0,0,0,0,0,0,0,0,0,0,0,0,0,0,0,0,0,2,2,0,0,0,0,0,0,0,0,0,0,3.2215400225660225,0.0,0.0,0.0,0.0,0.0,2.133387491316597,benign
/bin/bash -c mkdir temp_backup,0,0,0,2,0,2,0,0,0,0,0,1,0,0,0,0,0,0,0,0,0,0,0,0,0,0,0,0,0,0,0,0,0,0,0,0,0,0,0,0,0,0,0,0,0,2,2,0,0,0,0,0,0,0,0,0,0,3.232223085606738,0.0,0.0,0.0,0.0,0.0,2.651836652504163,benign
pool-tracker-mi,5,1,0,0,0,0,0,0,0,0,0,0,0,0,0,0,0,0,0,0,0,0,0,0,0,0,0,0,0,0,0,0,0,0,0,0,0,0,0,0,0,0,0,0,0,0,0,0,0,0,0,0,0,0,0,0,0,0.0769610411361283,,,,,,,benign
/bin/bash -c uptime -p,0,0,0,2,0,2,0,0,0,0,0,0,0,0,0,0,0,0,0,0,0,0,0,0,0,0,0,0,0,0,0,0,0,0,0,0,0,0,0,0,0,0,0,0,0,2,2,0,0,0,0,0,0,0,0,0,0,3.2216686318239005,0.0,0.0,0.0,0.0,0.0,2.139835523706203,benign
/bin/bash -c cd ~/Downloads,0,0,0,2,0,2,0,0,0,0,0,0,0,0,0,0,0,0,0,0,0,0,0,0,0,0,0,0,0,0,0,0,0,0,0,0,0,0,0,0,0,0,0,0,0,2,1,0,0,0,0,0,0,0,0,0,0,3.0598331184365177,0.0,0.0,0.0,0.0,0.0,2.6479965658127216,benign
/bin/bash -c history,0,0,0,2,0,2,0,0,0,0,0,0,0,0,0,0,0,0,0,0,0,0,0,0,0,0,0,0,0,0,0,0,0,0,0,0,0,0,0,0,0,0,0,0,0,2,1,0,0,0,0,0,0,0,0,0,0,3.058144511667796,0.0,0.0,0.0,0.0,0.0,2.5760416390251253,benign
/bin/bash -c sudo systemctl start mysql,0,0,0,2,0,2,0,0,0,0,0,0,0,0,0,0,0,0,0,0,0,0,0,0,0,0,0,0,0,0,0,0,0,0,0,0,0,0,0,0,0,0,0,0,0,2,2,0,0,0,0,0,0,0,0,0,0,3.228177122334805,0.0,0.0,0.0,0.0,0.0,2.4672344480973054,benign
/bin/bash -c sudo systemctl stop mysql,0,0,0,2,0,2,0,0,0,0,0,0,0,0,0,0,0,0,0,0,0,0,0,0,0,0,0,0,0,0,0,0,0,0,0,0,0,0,0,0,0,0,0,0,0,2,2,0,0,0,0,0,0,0,0,0,0,3.227484823847206,0.0,0.0,0.0,0.0,0.0,2.4323081491224783,benign
/bin/bash -c sudo systemctl status apache2,0,0,0,2,0,2,0,0,0,0,0,0,0,0,0,0,0,0,0,0,0,0,0,0,0,0,0,0,0,0,0,0,0,0,0,0,0,0,0,0,0,0,0,0,0,2,2,0,0,0,0,0,0,0,0,0,0,3.2297474985642767,0.0,0.0,0.0,0.0,0.0,2.5465492541850745,benign
systemd-logind,0,0,0,0,0,1,0,0,0,0,0,0,0,0,0,0,0,0,0,0,0,0,0,0,0,0,0,0,0,0,0,0,0,0,0,0,0,0,0,0,0,0,0,0,0,0,0,0,0,0,0,0,0,0,0,0,0,0.6931471805599453,,,,,,,benign
ps,1,0,0,0,0,0,0,0,0,0,0,0,0,0,0,0,0,0,0,0,0,0,0,0,0,0,0,0,0,0,0,0,0,0,0,0,0,0,0,0,0,0,0,0,0,0,0,0,0,0,0,0,0,0,0,0,0,0.009950330853168,,,,,,,benign
/bin/bash -c grep -r 'backup' .,7,0,0,2,0,2,0,0,0,0,0,0,0,0,0,0,0,0,0,0,0,0,0,0,0,0,0,0,0,0,0,0,0,0,0,0,0,0,0,0,0,0,0,0,0,2,2,0,0,0,0,0,0,0,0,0,0,3.2277132919182594,0.0,0.0,0.0,0.0,0.0,2.303831637608537,benign
/bin/bash -c tree,0,0,0,2,0,2,0,0,0,0,0,0,0,0,0,0,0,0,0,0,0,0,0,0,0,0,0,0,0,0,0,0,0,0,0,0,0,0,0,0,0,0,0,0,0,2,1,0,0,0,0,0,0,0,0,0,0,3.056078768424663,0.0,0.0,0.0,0.0,0.0,2.4881812484379022,benign
/bin/bash -c mv old_name.txt new_name.txt,0,0,0,2,0,2,0,0,0,0,0,0,0,0,0,0,0,0,0,0,0,0,0,0,0,0,0,0,0,0,0,0,0,0,0,0,0,0,0,0,0,0,0,0,0,2,2,0,0,0,0,0,0,0,0,0,0,3.2309534667516857,0.0,0.0,0.0,0.0,0.0,2.607543555770294,benign
/bin/bash -c df -h,1,0,0,2,0,2,0,0,0,0,0,0,0,0,0,0,0,0,0,0,0,0,0,0,0,0,0,0,0,0,0,0,0,0,0,0,0,0,0,0,0,0,0,0,0,2,2,0,0,0,0,0,0,0,0,0,0,3.2127155499146847,0.0,0.0,0.0,0.0,0.0,1.6729330318733675,benign
/bin/bash -c sudo chown -R user1 data/ -> sudo,1,0,0,2,0,2,1,0,0,0,0,0,0,0,0,0,0,0,0,0,0,0,0,0,0,0,0,0,0,0,0,0,1,0,1,0,0,0,1,0,0,0,0,0,0,2,2,0,0,0,0,0,0,0,0,1,0,3.658548339944105,0.0,0.0,0.0,0.0,0.0,2.589940677888053,benign
chown -R user1 data/,0,0,0,2,0,2,0,0,0,0,0,0,0,0,0,0,0,0,0,0,0,0,0,0,0,0,0,0,0,0,0,0,0,0,0,0,0,0,0,0,0,0,0,0,0,2,1,0,0,0,0,0,0,0,0,0,0,3.0592911985263607,0.0,0.0,0.0,0.0,0.0,2.6248910285861875,benign
sudo,0,0,0,0,0,0,0,0,0,0,0,0,0,0,0,0,0,0,0,0,0,0,0,0,0,0,0,0,0,0,0,0,0,0,0,0,0,0,0,0,0,0,0,0,0,0,0,0,0,0,0,0,0,0,0,0,0,0.0,,,,,,,benign
/bin/bash -c grep 'Linux' readme.txt,0,0,0,2,0,2,0,0,0,0,0,0,0,0,0,0,0,0,0,0,0,0,0,0,0,0,0,0,0,0,0,0,0,0,0,0,0,0,0,0,0,0,0,0,0,2,2,0,0,0,0,0,0,0,0,0,0,3.2311423278424,0.0,0.0,0.0,0.0,0.0,2.617102254249279,benign
/bin/bash -c clear,0,0,0,2,0,2,0,0,0,0,0,0,0,0,0,0,0,0,0,0,0,0,0,0,0,0,0,0,0,0,0,0,0,0,0,0,0,0,0,0,0,0,0,0,0,2,2,0,0,0,0,0,0,0,0,0,0,3.2198643775447437,0.0,0.0,0.0,0.0,0.0,2.049452072789394,benign
/bin/bash -c tail -n 50 /var/log/syslog,0,0,0,2,0,2,0,0,0,0,0,0,0,0,0,0,0,0,0,0,0,0,0,0,0,0,0,0,0,0,0,0,0,0,0,0,0,0,0,0,0,0,0,0,0,2,2,0,0,0,0,0,0,0,0,0,0,3.231200801314019,0.0,0.0,0.0,0.0,0.0,2.6200620984767373,benign
/bin/bash -c wc -l document.txt,0,0,0,2,0,2,0,0,0,0,0,0,0,0,0,0,0,0,0,0,0,0,0,0,0,0,0,0,0,0,0,0,0,0,0,0,0,0,0,0,0,0,0,0,0,2,2,0,0,0,0,0,0,0,0,0,0,3.2294982451238736,0.0,0.0,0.0,0.0,0.0,2.5339519229122627,benign
/bin/bash -c du -sh /,0,0,0,2,0,2,0,0,0,0,0,0,0,0,0,0,0,0,0,0,0,0,0,0,0,0,0,0,0,0,0,0,0,0,0,0,0,0,0,0,0,0,0,0,0,2,2,0,0,0,0,0,0,0,0,0,0,3.215851397655844,0.0,0.0,0.0,0.0,0.0,1.8490070880144411,benign
ps,1,0,0,0,0,0,0,0,0,0,0,0,0,0,0,0,0,0,0,0,0,0,0,0,0,0,0,0,0,0,0,0,0,0,0,0,0,0,0,0,0,0,0,0,0,0,0,0,0,0,0,0,0,0,0,0,0,0.009950330853168,,,,,,,benign
/bin/bash -c ln file.txt file_link.txt,0,0,0,2,0,2,0,0,0,0,0,0,0,0,0,0,0,0,0,0,0,0,0,0,0,0,0,0,0,0,0,0,0,0,0,0,0,0,0,0,0,0,0,0,0,2,2,0,0,0,0,0,0,0,0,0,0,3.227440170302097,0.0,0.0,0.0,0.0,0.0,2.4300562180543115,benign
/bin/bash -c ps aux --sort=-%mem | head -n 10 -> head -n 10 -> ps,2,0,0,4,0,4,0,0,0,0,0,0,0,0,0,0,0,0,0,0,0,0,0,0,0,0,0,0,0,0,0,0,0,0,0,0,0,0,0,0,0,0,0,0,0,2,2,0,0,0,0,0,0,0,0,0,0,3.3804648883092554,0.0,0.0,0.0,0.0,0.0,2.728856831455938,benign
head -n 10,0,0,0,0,0,0,0,0,0,0,0,0,0,0,0,0,0,0,0,0,0,0,0,0,0,0,0,0,0,0,0,0,0,0,0,0,0,0,0,0,0,0,0,0,0,0,1,0,0,0,0,0,0,0,0,0,0,1.8001879351926722,0.0,0.0,0.0,0.0,0.0,2.1015690258342747,benign
ps,2,0,0,2,0,2,0,0,0,0,0,0,0,0,0,0,0,0,0,0,0,0,0,0,0,0,0,0,0,0,0,0,0,0,0,0,0,0,0,0,0,0,0,0,0,2,0,0,0,0,0,0,0,0,0,0,0,2.773837941640213,,,,,,,benign
/bin/bash -c grep 'error' *.txt,2,0,0,2,0,2,0,0,0,0,0,0,0,0,0,0,0,0,0,0,0,0,0,0,0,0,0,0,0,0,0,0,0,0,0,0,0,0,0,0,0,0,0,0,0,2,2,0,0,0,0,0,0,0,0,0,0,3.236905359949828,0.0,0.0,0.0,0.0,0.0,2.8696524180248906,benign
/bin/bash -c uname -v,0,0,0,2,0,2,0,0,0,0,0,0,0,0,0,0,0,0,0,0,0,0,0,0,0,0,0,0,0,0,0,0,0,0,0,0,0,0,0,0,0,0,0,0,0,2,2,0,0,0,0,0,0,0,0,0,0,3.2215400225660225,0.0,0.0,0.0,0.0,0.0,2.133387491316597,benign
/bin/bash -c mkdir ~/backup,0,0,0,2,0,2,0,0,0,0,0,2,0,0,0,0,0,0,0,0,0,0,0,0,0,0,0,0,0,0,0,0,0,0,0,0,0,0,0,0,0,0,0,0,0,2,2,0,0,0,0,0,0,0,0,0,0,3.2327207362614034,0.0,0.0,0.0,0.0,0.0,2.65705980082497,benign
/bin/bash -c sensors | grep 'Core 0' -> bash -> grep Core 0,0,0,0,2,0,2,0,0,0,0,0,0,0,0,0,0,0,0,0,0,0,0,0,0,0,0,0,0,0,0,0,0,0,0,0,0,0,0,0,0,0,0,0,0,0,2,2,0,0,0,0,0,0,0,0,0,0,3.2311340921334293,0.0,0.0,0.0,0.0,0.0,2.616685388242796,benign
bash,0,0,0,0,0,0,0,0,0,0,0,0,0,0,0,0,0,0,0,0,0,0,0,0,0,0,0,0,0,0,0,0,0,0,0,0,0,0,0,0,0,0,0,0,0,0,0,0,0,0,0,0,0,0,0,0,0,0.0,,,,,,,benign
grep Core 0,0,0,0,0,0,0,0,0,0,0,0,0,0,0,0,0,0,0,0,0,0,0,0,0,0,0,0,0,0,0,0,0,0,0,0,0,0,0,0,0,0,0,0,0,0,0,1,0,0,0,0,0,0,0,0,0,0,1.794433268541895,0.0,0.0,0.0,0.0,0.0,2.032128525239341,benign
/bin/bash -c rm *.bak,0,0,0,2,0,2,0,0,0,0,0,0,0,0,0,0,0,0,0,0,0,0,0,0,0,0,0,0,0,0,0,0,0,0,0,0,0,0,0,0,0,0,0,0,0,2,2,0,0,0,0,0,0,0,0,0,0,3.2215400225660225,0.0,0.0,0.0,0.0,0.0,2.133387491316597,benign
/bin/bash -c ss -tuln,0,0,0,2,0,2,0,0,0,0,0,0,0,0,0,0,0,0,0,0,0,0,0,0,0,0,0,0,0,0,0,0,0,0,0,0,0,0,0,0,0,0,0,0,0,2,1,0,0,0,0,0,0,0,0,0,0,3.0547019519902885,0.0,0.0,0.0,0.0,0.0,2.4297230745502008,benign
/bin/bash -c cd ~,0,0,0,2,0,2,0,0,0,0,0,0,0,0,0,0,0,0,0,0,0,0,0,0,0,0,0,0,0,0,0,0,0,0,0,0,0,0,0,0,0,0,0,0,0,2,1,0,0,0,0,0,0,0,0,0,0,3.052170828164994,0.0,0.0,0.0,0.0,0.0,2.3224639918491388,benign
ps,1,0,0,0,0,0,0,0,0,0,0,0,0,0,0,0,0,0,0,0,0,0,0,0,0,0,0,0,0,0,0,0,0,0,0,0,0,0,0,0,0,0,0,0,0,0,0,0,0,0,0,0,0,0,0,0,0,0.009950330853168,,,,,,,benign
/bin/bash -c df -h,1,0,0,2,0,2,0,0,0,0,0,0,0,0,0,0,0,0,0,0,0,0,0,0,0,0,0,0,0,0,0,0,0,0,0,0,0,0,0,0,0,0,0,0,0,2,2,0,0,0,0,0,0,0,0,0,0,3.2127155499146847,0.0,0.0,0.0,0.0,0.0,1.6729330318733675,benign
/bin/bash -c tar -czvf photos_backup.tar.gz ~/photos -> /bin/sh -c gzip -> gzip,0,0,0,2,0,2,0,0,1,0,0,0,0,0,0,0,0,0,0,0,0,0,0,0,0,0,0,0,0,0,0,0,0,0,0,0,0,0,0,0,0,0,0,0,0,2,4,0,0,0,0,0,0,0,0,0,0,3.5104788778268543,0.0,0.0,0.0,0.0,0.0,2.8285785071808767,benign
/bin/sh -c gzip -> gzip,0,0,0,0,0,0,0,0,1,0,0,0,0,0,0,0,0,0,0,0,0,0,0,0,0,0,0,0,0,0,0,0,0,0,0,0,0,0,0,0,0,0,0,0,0,0,2,0,0,0,0,0,0,0,0,0,0,2.3274687740268183,0.0,0.0,0.0,0.0,0.0,2.403917277291339,benign
gzip,0,0,0,0,0,0,0,0,0,0,0,0,0,0,0,0,0,0,0,0,0,0,0,0,0,0,0,0,0,0,0,0,0,0,0,0,0,0,0,0,0,0,0,0,0,0,1,0,0,0,0,0,0,0,0,0,0,1.7817061829263552,0.0,0.0,0.0,0.0,0.0,1.879964948727111,benign
/bin/bash -c tar -czvf documents_backup.tar.gz ~/documents -> /bin/sh -c gzip -> gzip,0,0,0,2,0,2,0,0,1,0,0,0,0,0,0,0,0,0,0,0,0,0,0,0,0,0,0,0,0,0,0,0,0,0,0,0,0,0,0,0,0,0,0,0,0,2,4,0,0,0,0,0,0,0,0,0,0,3.512713491250411,0.0,0.0,0.0,0.0,0.0,2.9783052355061077,benign
/bin/sh -c gzip -> gzip,0,0,0,0,0,0,0,0,1,0,0,0,0,0,0,0,0,0,0,0,0,0,0,0,0,0,0,0,0,0,0,0,0,0,0,0,0,0,0,0,0,0,0,0,0,0,2,0,0,0,0,0,0,0,0,0,0,2.3274687740268183,0.0,0.0,0.0,0.0,0.0,2.403917277291339,benign
gzip,0,0,0,0,0,0,0,0,0,0,0,0,0,0,0,0,0,0,0,0,0,0,0,0,0,0,0,0,0,0,0,0,0,0,0,0,0,0,0,0,0,0,0,0,0,0,1,0,0,0,0,0,0,0,0,0,0,1.7817061829263552,0.0,0.0,0.0,0.0,0.0,1.879964948727111,benign
/bin/bash -c find . -mtime -7,0,0,0,2,0,2,0,0,0,0,0,0,0,0,0,0,0,0,0,0,0,0,0,0,0,0,0,0,0,0,0,0,0,0,0,0,0,0,0,0,0,0,0,0,0,2,2,0,0,0,0,0,0,0,0,0,0,3.223728542902953,0.0,0.0,0.0,0.0,0.0,2.2432255770024763,benign
/bin/bash -c hostname -I,0,0,0,2,0,3,0,0,0,0,0,0,0,0,0,0,0,0,0,0,0,0,0,0,0,0,0,0,0,0,0,0,0,0,0,0,0,0,0,0,0,0,0,0,0,2,2,0,0,0,0,0,0,0,0,0,0,3.2663700844185137,0.0,0.0,0.0,0.0,0.0,2.4320090718903087,benign
/bin/bash -c docker ps,0,0,0,2,0,2,0,0,0,0,0,0,0,0,0,0,0,0,0,0,0,0,0,0,0,0,0,0,0,0,0,0,0,0,0,0,0,0,0,0,0,0,0,0,0,2,1,0,0,0,0,0,0,0,0,0,0,3.058666360704167,0.0,0.0,0.0,0.0,0.0,2.5982657036259327,benign
/bin/bash -c ps aux --sort=-%cpu | head -n 10 -> head -n 10 -> ps,2,0,0,4,0,4,0,0,0,0,0,0,0,0,0,0,0,0,0,0,0,0,0,0,0,0,0,0,0,0,0,0,0,0,0,0,0,0,0,0,0,0,0,0,0,2,2,0,0,0,0,0,0,0,0,0,0,3.3800908444058684,0.0,0.0,0.0,0.0,0.0,2.706878809477916,benign
head -n 10,0,0,0,0,0,0,0,0,0,0,0,0,0,0,0,0,0,0,0,0,0,0,0,0,0,0,0,0,0,0,0,0,0,0,0,0,0,0,0,0,0,0,0,0,0,0,1,0,0,0,0,0,0,0,0,0,0,1.8001879351926722,0.0,0.0,0.0,0.0,0.0,2.1015690258342747,benign
ps,2,0,0,2,0,2,0,0,0,0,0,0,0,0,0,0,0,0,0,0,0,0,0,0,0,0,0,0,0,0,0,0,0,0,0,0,0,0,0,0,0,0,0,0,0,2,0,0,0,0,0,0,0,0,0,0,0,2.773837941640213,,,,,,,benign
/bin/bash -c sudo apt install curl,1,0,0,2,0,2,1,0,0,0,0,0,0,0,0,0,0,0,0,0,0,0,0,0,0,0,0,0,0,0,0,0,1,0,1,0,0,0,1,0,0,0,0,0,0,2,2,0,0,0,0,0,0,0,0,1,0,3.6564818107581303,0.0,0.0,0.0,0.0,0.0,2.4297230745502008,benign
apt install curl -> /usr/bin/dpkg --print-foreign-architectures,1,0,0,0,0,0,0,0,8,0,0,0,0,0,0,0,0,0,0,0,0,1,0,0,0,0,0,0,0,0,0,0,0,0,0,0,0,0,0,0,0,0,0,0,0,0,5,0,0,0,0,0,0,0,0,0,0,3.3633470020643514,0.0,0.0,0.0,0.0,0.0,2.9514195898955555,benign
/usr/bin/dpkg --print-foreign-architectures,0,0,0,0,0,0,0,0,0,0,0,0,0,0,0,0,0,0,0,0,0,0,0,0,0,0,0,0,0,0,0,0,0,0,0,0,0,0,0,0,0,0,0,0,0,0,1,0,0,0,0,0,0,0,0,0,0,1.868058222419032,0.0,0.0,0.0,0.0,0.0,2.9514195898955555,benign
/usr/bin/dpkg --print-foreign-architectures,0,0,0,0,0,0,0,0,0,0,0,0,0,0,0,0,0,0,0,0,0,0,0,0,0,0,0,0,0,0,0,0,0,0,0,0,0,0,0,0,0,0,0,0,0,0,1,0,0,0,0,0,0,0,0,0,0,1.868058222419032,0.0,0.0,0.0,0.0,0.0,2.9514195898955555,benign
/usr/bin/dpkg --print-foreign-architectures,0,0,0,0,0,0,0,0,0,0,0,0,0,0,0,0,0,0,0,0,0,0,0,0,0,0,0,0,0,0,0,0,0,0,0,0,0,0,0,0,0,0,0,0,0,0,1,0,0,0,0,0,0,0,0,0,0,1.868058222419032,0.0,0.0,0.0,0.0,0.0,2.9514195898955555,benign
sudo,0,0,0,0,0,0,0,0,0,0,0,0,0,0,0,0,0,0,0,0,0,0,0,0,0,0,0,0,0,0,0,0,0,0,0,0,0,0,0,0,0,0,0,0,0,0,0,0,0,0,0,0,0,0,0,0,0,0.0,,,,,,,benign
/bin/bash -c chmod 444 data.txt,0,0,0,2,0,2,0,0,0,0,0,0,0,0,0,0,0,0,0,0,0,0,0,0,0,0,0,0,0,0,0,0,0,0,0,0,0,0,0,0,0,0,0,0,0,2,2,0,0,0,0,0,0,0,0,0,0,3.225878993256309,0.0,0.0,0.0,0.0,0.0,2.3513873958267637,benign
/bin/bash -c w,1,0,0,2,0,2,0,0,0,0,0,0,0,0,0,0,0,0,0,0,0,0,0,0,0,0,0,0,0,0,0,0,0,0,0,0,0,0,0,0,0,0,0,0,0,2,2,0,0,0,0,0,0,0,0,0,0,3.1974130553128344,0.0,0.0,0.0,0.0,0.0,0.9182958340544896,benign
/bin/bash -c date,0,0,0,2,0,2,0,0,0,0,0,0,0,0,0,0,0,0,0,0,0,0,0,0,0,0,0,0,0,0,0,0,0,0,0,0,0,0,0,0,0,0,0,0,0,2,2,0,0,0,0,0,0,0,0,0,0,3.2164722375396773,0.0,0.0,0.0,0.0,0.0,1.879964948727111,benign
/bin/bash -c chmod +x example.sh,0,0,0,2,0,2,0,0,0,0,0,0,0,0,0,0,0,0,0,0,0,0,0,0,0,0,0,0,0,0,0,0,0,0,0,0,0,0,0,0,0,0,0,0,0,2,2,0,0,0,0,0,0,0,0,0,0,3.2301064685081027,0.0,0.0,0.0,0.0,0.0,2.564697203220696,benign
/bin/bash -c ln -s example.txt link_example.txt,0,0,1,2,0,2,0,0,0,0,1,0,0,0,0,0,0,0,0,0,0,0,0,0,0,0,0,0,0,0,0,0,0,0,0,0,0,0,0,0,0,0,0,0,0,2,2,0,0,0,0,0,0,0,0,0,0,3.445368415104786,0.0,0.0,0.0,0.0,0.0,2.609665826186049,benign
/bin/bash -c mv ~/Downloads/data.txt ~/Documents/,0,0,0,2,0,2,0,0,0,0,0,0,0,0,0,0,0,0,0,0,0,0,0,0,0,0,0,0,0,0,0,0,0,0,0,0,0,0,0,0,0,0,0,0,0,2,2,0,0,0,0,0,0,0,0,0,0,3.234450243514028,0.0,0.0,0.0,0.0,0.0,2.784816599572358,benign
/bin/bash -c find / -name '*config*',0,0,0,2,0,2,0,0,0,0,0,0,0,0,0,0,0,0,0,0,0,0,0,0,0,0,0,0,0,0,0,0,0,0,0,0,0,0,0,0,0,0,0,0,0,2,2,0,0,0,0,0,0,0,0,0,0,3.228355445003116,0.0,0.0,0.0,0.0,0.0,2.476234702457177,benign
/bin/bash -c uptime,1,0,0,2,0,2,0,0,0,0,0,0,0,0,0,0,0,0,0,0,0,0,0,0,0,0,0,0,0,0,0,0,0,0,0,0,0,0,0,0,0,0,0,0,0,2,2,0,0,0,0,0,0,0,0,0,0,3.223042872011099,0.0,0.0,0.0,0.0,0.0,2.1887870678023824,benign
/bin/bash -c find . -type f -empty -delete,0,0,0,2,0,2,0,0,0,0,0,0,0,0,0,0,0,0,0,0,0,0,0,0,0,0,0,0,0,0,0,0,0,0,0,0,0,0,0,0,0,0,0,0,0,2,2,0,0,0,0,0,0,0,0,0,0,3.2257779229811763,0.0,0.0,0.0,0.0,0.0,2.346298624415442,benign
/bin/bash -c du -sh .,0,0,0,2,0,2,0,0,0,0,0,0,0,0,0,0,0,0,0,0,0,0,0,0,0,0,0,0,0,0,0,0,0,0,0,0,0,0,0,0,0,0,0,0,0,2,2,0,0,0,0,0,0,0,0,0,0,3.215851397655844,0.0,0.0,0.0,0.0,0.0,1.8490070880144411,benign
/bin/bash -c wget http://example.com/file.txt,0,0,0,2,0,2,0,0,0,0,0,0,0,0,0,0,0,0,0,0,0,0,0,0,0,0,0,0,0,0,0,0,0,0,0,0,0,0,0,0,0,0,0,0,0,2,1,0,0,0,0,0,0,0,0,0,0,3.066228949387762,0.0,0.0,0.0,0.0,0.0,2.921640098324864,benign
/bin/bash -c df -h /,1,0,0,2,0,2,0,0,0,0,0,0,0,0,0,0,0,0,0,0,0,0,0,0,0,0,0,0,0,0,0,0,0,0,0,0,0,0,0,0,0,0,0,0,0,2,2,0,0,0,0,0,0,0,0,0,0,3.213104640889833,0.0,0.0,0.0,0.0,0.0,1.6922718656836104,benign
/bin/bash -c zip -r archive.zip *,0,0,0,2,0,2,0,0,0,0,0,0,0,0,0,0,0,0,0,0,0,0,0,0,0,0,0,0,0,0,0,0,0,0,0,0,0,0,0,0,0,0,0,0,0,2,1,0,0,0,0,0,0,0,0,0,0,3.0587411584721464,0.0,0.0,0.0,0.0,0.0,2.601452077985717,benign
/bin/bash -c systemctl list-units --type=service,0,0,0,2,0,2,0,0,0,0,0,0,0,0,0,0,0,0,0,0,0,0,0,0,0,0,0,0,0,0,0,0,0,0,0,0,0,0,0,0,0,0,0,0,0,2,1,0,0,0,0,0,0,0,0,0,0,3.0631831392466244,0.0,0.0,0.0,0.0,0.0,2.791107820818295,benign
/bin/bash -c grep -r 'config' /etc/,2,0,0,2,0,2,0,0,0,0,0,0,0,0,0,0,0,0,0,0,0,1,0,0,0,0,0,0,0,0,0,0,0,0,0,0,0,0,0,0,0,0,0,0,0,2,4,0,0,0,0,0,0,0,0,0,0,3.669566262760868,0.0,0.0,0.0,0.0,0.0,2.429769077366675,benign
/bin/bash -c cp important.txt important_backup.txt,0,0,0,2,0,2,0,0,0,0,0,0,0,0,0,0,0,0,0,0,0,0,0,0,0,0,0,0,0,0,0,0,0,0,0,0,0,0,0,0,0,0,0,0,0,2,2,0,0,0,0,0,0,0,0,0,0,3.2325234418298763,0.0,0.0,0.0,0.0,0.0,2.6870585398604416,benign
ps,1,0,0,0,0,0,0,0,0,0,0,0,0,0,0,0,0,0,0,0,0,0,0,0,0,0,0,0,0,0,0,0,0,0,0,0,0,0,0,0,0,0,0,0,0,0,0,0,0,0,0,0,0,0,0,0,0,0.009950330853168,,,,,,,benign
/bin/bash -c ls | wc -l -> ls -> wc -l,0,0,0,2,0,2,0,0,0,0,0,0,0,0,0,0,0,0,0,0,0,0,0,0,0,0,0,0,0,0,0,0,0,0,0,0,0,0,0,0,0,0,0,0,0,2,3,0,0,0,0,0,0,0,0,0,0,3.372485651045346,0.0,0.0,0.0,0.0,0.0,2.3017920674499868,benign
ls,0,0,0,0,0,0,0,0,0,0,0,0,0,0,0,0,0,0,0,0,0,0,0,0,0,0,0,0,0,0,0,0,0,0,0,0,0,0,0,0,0,0,0,0,0,0,1,0,0,0,0,0,0,0,0,0,0,1.7379147292006898,0.0,0.0,0.0,0.0,0.0,1.3709505944546687,benign
wc -l,0,0,0,0,0,0,0,0,0,0,0,0,0,0,0,0,0,0,0,0,0,0,0,0,0,0,0,0,0,0,0,0,0,0,0,0,0,0,0,0,0,0,0,0,0,0,1,0,0,0,0,0,0,0,0,0,0,1.7641255650833616,0.0,0.0,0.0,0.0,0.0,1.6729330318733675,benign
/bin/bash -c sudo chown -R user1 project/ -> sudo,1,0,0,2,0,2,1,0,0,0,0,0,0,0,0,0,0,0,0,0,0,0,0,0,0,0,0,0,0,0,0,0,1,0,1,0,0,0,1,0,0,0,0,0,0,2,2,0,0,0,0,0,0,0,0,1,0,3.659368168832783,0.0,0.0,0.0,0.0,0.0,2.65359363800698,benign
chown -R user1 project/,0,0,0,2,0,2,0,0,0,0,0,0,0,0,0,0,0,0,0,0,0,0,0,0,0,0,0,0,0,0,0,0,0,0,0,0,0,0,0,0,0,0,0,0,0,2,1,0,0,0,0,0,0,0,0,0,0,3.059946796134449,0.0,0.0,0.0,0.0,0.0,2.6528449674560703,benign
sudo,0,0,0,0,0,0,0,0,0,0,0,0,0,0,0,0,0,0,0,0,0,0,0,0,0,0,0,0,0,0,0,0,0,0,0,0,0,0,0,0,0,0,0,0,0,0,0,0,0,0,0,0,0,0,0,0,0,0.0,,,,,,,benign
/bin/bash -c du -ah / | sort -rh | head -n 10 -> du -ah / -> sort -rh -> head -n 10,0,0,0,2,0,2,0,0,0,0,0,0,0,0,0,0,0,0,0,0,0,0,0,0,0,0,0,0,0,0,0,0,0,0,0,0,0,0,0,0,0,0,0,0,0,2,4,0,0,0,0,0,0,0,0,0,0,3.5031826702452435,0.0,0.0,0.0,0.0,0.0,2.442030840069936,benign
du -ah /,0,0,0,0,0,0,0,0,0,0,0,0,0,0,0,0,0,0,0,0,0,0,0,0,0,0,0,0,0,0,0,0,0,0,0,0,0,0,0,0,0,0,0,0,0,0,1,0,0,0,0,0,0,0,0,0,0,1.7790968934696378,0.0,0.0,0.0,0.0,0.0,1.8490070880144411,benign
sort -rh,0,0,0,0,0,0,0,0,0,0,0,0,0,0,0,0,0,0,0,0,0,0,0,0,0,0,0,0,0,0,0,0,0,0,0,0,0,0,0,0,0,0,0,0,0,0,1,0,0,0,0,0,0,0,0,0,0,1.793070312405364,0.0,0.0,0.0,0.0,0.0,2.015740432493068,benign
head -n 10,0,0,0,0,0,0,0,0,0,0,0,0,0,0,0,0,0,0,0,0,0,0,0,0,0,0,0,0,0,0,0,0,0,0,0,0,0,0,0,0,0,0,0,0,0,0,1,0,0,0,0,0,0,0,0,0,0,1.8001879351926722,0.0,0.0,0.0,0.0,0.0,2.1015690258342747,benign
/bin/bash -c dpkg --get-selections,0,0,0,2,0,2,0,0,0,0,0,0,0,0,0,0,0,0,0,0,0,0,0,0,0,0,0,0,0,0,0,0,0,0,0,0,0,0,0,0,0,0,0,0,0,2,2,0,0,0,0,0,0,0,0,0,0,3.231712928778216,0.0,0.0,0.0,0.0,0.0,2.64599266182679,benign
/bin/bash -c mkdir ~/logs,0,0,0,2,0,2,0,0,0,0,0,2,0,0,0,0,0,0,0,0,0,0,0,0,0,0,0,0,0,0,0,0,0,0,0,0,0,0,0,0,0,0,0,0,0,2,2,0,0,0,0,0,0,0,0,0,0,3.229708735476608,0.0,0.0,0.0,0.0,0.0,2.5045899518395114,benign
/bin/bash -c find . -name '*.log',0,0,0,2,0,2,0,0,0,0,0,0,0,0,0,0,0,0,0,0,0,0,0,0,0,0,0,0,0,0,0,0,0,0,0,0,0,0,0,0,0,0,0,0,0,2,2,0,0,0,0,0,0,0,0,0,0,3.2278314299003923,0.0,0.0,0.0,0.0,0.0,2.4497913221148813,benign
/bin/bash -c grep 'error' app.log,0,0,0,2,0,2,0,0,0,0,0,0,0,0,0,0,0,0,0,0,0,0,0,0,0,0,0,0,0,0,0,0,0,0,0,0,0,0,0,0,0,0,0,0,0,2,2,0,0,0,0,0,0,0,0,0,0,3.223059612581807,0.0,0.0,0.0,0.0,0.0,2.209627598587938,benign
/bin/bash -c clear,0,0,0,2,0,2,0,0,0,0,0,0,0,0,0,0,0,0,0,0,0,0,0,0,0,0,0,0,0,0,0,0,0,0,0,0,0,0,0,0,0,0,0,0,0,2,2,0,0,0,0,0,0,0,0,0,0,3.2198643775447437,0.0,0.0,0.0,0.0,0.0,2.049452072789394,benign
/bin/bash -c sudo reboot,0,0,0,2,0,2,0,0,0,0,0,0,0,0,0,0,0,0,0,0,0,0,0,0,0,0,0,0,0,0,0,0,0,0,0,0,0,0,0,0,0,0,0,0,0,2,2,0,0,0,0,0,0,0,0,0,0,3.223371202155266,0.0,0.0,0.0,0.0,0.0,2.2252748326658103,benign
/bin/bash -c ip link show,0,0,0,2,0,2,0,0,0,0,0,0,0,0,0,0,0,0,0,0,0,0,0,0,0,0,0,0,0,0,0,0,0,0,0,0,0,0,0,0,0,0,0,0,0,2,1,0,0,0,0,0,0,0,0,0,0,3.056279423889832,0.0,0.0,0.0,0.0,0.0,2.496707589610338,benign
/bin/bash -c sudo mkdir /var/temp -> sudo,1,0,0,2,0,2,1,0,0,0,0,0,0,0,0,0,0,0,0,0,0,0,0,0,0,0,0,0,0,0,0,0,1,0,1,0,0,0,1,0,0,0,0,0,0,2,2,0,0,0,0,0,0,0,0,1,0,3.658997684607016,0.0,0.0,0.0,0.0,0.0,2.624822126830004,benign
mkdir /var/temp,0,0,0,0,0,0,0,0,0,0,0,2,0,0,0,0,0,0,0,0,0,0,0,0,0,0,0,0,0,0,0,0,0,0,0,0,0,0,0,0,0,0,0,0,0,0,1,0,0,0,0,0,0,0,0,0,0,1.8373011916973685,0.0,0.0,0.0,0.0,0.0,2.519136042604431,benign
sudo,0,0,0,0,0,0,0,0,0,0,0,0,0,0,0,0,0,0,0,0,0,0,0,0,0,0,0,0,0,0,0,0,0,0,0,0,0,0,0,0,0,0,0,0,0,0,0,0,0,0,0,0,0,0,0,0,0,0.0,,,,,,,benign
/bin/bash -c firefox 'https://example.com' &,0,0,0,2,0,2,0,0,0,0,0,0,0,0,0,0,0,0,0,0,0,0,0,0,0,0,0,0,0,0,0,0,0,0,0,0,0,0,0,0,0,0,0,0,0,2,1,0,0,0,0,0,0,0,0,0,0,3.0668671279501987,0.0,0.0,0.0,0.0,0.0,2.949040511148323,benign
bash,0,0,0,0,0,0,0,0,0,0,0,0,0,0,0,0,0,0,0,0,0,0,0,0,0,0,0,0,0,0,0,0,0,0,0,0,0,0,0,0,0,0,0,0,0,0,0,0,0,0,0,0,0,0,0,0,0,0.0,,,,,,,benign
/bin/bash -c uptime,1,0,0,2,0,2,0,0,0,0,0,0,0,0,0,0,0,0,0,0,0,0,0,0,0,0,0,0,0,0,0,0,0,0,0,0,0,0,0,0,0,0,0,0,0,2,2,0,0,0,0,0,0,0,0,0,0,3.223042872011099,0.0,0.0,0.0,0.0,0.0,2.1887870678023824,benign
/bin/bash -c ps aux,2,0,0,4,0,4,0,0,0,0,0,0,0,0,0,0,0,0,0,0,0,0,0,0,0,0,0,0,0,0,0,0,0,0,0,0,0,0,0,0,0,0,0,0,0,4,1,0,0,0,0,0,0,0,0,0,0,3.375067831438304,0.0,0.0,0.0,0.0,0.0,2.412532347341446,benign
/bin/bash -c sudo hostnamectl set-hostname new-hostname,0,0,0,2,0,2,0,0,0,0,0,0,0,0,0,0,0,0,0,0,0,0,0,0,0,0,0,0,0,0,0,0,0,0,0,0,0,0,0,0,0,0,0,0,0,2,2,0,0,0,0,0,0,0,0,0,0,3.2314135558130554,0.0,0.0,0.0,0.0,0.0,2.63083289015625,benign
/bin/bash -c df -h /,1,0,0,2,0,2,0,0,0,0,0,0,0,0,0,0,0,0,0,0,0,0,0,0,0,0,0,0,0,0,0,0,0,0,0,0,0,0,0,0,0,0,0,0,0,2,2,0,0,0,0,0,0,0,0,0,0,3.213104640889833,0.0,0.0,0.0,0.0,0.0,1.6922718656836104,benign
/bin/bash -c find . -mtime -30,0,0,0,2,0,2,0,0,0,0,0,0,0,0,0,0,0,0,0,0,0,0,0,0,0,0,0,0,0,0,0,0,0,0,0,0,0,0,0,0,0,0,0,0,0,2,2,0,0,0,0,0,0,0,0,0,0,3.225304397085114,0.0,0.0,0.0,0.0,0.0,2.3224639918491388,benign
/bin/bash -c sudo systemctl start nginx,0,0,0,2,0,2,0,0,0,0,0,0,0,0,0,0,0,0,0,0,0,0,0,0,0,0,0,0,0,0,0,0,0,0,0,0,0,0,0,0,0,0,0,0,0,2,2,0,0,0,0,0,0,0,0,0,0,3.231018060064845,0.0,0.0,0.0,0.0,0.0,2.6108125702564906,benign
/bin/bash -c sudo systemctl stop nginx,0,0,0,2,0,2,0,0,0,0,0,0,0,0,0,0,0,0,0,0,0,0,0,0,0,0,0,0,0,0,0,0,0,0,0,0,0,0,0,0,0,0,0,0,0,2,2,0,0,0,0,0,0,0,0,0,0,3.230439048090613,0.0,0.0,0.0,0.0,0.0,2.5815167858761416,benign
/bin/bash -c ls ~/documents | wc -l -> wc -l -> ls /root/documents,0,0,0,2,0,2,0,0,0,0,0,0,0,0,0,0,0,0,0,0,0,0,0,0,0,0,0,0,0,0,0,0,0,0,0,0,0,0,0,0,0,0,0,0,0,2,3,0,0,0,0,0,0,0,0,0,0,3.378377967179236,0.0,0.0,0.0,0.0,0.0,2.6463387496004804,benign
wc -l,0,0,0,0,0,0,0,0,0,0,0,0,0,0,0,0,0,0,0,0,0,0,0,0,0,0,0,0,0,0,0,0,0,0,0,0,0,0,0,0,0,0,0,0,0,0,1,0,0,0,0,0,0,0,0,0,0,1.7641255650833616,0.0,0.0,0.0,0.0,0.0,1.6729330318733675,benign
ls /root/documents,0,0,0,0,0,0,0,0,0,0,0,0,0,0,0,0,0,0,0,0,0,0,0,0,0,0,0,0,0,0,0,0,0,0,0,0,0,0,0,0,0,0,0,0,0,0,1,0,0,0,0,0,0,0,0,0,0,1.8391679953947728,0.0,0.0,0.0,0.0,0.0,2.582603381847579,benign
/bin/bash -c find / -name '*.bak' -exec rm {} +,0,0,0,2,0,2,0,0,0,0,0,0,0,0,0,0,0,0,0,0,0,0,0,0,0,0,0,0,0,0,0,0,0,0,0,0,0,0,0,0,0,0,0,0,0,2,2,0,0,0,0,0,0,0,0,0,0,3.229837645987752,0.0,0.0,0.0,0.0,0.0,2.551106100756793,benign
/bin/bash -c ls -l log.txt,0,0,0,2,0,2,0,0,0,0,0,0,0,0,0,0,0,0,0,0,0,0,0,0,0,0,0,0,0,0,0,0,0,0,0,0,0,0,0,0,0,0,0,0,0,2,2,0,0,0,0,0,0,0,0,0,0,3.22155894434551,0.0,0.0,0.0,0.0,0.0,2.1343361131944514,benign
/bin/bash -c find /home -type f,0,0,0,2,0,2,0,0,0,0,0,0,0,0,0,0,0,0,0,0,0,0,0,0,0,0,0,0,0,0,0,0,0,0,0,0,0,0,0,0,0,0,0,0,0,2,2,0,0,0,0,0,0,0,0,0,0,3.2278314299003923,0.0,0.0,0.0,0.0,0.0,2.4497913221148813,benign
/bin/bash -c grep 'error' /var/log/*,1,0,1,2,0,2,0,0,0,0,0,0,0,0,0,0,0,0,0,0,0,1,0,0,0,0,0,0,0,0,0,0,0,0,0,0,0,0,0,0,0,0,0,0,0,2,3,0,0,0,0,0,0,0,0,0,0,3.7214169411027567,0.0,0.0,0.0,0.0,0.0,2.62580953598665,benign
/bin/bash -c python3 -m http.server 8000,10,0,0,7,0,7,0,0,0,0,0,0,0,0,0,0,0,0,0,0,0,9,0,0,0,0,0,0,0,0,0,0,0,0,0,0,0,0,0,0,0,0,0,0,0,6,11,0,0,0,0,0,0,0,0,0,0,4.447759569021759,0.0,0.0,0.0,0.0,0.0,2.670634974864295,benign
virtiofsd,0,0,0,0,0,0,0,0,0,0,0,0,0,0,0,0,0,0,0,0,0,0,0,0,0,0,0,0,0,0,0,0,0,0,0,0,0,0,0,0,0,0,0,0,0,0,0,0,0,0,0,0,0,0,0,0,0,0.0,,,,,,,benign
qemu-system-x86,0,0,0,0,0,0,0,0,0,0,0,0,0,0,0,0,0,0,0,0,0,0,0,0,0,0,0,0,0,0,0,0,0,0,0,0,0,0,0,0,0,0,0,0,0,0,0,0,0,0,0,0,0,0,0,0,0,0.0,,,,,,,benign
kvm-pit/805986,0,0,0,0,0,0,0,0,0,0,0,0,0,0,0,0,0,0,0,0,0,0,0,0,0,0,0,0,0,0,0,0,0,0,0,0,0,0,0,0,0,0,0,0,0,0,0,0,0,0,0,0,0,0,0,0,0,0.0,,,,,,,benign
/bin/bash -c free -h,0,0,0,2,0,2,0,0,0,0,0,0,0,0,0,0,0,0,0,0,0,0,0,0,0,0,0,0,0,0,0,0,0,0,0,0,0,0,0,0,0,0,0,0,0,2,2,0,0,0,0,0,0,0,0,0,0,3.216304567244948,0.0,0.0,0.0,0.0,0.0,1.871602261409798,benign
/bin/bash -c who,0,0,0,2,0,2,0,0,0,0,0,0,0,0,0,0,0,0,0,0,0,0,0,0,0,0,0,0,0,0,0,0,0,0,0,0,0,0,0,0,0,0,0,0,0,2,2,0,0,0,0,0,0,0,0,0,0,3.2121431668887324,0.0,0.0,0.0,0.0,0.0,1.6644977792004616,benign
/bin/bash -c date,0,0,0,2,0,2,0,0,0,0,0,0,0,0,0,0,0,0,0,0,0,0,0,0,0,0,0,0,0,0,0,0,0,0,0,0,0,0,0,0,0,0,0,0,0,2,2,0,0,0,0,0,0,0,0,0,0,3.2164722375396773,0.0,0.0,0.0,0.0,0.0,1.879964948727111,benign
/bin/bash -c df -h,1,0,0,2,0,2,0,0,0,0,0,0,0,0,0,0,0,0,0,0,0,0,0,0,0,0,0,0,0,0,0,0,0,0,0,0,0,0,0,0,0,0,0,0,0,2,2,0,0,0,0,0,0,0,0,0,0,3.2127155499146847,0.0,0.0,0.0,0.0,0.0,1.6729330318733675,benign
/bin/bash -c tar -cvf documents_backup.tar ~/documents,0,1,0,2,0,2,0,0,1,0,0,0,0,0,0,0,0,0,0,0,0,0,0,0,0,0,0,0,0,0,0,0,0,0,0,0,0,0,0,0,0,0,0,0,0,2,2,0,0,0,0,0,0,0,0,0,0,3.23970662991899,0.0,0.0,0.0,0.0,0.0,2.89246403203856,benign
/bin/bash -c ps aux | wc -l -> wc -l -> ps,2,0,0,4,0,4,0,0,0,0,0,0,0,0,0,0,0,0,0,0,0,0,0,0,0,0,0,0,0,0,0,0,0,0,0,0,0,0,0,0,0,0,0,0,0,2,2,0,0,0,0,0,0,0,0,0,0,3.375164803182701,0.0,0.0,0.0,0.0,0.0,2.418200866206268,benign
wc -l,0,0,0,0,0,0,0,0,0,0,0,0,0,0,0,0,0,0,0,0,0,0,0,0,0,0,0,0,0,0,0,0,0,0,0,0,0,0,0,0,0,0,0,0,0,0,1,0,0,0,0,0,0,0,0,0,0,1.7641255650833616,0.0,0.0,0.0,0.0,0.0,1.6729330318733675,benign
ps,2,0,0,2,0,2,0,0,0,0,0,0,0,0,0,0,0,0,0,0,0,0,0,0,0,0,0,0,0,0,0,0,0,0,0,0,0,0,0,0,0,0,0,0,0,2,0,0,0,0,0,0,0,0,0,0,0,2.773837941640213,,,,,,,benign
/bin/bash -c find . -name '*.txt',0,0,0,2,0,2,0,0,0,0,0,0,0,0,0,0,0,0,0,0,0,0,0,0,0,0,0,0,0,0,0,0,0,0,0,0,0,0,0,0,0,0,0,0,0,2,2,0,0,0,0,0,0,0,0,0,0,3.226759412925789,0.0,0.0,0.0,0.0,0.0,2.3957372680608278,benign
/bin/bash -c head -n 20 logfile.log,0,0,0,2,0,2,0,0,0,0,0,0,0,0,0,0,0,0,0,0,0,0,0,0,0,0,0,0,0,0,0,0,0,0,0,0,0,0,0,0,0,0,0,0,0,2,2,0,0,0,0,0,0,0,0,0,0,3.2295594705695203,0.0,0.0,0.0,0.0,0.0,2.5370459813556336,benign
/bin/bash -c du -ah . | sort -rh | head -n 10 -> du -ah . -> sort -rh -> head -n 10,0,0,0,2,0,2,0,0,0,0,0,0,0,0,0,0,0,0,0,0,0,0,0,0,0,0,0,0,0,0,0,0,0,0,0,0,0,0,0,0,0,0,0,0,0,2,4,0,0,0,0,0,0,0,0,0,0,3.5036382040974763,0.0,0.0,0.0,0.0,0.0,2.4723043291046998,benign
du -ah .,0,0,0,0,0,0,0,0,0,0,0,0,0,0,0,0,0,0,0,0,0,0,0,0,0,0,0,0,0,0,0,0,0,0,0,0,0,0,0,0,0,0,0,0,0,0,1,0,0,0,0,0,0,0,0,0,0,1.7790968934696378,0.0,0.0,0.0,0.0,0.0,1.8490070880144411,benign
sort -rh,0,0,0,0,0,0,0,0,0,0,0,0,0,0,0,0,0,0,0,0,0,0,0,0,0,0,0,0,0,0,0,0,0,0,0,0,0,0,0,0,0,0,0,0,0,0,1,0,0,0,0,0,0,0,0,0,0,1.793070312405364,0.0,0.0,0.0,0.0,0.0,2.015740432493068,benign
head -n 10,0,0,0,0,0,0,0,0,0,0,0,0,0,0,0,0,0,0,0,0,0,0,0,0,0,0,0,0,0,0,0,0,0,0,0,0,0,0,0,0,0,0,0,0,0,0,1,0,0,0,0,0,0,0,0,0,0,1.8001879351926722,0.0,0.0,0.0,0.0,0.0,2.1015690258342747,benign
/bin/bash -c sudo systemctl status ssh,0,0,0,2,0,2,0,0,0,0,0,0,0,0,0,0,0,0,0,0,0,0,0,0,0,0,0,0,0,0,0,0,0,0,0,0,0,0,0,0,0,0,0,0,0,2,2,0,0,0,0,0,0,0,0,0,0,3.225427164617758,0.0,0.0,0.0,0.0,0.0,2.328642335832225,benign
kworker/dying,0,0,0,0,0,0,0,0,0,0,0,0,0,0,0,0,0,0,0,0,0,0,0,0,0,0,0,0,0,0,0,0,0,0,0,0,0,0,0,0,0,0,0,0,0,0,0,0,0,0,0,0,0,0,0,0,0,0.0,,,,,,,benign
/bin/bash -c sudo systemctl stop ssh,0,0,0,2,0,2,0,0,0,0,0,0,0,0,0,0,0,0,0,0,0,0,0,0,0,0,0,0,0,0,0,0,0,0,0,0,0,0,0,0,0,0,0,0,0,2,2,0,0,0,0,0,0,0,0,0,0,3.225838360264312,0.0,0.0,0.0,0.0,0.0,2.349341509871168,benign
/bin/bash -c free -m,0,0,0,2,0,2,0,0,0,0,0,0,0,0,0,0,0,0,0,0,0,0,0,0,0,0,0,0,0,0,0,0,0,0,0,0,0,0,0,0,0,0,0,0,0,2,2,0,0,0,0,0,0,0,0,0,0,3.216304567244948,0.0,0.0,0.0,0.0,0.0,1.871602261409798,benign
/bin/bash -c sudo apt install nginx,1,0,0,2,0,2,1,0,0,0,0,0,0,0,0,0,0,0,0,0,0,0,0,0,0,0,0,0,0,0,0,0,1,0,1,0,0,0,1,0,0,0,0,0,0,2,2,0,0,0,0,0,0,0,0,1,0,3.656719795140355,0.0,0.0,0.0,0.0,0.0,2.4481570924667446,benign
apt install nginx -> /usr/bin/dpkg --print-foreign-architectures,2,0,1,4,0,4,8,0,8,0,0,0,0,0,0,0,0,0,0,0,0,2,0,4,0,0,0,0,0,0,0,0,4,0,4,0,4,0,0,0,2,0,0,0,0,4,14,0,0,0,0,0,0,0,0,0,0,4.859003626186804,0.0,0.0,0.0,0.0,0.0,2.9514195898955555,benign
/usr/bin/dpkg --print-foreign-architectures,0,0,0,0,0,0,0,0,0,0,0,0,0,0,0,0,0,0,0,0,0,0,0,0,0,0,0,0,0,0,0,0,0,0,0,0,0,0,0,0,0,0,0,0,0,0,1,0,0,0,0,0,0,0,0,0,0,1.868058222419032,0.0,0.0,0.0,0.0,0.0,2.9514195898955555,benign
/usr/bin/dpkg --print-foreign-architectures,0,0,0,0,0,0,0,0,0,0,0,0,0,0,0,0,0,0,0,0,0,0,0,0,0,0,0,0,0,0,0,0,0,0,0,0,0,0,0,0,0,0,0,0,0,0,1,0,0,0,0,0,0,0,0,0,0,1.868058222419032,0.0,0.0,0.0,0.0,0.0,2.9514195898955555,benign
/usr/bin/dpkg --print-foreign-architectures,0,0,0,0,0,0,0,0,0,0,0,0,0,0,0,0,0,0,0,0,0,0,0,0,0,0,0,0,0,0,0,0,0,0,0,0,0,0,0,0,0,0,0,0,0,0,1,0,0,0,0,0,0,0,0,0,0,1.868058222419032,0.0,0.0,0.0,0.0,0.0,2.9514195898955555,benign
sudo,0,0,0,0,0,0,0,0,0,0,0,0,0,0,0,0,0,0,0,0,0,0,0,0,0,0,0,0,0,0,0,0,0,0,0,0,0,0,0,0,0,0,0,0,0,0,0,0,0,0,0,0,0,0,0,0,0,0.0,,,,,,,benign
ps,1,0,0,0,0,0,0,0,0,0,0,0,0,0,0,0,0,0,0,0,0,0,0,0,0,0,0,0,0,0,0,0,0,0,0,0,0,0,0,0,0,0,0,0,0,0,0,0,0,0,0,0,0,0,0,0,0,0.009950330853168,,,,,,,benign
/bin/bash -c sudo systemctl restart nginx,0,0,0,2,0,2,0,0,0,0,0,0,0,0,0,0,0,0,0,0,0,0,0,0,0,0,0,0,0,0,0,0,0,0,0,0,0,0,0,0,0,0,0,0,0,2,2,0,0,0,0,0,0,0,0,0,0,3.231592771800857,0.0,0.0,0.0,0.0,0.0,2.6399075580243907,benign
/bin/bash -c rm -rf old_files,0,0,0,2,0,2,0,0,0,0,0,0,0,0,0,0,0,0,0,0,0,0,0,0,0,0,0,0,0,0,0,0,0,0,0,0,0,0,0,0,0,0,0,0,0,2,2,0,0,0,0,0,0,0,0,0,0,3.2271772621998767,0.0,0.0,0.0,0.0,0.0,2.416799490406086,benign
/bin/bash -c hostname -I,0,0,0,2,0,3,0,0,0,0,0,0,0,0,0,0,0,0,0,0,0,0,0,0,0,0,0,0,0,0,0,0,0,0,0,0,0,0,0,0,0,0,0,0,0,2,2,0,0,0,0,0,0,0,0,0,0,3.2663700844185137,0.0,0.0,0.0,0.0,0.0,2.4320090718903087,benign
/bin/bash -c ls -l example.sh,0,0,0,2,0,2,0,0,0,0,0,0,0,0,0,0,0,0,0,0,0,0,0,0,0,0,0,0,0,0,0,0,0,0,0,0,0,0,0,0,0,0,0,0,0,2,2,0,0,0,0,0,0,0,0,0,0,3.2255200639632453,0.0,0.0,0.0,0.0,0.0,2.333318050946587,benign
/bin/bash -c chmod 755 backup,0,0,0,2,0,2,0,0,0,0,0,0,0,0,0,0,0,0,0,0,0,0,0,0,0,0,0,0,0,0,0,0,0,0,0,0,0,0,0,0,0,0,0,0,0,2,2,0,0,0,0,0,0,0,0,0,0,3.228378640770046,0.0,0.0,0.0,0.0,0.0,2.4774055510121467,benign
/bin/bash -c mkdir ~/projects,0,0,0,2,0,2,0,0,0,0,0,2,0,0,0,0,0,0,0,0,0,0,0,0,0,0,0,0,0,0,0,0,0,0,0,0,0,0,0,0,0,0,0,0,0,2,2,0,0,0,0,0,0,0,0,0,0,3.232289054951113,0.0,0.0,0.0,0.0,0.0,2.6351795506096085,benign
/bin/bash -c ls -l,0,0,0,2,0,2,0,0,0,0,0,0,0,0,0,0,0,0,0,0,0,0,0,0,0,0,0,0,0,0,0,0,0,0,0,0,0,0,0,0,0,0,0,0,0,2,2,0,0,0,0,0,0,0,0,0,0,3.208645974924326,0.0,0.0,0.0,0.0,0.0,1.4911148500551858,benign
/bin/bash -c find / -type f -empty -delete,0,0,0,2,0,2,4,0,0,9,0,1,10,0,0,0,0,0,0,0,0,0,2,0,0,0,0,0,0,0,0,1,3,1,3,1,3,0,0,1,3,0,1,1,0,2,12,0,0,0,0,0,0,0,0,0,0,4.697139786011121,0.0,0.0,0.0,0.0,0.0,2.346298624415442,benign
"gpgv -> /usr/bin/apt-key --quiet --readonly --keyring /usr/share/keyrings/ubuntu-archive-keyring.gpg verify --status-fd 3 /tmp/apt.sig.VVp8MB /tmp/apt.data.Drprqk -> apt-key -> apt-config shell MASTER_KEYRING APT::Key::MasterKeyring -> /usr/bin/dpkg --print-foreign-architectures -> apt-config shell ARCHIVE_KEYRING APT::Key::ArchiveKeyring -> apt-config shell REMOVED_KEYS APT::Key::RemovedKeys -> apt-config shell ARCHIVE_KEYRING_URI APT::Key::ArchiveKeyringURI -> apt-config shell GPGV Apt::Key::gpgvcommand ASSERT_PUBKEY_ALGO Apt::Key::assert-pubkey-algo -> mktemp --directory --tmpdir apt-key-gpghome.XXXXXXXXXX -> chmod 700 /tmp/apt-key-gpghome.OgTwRKzDGo -> gpgv --assert-pubkey-algo=>=rsa1024,ed25519,ed448,nistp256,nistp384, --homedir /tmp/apt-key-gpghome.OgTwRKzDGo --keyring /usr/share/keyrings/ubuntu-archive-keyring.gpg --ignore-time-conflict --status-fd 3 /tmp/apt.sig.VVp8MB /tmp/apt.data.Drprqk -> rm -rf /tmp/apt-key-gpghome.OgTwRKzDGo",1,0,1,0,0,0,4,0,8,0,0,2,2,0,0,0,0,0,0,0,0,1,2,4,4,0,0,0,0,0,0,0,2,0,2,0,0,0,0,0,0,0,0,0,0,0,16,0,0,0,0,1,0,0,0,0,0,4.80588877239569,0.0,0.0,0.0,0.0,0.0,3.3961514003245497,benign
"gpgv -> /usr/bin/apt-key --quiet --readonly --keyring /usr/share/keyrings/ubuntu-archive-keyring.gpg verify --status-fd 3 /tmp/apt.sig.0RzEGo /tmp/apt.data.ms5a7r -> apt-key -> apt-config shell MASTER_KEYRING APT::Key::MasterKeyring -> /usr/bin/dpkg --print-foreign-architectures -> apt-config shell ARCHIVE_KEYRING APT::Key::ArchiveKeyring -> apt-config shell REMOVED_KEYS APT::Key::RemovedKeys -> apt-config shell ARCHIVE_KEYRING_URI APT::Key::ArchiveKeyringURI -> apt-config shell GPGV Apt::Key::gpgvcommand ASSERT_PUBKEY_ALGO Apt::Key::assert-pubkey-algo -> mktemp --directory --tmpdir apt-key-gpghome.XXXXXXXXXX -> chmod 700 /tmp/apt-key-gpghome.uNr0U6g7B9 -> gpgv --assert-pubkey-algo=>=rsa1024,ed25519,ed448,nistp256,nistp384, --homedir /tmp/apt-key-gpghome.uNr0U6g7B9 --keyring /usr/share/keyrings/ubuntu-archive-keyring.gpg --ignore-time-conflict --status-fd 3 /tmp/apt.sig.0RzEGo /tmp/apt.data.ms5a7r -> rm -rf /tmp/apt-key-gpghome.uNr0U6g7B9",1,0,1,0,0,0,4,0,8,0,0,2,2,0,0,0,0,0,0,0,0,1,2,4,4,0,0,0,0,0,0,0,2,0,2,0,0,0,0,0,0,0,0,0,0,0,16,0,0,0,0,1,0,0,0,0,0,4.8057948183607095,0.0,0.0,0.0,0.0,0.0,3.3731848374422,benign
"gpgv -> /usr/bin/apt-key --quiet --readonly --keyring /usr/share/keyrings/ubuntu-archive-keyring.gpg verify --status-fd 3 /tmp/apt.sig.GGcMHF /tmp/apt.data.qMPFaQ -> apt-key -> apt-config shell MASTER_KEYRING APT::Key::MasterKeyring -> /usr/bin/dpkg --print-foreign-architectures -> apt-config shell ARCHIVE_KEYRING APT::Key::ArchiveKeyring -> apt-config shell REMOVED_KEYS APT::Key::RemovedKeys -> apt-config shell ARCHIVE_KEYRING_URI APT::Key::ArchiveKeyringURI -> apt-config shell GPGV Apt::Key::gpgvcommand ASSERT_PUBKEY_ALGO Apt::Key::assert-pubkey-algo -> mktemp --directory --tmpdir apt-key-gpghome.XXXXXXXXXX -> chmod 700 /tmp/apt-key-gpghome.QL2uLGjmwR -> gpgv --assert-pubkey-algo=>=rsa1024,ed25519,ed448,nistp256,nistp384, --homedir /tmp/apt-key-gpghome.QL2uLGjmwR --keyring /usr/share/keyrings/ubuntu-archive-keyring.gpg --ignore-time-conflict --status-fd 3 /tmp/apt.sig.GGcMHF /tmp/apt.data.qMPFaQ -> rm -rf /tmp/apt-key-gpghome.QL2uLGjmwR",2,0,2,0,0,0,4,0,8,0,0,2,2,0,0,0,0,0,0,0,0,2,2,4,4,0,0,0,0,0,0,0,2,0,2,0,0,0,0,0,0,0,0,0,0,0,17,0,0,0,0,1,0,0,0,0,0,4.884659581790416,0.0,0.0,0.0,0.0,0.0,3.410877830563703,benign
"gpgv -> /usr/bin/apt-key --quiet --readonly --keyring /usr/share/keyrings/ubuntu-archive-keyring.gpg verify --status-fd 3 /tmp/apt.sig.fv5BQq /tmp/apt.data.tZE7ET -> apt-key -> apt-config shell MASTER_KEYRING APT::Key::MasterKeyring -> /usr/bin/dpkg --print-foreign-architectures -> apt-config shell ARCHIVE_KEYRING APT::Key::ArchiveKeyring -> apt-config shell REMOVED_KEYS APT::Key::RemovedKeys -> apt-config shell ARCHIVE_KEYRING_URI APT::Key::ArchiveKeyringURI -> apt-config shell GPGV Apt::Key::gpgvcommand ASSERT_PUBKEY_ALGO Apt::Key::assert-pubkey-algo -> mktemp --directory --tmpdir apt-key-gpghome.XXXXXXXXXX -> chmod 700 /tmp/apt-key-gpghome.ZvWCQbZGED -> gpgv --assert-pubkey-algo=>=rsa1024,ed25519,ed448,nistp256,nistp384, --homedir /tmp/apt-key-gpghome.ZvWCQbZGED --keyring /usr/share/keyrings/ubuntu-archive-keyring.gpg --ignore-time-conflict --status-fd 3 /tmp/apt.sig.fv5BQq /tmp/apt.data.tZE7ET -> rm -rf /tmp/apt-key-gpghome.ZvWCQbZGED",0,0,0,0,0,0,4,0,8,0,0,2,2,0,0,0,0,0,0,0,0,0,2,4,4,0,0,0,0,0,0,0,2,0,2,0,0,0,0,0,0,0,0,0,0,0,15,0,0,0,0,1,0,0,0,0,0,4.597402971270302,0.0,0.0,0.0,0.0,0.0,3.41257442940132,benign
"gpgv -> /usr/bin/apt-key --quiet --readonly --keyring /usr/share/keyrings/ubuntu-archive-keyring.gpg verify --status-fd 3 /tmp/apt.sig.01nOec /tmp/apt.data.y1BPwK -> apt-key -> apt-config shell MASTER_KEYRING APT::Key::MasterKeyring -> /usr/bin/dpkg --print-foreign-architectures -> apt-config shell ARCHIVE_KEYRING APT::Key::ArchiveKeyring -> apt-config shell REMOVED_KEYS APT::Key::RemovedKeys -> apt-config shell ARCHIVE_KEYRING_URI APT::Key::ArchiveKeyringURI -> apt-config shell GPGV Apt::Key::gpgvcommand ASSERT_PUBKEY_ALGO Apt::Key::assert-pubkey-algo -> mktemp --directory --tmpdir apt-key-gpghome.XXXXXXXXXX -> chmod 700 /tmp/apt-key-gpghome.bIF0AKdqbC -> gpgv --assert-pubkey-algo=>=rsa1024,ed25519,ed448,nistp256,nistp384, --homedir /tmp/apt-key-gpghome.bIF0AKdqbC --keyring /usr/share/keyrings/ubuntu-archive-keyring.gpg --ignore-time-conflict --status-fd 3 /tmp/apt.sig.01nOec /tmp/apt.data.y1BPwK -> rm -rf /tmp/apt-key-gpghome.bIF0AKdqbC",0,0,0,0,0,0,4,0,8,0,0,2,2,0,0,0,0,0,0,0,0,0,2,4,4,0,0,0,0,0,0,0,2,0,2,0,0,0,0,0,0,0,0,0,0,0,15,0,0,0,0,1,0,0,0,0,0,4.5973211877227005,0.0,0.0,0.0,0.0,0.0,3.396344937495577,benign
"gpgv -> /usr/bin/apt-key --quiet --readonly --keyring /usr/share/keyrings/ubuntu-archive-keyring.gpg verify --status-fd 3 /tmp/apt.sig.J9w0Y4 /tmp/apt.data.MWhJ04 -> apt-key -> apt-config shell MASTER_KEYRING APT::Key::MasterKeyring -> /usr/bin/dpkg --print-foreign-architectures -> apt-config shell ARCHIVE_KEYRING APT::Key::ArchiveKeyring -> apt-config shell REMOVED_KEYS APT::Key::RemovedKeys -> apt-config shell ARCHIVE_KEYRING_URI APT::Key::ArchiveKeyringURI -> apt-config shell GPGV Apt::Key::gpgvcommand ASSERT_PUBKEY_ALGO Apt::Key::assert-pubkey-algo -> mktemp --directory --tmpdir apt-key-gpghome.XXXXXXXXXX -> chmod 700 /tmp/apt-key-gpghome.Vxxs1ZrD04 -> gpgv --assert-pubkey-algo=>=rsa1024,ed25519,ed448,nistp256,nistp384, --homedir /tmp/apt-key-gpghome.Vxxs1ZrD04 --keyring /usr/share/keyrings/ubuntu-archive-keyring.gpg --ignore-time-conflict --status-fd 3 /tmp/apt.sig.J9w0Y4 /tmp/apt.data.MWhJ04 -> rm -rf /tmp/apt-key-gpghome.Vxxs1ZrD04",0,0,0,0,0,0,4,0,8,0,0,2,2,0,0,0,0,0,0,0,0,0,2,4,4,0,0,0,0,0,0,0,2,0,2,0,0,0,0,0,0,0,0,0,0,0,15,0,0,0,0,1,0,0,0,0,0,4.597298748314533,0.0,0.0,0.0,0.0,0.0,3.391892193314922,benign
"gpgv -> /usr/bin/apt-key --quiet --readonly --keyring /usr/share/keyrings/ubuntu-archive-keyring.gpg verify --status-fd 3 /tmp/apt.sig.DLryK2 /tmp/apt.data.DxkWiq -> apt-key -> apt-config shell MASTER_KEYRING APT::Key::MasterKeyring -> /usr/bin/dpkg --print-foreign-architectures -> apt-config shell ARCHIVE_KEYRING APT::Key::ArchiveKeyring -> apt-config shell REMOVED_KEYS APT::Key::RemovedKeys -> apt-config shell ARCHIVE_KEYRING_URI APT::Key::ArchiveKeyringURI -> apt-config shell GPGV Apt::Key::gpgvcommand ASSERT_PUBKEY_ALGO Apt::Key::assert-pubkey-algo -> mktemp --directory --tmpdir apt-key-gpghome.XXXXXXXXXX -> chmod 700 /tmp/apt-key-gpghome.xsgbRvg2XE -> gpgv --assert-pubkey-algo=>=rsa1024,ed25519,ed448,nistp256,nistp384, --homedir /tmp/apt-key-gpghome.xsgbRvg2XE --keyring /usr/share/keyrings/ubuntu-archive-keyring.gpg --ignore-time-conflict --status-fd 3 /tmp/apt.sig.DLryK2 /tmp/apt.data.DxkWiq -> rm -rf /tmp/apt-key-gpghome.xsgbRvg2XE",5,0,5,0,0,0,4,0,8,0,0,2,2,0,0,0,0,0,0,0,0,5,2,4,4,0,0,0,0,0,0,0,2,0,2,0,0,0,0,0,0,0,0,0,0,0,20,0,0,0,0,1,0,0,0,0,0,5.089190203151991,0.0,0.0,0.0,0.0,0.0,3.3768249719113115,benign
"gpgv -> /usr/bin/apt-key --quiet --readonly --keyring /usr/share/keyrings/ubuntu-archive-keyring.gpg verify --status-fd 3 /tmp/apt.sig.MrQ4Nz /tmp/apt.data.ZuRfpR -> apt-key -> apt-config shell MASTER_KEYRING APT::Key::MasterKeyring -> /usr/bin/dpkg --print-foreign-architectures -> apt-config shell ARCHIVE_KEYRING APT::Key::ArchiveKeyring -> apt-config shell REMOVED_KEYS APT::Key::RemovedKeys -> apt-config shell ARCHIVE_KEYRING_URI APT::Key::ArchiveKeyringURI -> apt-config shell GPGV Apt::Key::gpgvcommand ASSERT_PUBKEY_ALGO Apt::Key::assert-pubkey-algo -> mktemp --directory --tmpdir apt-key-gpghome.XXXXXXXXXX -> chmod 700 /tmp/apt-key-gpghome.HIOdlXM56s -> gpgv --assert-pubkey-algo=>=rsa1024,ed25519,ed448,nistp256,nistp384, --homedir /tmp/apt-key-gpghome.HIOdlXM56s --keyring /usr/share/keyrings/ubuntu-archive-keyring.gpg --ignore-time-conflict --status-fd 3 /tmp/apt.sig.MrQ4Nz /tmp/apt.data.ZuRfpR -> rm -rf /tmp/apt-key-gpghome.HIOdlXM56s",0,0,0,0,0,0,4,0,8,0,0,2,2,0,0,0,0,0,0,0,0,0,2,4,4,0,0,0,0,0,0,0,2,0,2,0,0,0,0,0,0,0,0,0,0,0,15,0,0,0,0,1,0,0,0,0,0,4.597304121119866,0.0,0.0,0.0,0.0,0.0,3.392958332107706,benign
"gpgv -> /usr/bin/apt-key --quiet --readonly --keyring /usr/share/keyrings/ubuntu-archive-keyring.gpg verify --status-fd 3 /tmp/apt.sig.VSd7IF /tmp/apt.data.7o7hFA -> apt-key -> apt-config shell MASTER_KEYRING APT::Key::MasterKeyring -> /usr/bin/dpkg --print-foreign-architectures -> apt-config shell ARCHIVE_KEYRING APT::Key::ArchiveKeyring -> apt-config shell REMOVED_KEYS APT::Key::RemovedKeys -> apt-config shell ARCHIVE_KEYRING_URI APT::Key::ArchiveKeyringURI -> apt-config shell GPGV Apt::Key::gpgvcommand ASSERT_PUBKEY_ALGO Apt::Key::assert-pubkey-algo -> mktemp --directory --tmpdir apt-key-gpghome.XXXXXXXXXX -> chmod 700 /tmp/apt-key-gpghome.4ERehUl6Ww -> gpgv --assert-pubkey-algo=>=rsa1024,ed25519,ed448,nistp256,nistp384, --homedir /tmp/apt-key-gpghome.4ERehUl6Ww --keyring /usr/share/keyrings/ubuntu-archive-keyring.gpg --ignore-time-conflict --status-fd 3 /tmp/apt.sig.VSd7IF /tmp/apt.data.7o7hFA -> rm -rf /tmp/apt-key-gpghome.4ERehUl6Ww",0,0,0,0,0,0,4,0,8,0,0,2,2,0,0,0,0,0,0,0,0,0,2,4,4,0,0,0,0,0,0,0,2,0,2,0,0,0,0,0,0,0,0,0,0,0,15,0,0,0,0,1,0,0,0,0,0,4.5973612161184105,0.0,0.0,0.0,0.0,0.0,3.4042881850106284,benign
"gpgv -> /usr/bin/apt-key --quiet --readonly --keyring /usr/share/keyrings/ubuntu-archive-keyring.gpg verify --status-fd 3 /tmp/apt.sig.pI5UzJ /tmp/apt.data.iyMxhU -> apt-key -> apt-config shell MASTER_KEYRING APT::Key::MasterKeyring -> /usr/bin/dpkg --print-foreign-architectures -> apt-config shell ARCHIVE_KEYRING APT::Key::ArchiveKeyring -> apt-config shell REMOVED_KEYS APT::Key::RemovedKeys -> apt-config shell ARCHIVE_KEYRING_URI APT::Key::ArchiveKeyringURI -> apt-config shell GPGV Apt::Key::gpgvcommand ASSERT_PUBKEY_ALGO Apt::Key::assert-pubkey-algo -> mktemp --directory --tmpdir apt-key-gpghome.XXXXXXXXXX -> chmod 700 /tmp/apt-key-gpghome.KvJSjSgMJe -> gpgv --assert-pubkey-algo=>=rsa1024,ed25519,ed448,nistp256,nistp384, --homedir /tmp/apt-key-gpghome.KvJSjSgMJe --keyring /usr/share/keyrings/ubuntu-archive-keyring.gpg --ignore-time-conflict --status-fd 3 /tmp/apt.sig.pI5UzJ /tmp/apt.data.iyMxhU -> rm -rf /tmp/apt-key-gpghome.KvJSjSgMJe",0,0,0,0,0,0,4,0,8,0,0,2,2,0,0,0,0,0,0,0,0,0,2,4,4,0,0,0,0,0,0,0,2,0,2,0,0,0,0,0,0,0,0,0,0,0,15,0,0,0,0,1,0,0,0,0,0,4.597269117329006,0.0,0.0,0.0,0.0,0.0,3.3860125478993783,benign
"gpgv -> /usr/bin/apt-key --quiet --readonly --keyring /usr/share/keyrings/ubuntu-archive-keyring.gpg verify --status-fd 3 /tmp/apt.sig.LhE8io /tmp/apt.data.XYn23L -> apt-key -> apt-config shell MASTER_KEYRING APT::Key::MasterKeyring -> /usr/bin/dpkg --print-foreign-architectures -> apt-config shell ARCHIVE_KEYRING APT::Key::ArchiveKeyring -> apt-config shell REMOVED_KEYS APT::Key::RemovedKeys -> apt-config shell ARCHIVE_KEYRING_URI APT::Key::ArchiveKeyringURI -> apt-config shell GPGV Apt::Key::gpgvcommand ASSERT_PUBKEY_ALGO Apt::Key::assert-pubkey-algo -> mktemp --directory --tmpdir apt-key-gpghome.XXXXXXXXXX -> chmod 700 /tmp/apt-key-gpghome.WSmAigF9Fu -> gpgv --assert-pubkey-algo=>=rsa1024,ed25519,ed448,nistp256,nistp384, --homedir /tmp/apt-key-gpghome.WSmAigF9Fu --keyring /usr/share/keyrings/ubuntu-archive-keyring.gpg --ignore-time-conflict --status-fd 3 /tmp/apt.sig.LhE8io /tmp/apt.data.XYn23L -> rm -rf /tmp/apt-key-gpghome.WSmAigF9Fu",0,0,0,0,0,0,4,0,8,0,0,2,2,0,0,0,0,0,0,0,0,0,2,4,4,0,0,0,0,0,0,0,2,0,2,0,0,0,0,0,0,0,0,0,0,0,15,0,0,0,0,1,0,0,0,0,0,4.597212536503412,0.0,0.0,0.0,0.0,0.0,3.3747857579038345,benign
"gpgv -> /usr/bin/apt-key --quiet --readonly --keyring /usr/share/keyrings/ubuntu-archive-keyring.gpg verify --status-fd 3 /tmp/apt.sig.gY2lf2 /tmp/apt.data.3jgqDx -> apt-key -> apt-config shell MASTER_KEYRING APT::Key::MasterKeyring -> /usr/bin/dpkg --print-foreign-architectures -> apt-config shell ARCHIVE_KEYRING APT::Key::ArchiveKeyring -> apt-config shell REMOVED_KEYS APT::Key::RemovedKeys -> apt-config shell ARCHIVE_KEYRING_URI APT::Key::ArchiveKeyringURI -> apt-config shell GPGV Apt::Key::gpgvcommand ASSERT_PUBKEY_ALGO Apt::Key::assert-pubkey-algo -> mktemp --directory --tmpdir apt-key-gpghome.XXXXXXXXXX -> chmod 700 /tmp/apt-key-gpghome.JkIGP80l8I -> gpgv --assert-pubkey-algo=>=rsa1024,ed25519,ed448,nistp256,nistp384, --homedir /tmp/apt-key-gpghome.JkIGP80l8I --keyring /usr/share/keyrings/ubuntu-archive-keyring.gpg --ignore-time-conflict --status-fd 3 /tmp/apt.sig.gY2lf2 /tmp/apt.data.3jgqDx -> rm -rf /tmp/apt-key-gpghome.JkIGP80l8I",0,0,0,0,0,0,4,0,8,0,0,2,2,0,0,0,0,0,0,0,0,0,2,4,4,0,0,0,0,0,0,0,2,0,2,0,0,0,0,0,0,0,0,0,0,0,15,0,0,0,0,1,0,0,0,0,0,4.59729123725818,0.0,0.0,0.0,0.0,0.0,3.390401765787715,benign
